"Class","Species","Sex","AFR","Category","L50_NP","L50_NP_IC","L50_Par","L50_Par_IC","L90_NP","L90_NP_IC","L90_Par","L90_Par_IC","N"
"Mammalia","Acinonyx jubatus","Male",2,"B",11.1,"[11.1--11.2]",NA,NA,15.4,"[15.3--15.4]",NA,NA,1888
"Mammalia","Acinonyx jubatus","All",2.1,"B",11.1,"[11.1--11.2]",NA,NA,15.6,"[15.5--15.6]",NA,NA,3730
"Mammalia","Acomys dimidiatus","Female",0.3,"B",2.2,"[2.2--2.3]",NA,NA,5.5,"[5.4--5.6]",NA,NA,224
"Mammalia","Acrobates pygmaeus","All",0.3,"B",4.2,"[4.2--4.3]",NA,NA,8.4,"[8.4--8.5]",NA,NA,1668
"Mammalia","Aepyceros melampus","Female",1.5,"B",9.9,"[9.8--10]",NA,NA,16.1,"[16--16.1]",NA,NA,1642
"Mammalia","Aepyceros melampus","All",1.3,"B",8.3,"[8.3--8.4]",NA,NA,15.7,"[15.6--15.7]",NA,NA,2779
"Mammalia","Ammotragus lervia","Male",1.6,"B",11.8,"[11.8--11.9]",NA,NA,21,"[20.9--21.1]",NA,NA,2952
"Mammalia","Ammotragus lervia","Female",1.2,"B",10.9,"[10.9--11]",NA,NA,18.6,"[18.6--18.7]",NA,NA,3440
"Mammalia","Antilocapra americana","Male",1.4,"B",5.5,"[5.4--5.5]",NA,NA,14,"[13.7--14.1]",NA,NA,312
"Mammalia","Antilocapra americana","All",1.9,"B",6.1,"[6--6.1]",NA,NA,14.2,"[14.1--14.4]",NA,NA,645
"Mammalia","Antilope cervicapra","Male",1.1,"B",5.3,"[5.3--5.4]",NA,NA,12.9,"[12.9--13]",NA,NA,3874
"Mammalia","Antilope cervicapra","Female",1,"B",8.1,"[8.1--8.2]",NA,NA,15.9,"[15.9--16]",NA,NA,5569
"Mammalia","Antilope cervicapra","All",0.9,"B",6.6,"[6.6--6.7]",NA,NA,14.8,"[14.7--14.8]",NA,NA,10405
"Mammalia","Apodemus argenteus","Male",0.2,"B",3,"[2.9--3.3]",NA,NA,5.2,"[5.1--5.2]",NA,NA,30
"Mammalia","Apodemus speciosus","Female",0.2,"B",2.4,"[2.2--2.6]",NA,NA,3.8,"[3.6--3.9]",NA,NA,43
"Mammalia","Apodemus speciosus","All",0.2,"B",2.8,"[2.8--2.9]",NA,NA,3.7,"[3.6--3.7]",NA,NA,147
"Mammalia","Arctogalidia trivirgata","All",3,"B",10,"[9.2--10.2]",NA,NA,15.4,"[14.2--16]",NA,NA,45
"Mammalia","Artibeus jamaicensis","Female",0.9,"B",6.9,"[6.8--7]",NA,NA,18.2,"[18.1--18.2]",NA,NA,245
"Mammalia","Arvicola amphibius","Male",0.5,"B",1.8,"[1.7--1.8]",NA,NA,2.9,"[2.8--2.9]",NA,NA,338
"Mammalia","Arvicola amphibius","Female",0.5,"B",1.8,"[1.8--1.9]",NA,NA,3,"[2.9--3]",NA,NA,301
"Mammalia","Arvicola amphibius","All",0.5,"B",1.8,"[1.7--1.8]",NA,NA,2.9,"[2.8--2.9]",NA,NA,639
"Mammalia","Atelerix albiventris","Female",0.3,"B",3.8,"[3.8--3.9]",NA,NA,5.9,"[5.9--6]",NA,NA,1319
"Mammalia","Atelerix albiventris","All",0.3,"B",3.8,"[3.7--3.8]",NA,NA,5.8,"[5.7--5.8]",NA,NA,2673
"Mammalia","Axis axis","Male",1.4,"B",8,"[7.9--8]",NA,NA,15.3,"[15.2--15.4]",NA,NA,2153
"Mammalia","Axis axis","Female",1.2,"B",11.1,"[11--11.1]",NA,NA,24.3,"[24.2--29.5]",NA,NA,3155
"Mammalia","Axis axis","All",1.1,"B",9.4,"[9.4--9.5]",NA,NA,23,"[22.9--23]",NA,NA,6121
"Mammalia","Babyrousa celebensis","Male",2.6,"B",12.1,"[12--12.5]",NA,NA,18.7,"[18.7--18.8]",NA,NA,85
"Mammalia","Bassariscus astutus","Male",0.8,"B",12.5,"[12.3--13.1]",NA,NA,15.7,"[15.5--16.2]",NA,NA,60
"Mammalia","Bettongia penicillata","Male",0.5,"B",7.3,"[7.3--7.4]",NA,NA,14.5,"[14.5--14.6]",NA,NA,728
"Mammalia","Bos grunniens","All",1.7,"B",14.4,"[14.3--14.4]",NA,NA,23.3,"[23.2--23.3]",NA,NA,1712
"Mammalia","Bos taurus","All",1.6,"B",14.5,"[14.5--14.6]",NA,NA,23.4,"[23.4--23.5]",NA,NA,5582
"Mammalia","Boselaphus tragocamelus","All",1.6,"B",10.8,"[10.7--10.8]",NA,NA,19.3,"[19.2--19.4]",NA,NA,2320
"Mammalia","Bubalus arnee","Female",2.2,"B",19.5,"[18.8--20.6]",NA,NA,25.7,"[24.8--26]",NA,NA,43
"Mammalia","Callithrix jacchus","Male",1.3,"B",7.9,"[7.8--7.9]",NA,NA,22.8,"[22.3--22.9]",NA,NA,2228
"Mammalia","Callithrix jacchus","Female",1.4,"B",6.6,"[6.5--6.6]",NA,NA,22.6,"[22.5--22.6]",NA,NA,1948
"Mammalia","Callithrix jacchus","All",1.2,"B",7.1,"[7--7.2]",NA,NA,22.9,"[22.8--23.3]",NA,NA,4671
"Mammalia","Callithrix penicillata","Male",1.5,"B",8,"[7.9--8.1]",NA,NA,19.8,"[19--19.9]",NA,NA,192
"Mammalia","Callithrix penicillata","All",1.4,"B",7,"[7--7.2]",NA,NA,21.8,"[20.7--22.5]",NA,NA,420
"Mammalia","Canis lupus","Male",1,"B",11.8,"[11.7--11.8]",NA,NA,16.9,"[16.8--16.9]",NA,NA,4327
"Mammalia","Canis lupus","Female",1,"B",11.5,"[11.5--11.6]",NA,NA,17.6,"[17.5--17.7]",NA,NA,4060
"Mammalia","Canis lupus","All",1,"B",11.6,"[11.6--11.7]",NA,NA,17.2,"[17.1--17.3]",NA,NA,8519
"Mammalia","Capra aegagrus","All",0.7,"B",7.6,"[7.6--7.7]",NA,NA,13.9,"[13.8--13.9]",NA,NA,1322
"Mammalia","Capra hircus","Male",0.7,"B",9.9,"[9.9--10]",NA,NA,16.1,"[16--16.1]",NA,NA,9490
"Mammalia","Capra hircus","Female",0.8,"B",10.3,"[10.3--10.4]",NA,NA,15.8,"[15.8--15.9]",NA,NA,15064
"Mammalia","Capra hircus","All",0.7,"B",10.1,"[10.1--10.2]",NA,NA,15.9,"[15.9--16]",NA,NA,25496
"Mammalia","Cavia magna","Female",0.4,"B",2.8,"[2.7--2.9]",NA,NA,11.9,"[11.8--12.4]",NA,NA,176
"Mammalia","Cavia porcellus","Female",0.3,"B",4.5,"[4.5--4.6]",NA,NA,7.1,"[7.1--7.2]",NA,NA,3300
"Mammalia","Cavia porcellus","All",0.2,"B",4.4,"[4.4--4.5]",NA,NA,7.2,"[7.2--7.3]",NA,NA,5440
"Mammalia","Cebuella pygmaea","All",1.2,"B",6.7,"[6.7--6.8]",NA,NA,15.1,"[15--15.1]",NA,NA,3754
"Mammalia","Cercocebus atys","Female",3.6,"B",19.9,"[17.9--22.8]",NA,NA,27.9,"[27.7--28.2]",NA,NA,33
"Mammalia","Cercocebus atys","All",3.6,"B",18.9,"[18.4--19.2]",NA,NA,28,"[27.7--28.1]",NA,NA,59
"Mammalia","Cercopithecus ascanius","Female",3.7,"B",17.1,"[16.9--17.3]",NA,NA,25.6,"[25.3--25.8]",NA,NA,81
"Mammalia","Cervus canadensis","All",1.8,"B",15.1,"[15--15.1]",NA,NA,23.2,"[23.1--23.2]",NA,NA,2428
"Mammalia","Cricetus cricetus","Male",0.8,"B",2.4,"[2.4--2.5]",NA,NA,3.2,"[3.1--3.2]",NA,NA,1753
"Mammalia","Cricetus cricetus","Female",0.9,"B",2.5,"[2.4--2.5]",NA,NA,3.7,"[3.7--3.8]",NA,NA,1647
"Mammalia","Cricetus cricetus","All",0.8,"B",2.4,"[2.4--2.5]",NA,NA,3.4,"[3.3--3.5]",NA,NA,3561
"Mammalia","Cryptoprocta ferox","Female",3.2,"B",20.7,"[20.6--20.8]",NA,NA,23.4,"[23.3--23.5]",NA,NA,88
"Mammalia","Ctenodactylus gundi","Male",0.4,"B",3.1,"[3--3.1]",NA,NA,7.4,"[7.3--7.5]",NA,NA,358
"Mammalia","Ctenodactylus gundi","All",0.5,"B",3.4,"[3.3--3.4]",NA,NA,7.6,"[7.5--7.8]",NA,NA,687
"Mammalia","Cynomys ludovicianus","All",0.9,"B",5.8,"[5.7--5.8]",NA,NA,14.4,"[14.3--14.4]",NA,NA,3557
"Mammalia","Dama dama","Female",1.2,"B",12.9,"[12.8--12.9]",NA,NA,26.2,"[26--26.8]",NA,NA,4043
"Mammalia","Dama dama","All",1.1,"B",10.6,"[10.6--10.7]",NA,NA,23.4,"[23.3--23.4]",NA,NA,7709
"Mammalia","Dasyuroides byrnei","All",0.7,"B",4.1,"[4.1--4.2]",NA,NA,6,"[5.9--6.1]",NA,NA,942
"Mammalia","Dasyurus hallucatus","Male",0.8,"B",1.4,"[1.3--1.4]",NA,NA,3.4,"[3.4--3.5]",NA,NA,135
"Mammalia","Dasyurus viverrinus","Male",0.8,"B",3.7,"[3.7--3.8]",NA,NA,5.1,"[5--5.1]",NA,NA,387
"Mammalia","Dasyurus viverrinus","Female",0.9,"B",3.9,"[3.9--4]",NA,NA,5.2,"[5.1--5.2]",NA,NA,362
"Mammalia","Dasyurus viverrinus","All",0.8,"B",3.9,"[3.8--3.9]",NA,NA,5.2,"[5.1--5.2]",NA,NA,771
"Mammalia","Dendrolagus inustus","All",1.7,"B",6.9,"[6.3--7]",NA,NA,12.7,"[12.7--12.8]",NA,NA,37
"Mammalia","Dolichotis patagonum","All",0.6,"B",4.8,"[4.7--4.8]",NA,NA,14.1,"[14.1--14.2]",NA,NA,7218
"Mammalia","Eira barbara","Female",2.8,"B",11.7,"[11.5--11.8]",NA,NA,18.3,"[16.9--18.7]",NA,NA,55
"Mammalia","Eira barbara","All",2.9,"B",12.1,"[11.8--12.2]",NA,NA,18.3,"[16.9--18.7]",NA,NA,106
"Mammalia","Eliomys quercinus","Male",0.7,"B",2.7,"[2.5--2.8]",NA,NA,4.8,"[4.7--4.9]",NA,NA,127
"Mammalia","Epomophorus wahlbergi","All",0.7,"B",2.4,"[2.3--2.6]",NA,NA,4.5,"[4.4--4.5]",NA,NA,31
"Mammalia","Eulemur coronatus","Male",2.1,"B",18.1,"[18--18.3]",NA,NA,25.5,"[24.7--26.2]",NA,NA,160
"Mammalia","Eulemur fulvus","Female",2,"B",22.4,"[22.1--22.5]",NA,NA,36.4,"[36.4--36.5]",NA,NA,314
"Mammalia","Felis nigripes","Male",1,"B",4.5,"[4.4--4.6]",NA,NA,13.8,"[13.6--13.9]",NA,NA,204
"Mammalia","Felis nigripes","Female",1,"B",3.7,"[3.6--3.7]",NA,NA,11.6,"[11.3--11.7]",NA,NA,204
"Mammalia","Felis nigripes","All",0.9,"B",4.1,"[4--4.1]",NA,NA,13.3,"[13.3--13.4]",NA,NA,419
"Mammalia","Galago moholi","Female",0.9,"B",7.5,"[7.4--7.6]",NA,NA,11.7,"[11.6--11.9]",NA,NA,206
"Mammalia","Galago senegalensis","All",1,"B",7.2,"[7.1--7.2]",NA,NA,13.4,"[13.3--13.4]",NA,NA,1194
"Mammalia","Gazella arabica","Female",1.4,"B",8.6,"[8.5--8.6]",NA,NA,17.7,"[17.6--17.7]",NA,NA,1645
"Mammalia","Gazella arabica","All",1.1,"B",6.6,"[6.6--6.7]",NA,NA,14.8,"[14.8--14.9]",NA,NA,3274
"Mammalia","Gazella gazella","All",0.1,"B",10.9,"[10.8--10.9]",NA,NA,14.4,"[14.3--14.4]",NA,NA,2923
"Mammalia","Gazella marica","Female",1.1,"B",7.8,"[7.7--7.8]",NA,NA,13.7,"[13.7--13.8]",NA,NA,4294
"Mammalia","Gazella marica","All",1,"B",6.6,"[6.5--6.6]",NA,NA,13.9,"[13.8--13.9]",NA,NA,9732
"Mammalia","Genetta genetta","Male",2.1,"B",13.3,"[13.1--13.7]",NA,NA,20,"[19.1--20.2]",NA,NA,73
"Mammalia","Gerbillus perpallidus","Female",0.6,"B",3.7,"[3.7--3.8]",NA,NA,7.6,"[7.6--7.7]",NA,NA,123
"Mammalia","Glaucomys volans","Male",0.9,"B",8.9,"[8.6--9]",NA,NA,13.5,"[13.4--13.9]",NA,NA,53
"Mammalia","Glaucomys volans","Female",0.9,"B",8.9,"[8.8--8.9]",NA,NA,13.5,"[12.6--14.9]",NA,NA,46
"Mammalia","Graphiurus murinus","Male",0.5,"B",5.5,"[5.4--5.6]",NA,NA,7.7,"[7.6--7.9]",NA,NA,87
"Mammalia","Gulo gulo","Male",3,"B",14.7,"[14.6--14.8]",NA,NA,17.5,"[17.4--18]",NA,NA,113
"Mammalia","Hapalemur alaotrensis","Male",2.4,"B",10.7,"[10.3--11.1]",NA,NA,18.7,"[18.5--18.8]",NA,NA,91
"Mammalia","Herpailurus yagouaroundi","All",1.2,"B",12.7,"[12.6--12.7]",NA,NA,17.6,"[17.3--18.4]",NA,NA,292
"Mammalia","Hydrochoerus hydrochaeris","Female",1.2,"B",7.4,"[7.3--7.4]",NA,NA,12.4,"[12.4--12.5]",NA,NA,2447
"Mammalia","Hydrochoerus hydrochaeris","All",1.1,"B",6.9,"[6.9--7]",NA,NA,12.4,"[12.4--12.5]",NA,NA,4962
"Mammalia","Ictonyx striatus","All",1,"B",7,"[6.9--7.1]",NA,NA,10.6,"[10.3--11.7]",NA,NA,31
"Mammalia","Kobus kob","Male",2.2,"B",6,"[5.8--6.7]",NA,NA,12,"[11.7--12.2]",NA,NA,50
"Mammalia","Kobus leche","Female",1.7,"B",13.1,"[13--13.1]",NA,NA,20.6,"[20.6--20.7]",NA,NA,1807
"Mammalia","Kobus leche","All",1.3,"B",10.3,"[10.3--10.4]",NA,NA,19.9,"[19.8--20]",NA,NA,3328
"Mammalia","Lagostrophus fasciatus","Female",1,"B",4.7,"[4.6--4.8]",NA,NA,10.8,"[10.2--11]",NA,NA,47
"Mammalia","Lagurus lagurus","Female",0.1,"B",1,"[0.9--1.1]",NA,NA,1.9,"[1.9--2]",NA,NA,52
"Mammalia","Lama glama","All",1.5,"B",16.9,"[16.9--17]",NA,NA,27.3,"[27.2--28]",NA,NA,5514
"Mammalia","Lasiopodomys brandtii","All",0.2,"B",1.8,"[1.7--1.9]",NA,NA,2.1,"[2.1--2.2]",NA,NA,59
"Mammalia","Lemniscomys striatus","Male",0.2,"B",1.3,"[1.2--1.3]",NA,NA,2.5,"[2.4--2.5]",NA,NA,68
"Mammalia","Lemniscomys striatus","Female",0.5,"B",1.2,"[1.2--1.3]",NA,NA,2.4,"[2.4--2.5]",NA,NA,78
"Mammalia","Lemniscomys striatus","All",0.2,"B",1.2,"[1.2--1.3]",NA,NA,2.5,"[2.4--2.5]",NA,NA,168
"Mammalia","Leontopithecus rosalia","All",1.9,"B",12.4,"[12.3--12.4]",NA,NA,19.9,"[19.8--19.9]",NA,NA,1926
"Mammalia","Leopardus pardalis","Male",1.9,"B",17.9,"[17.8--17.9]",NA,NA,23.6,"[23.3--23.7]",NA,NA,361
"Mammalia","Leopardus pardalis","All",1.8,"B",18.2,"[18.1--18.3]",NA,NA,23.9,"[23.8--23.9]",NA,NA,705
"Mammalia","Lophocebus aterrimus","All",3.9,"B",22.3,"[21.7--22.4]",NA,NA,31.2,"[31.2--31.4]",NA,NA,112
"Mammalia","Loris lydekkerianus","Male",1,"B",9.9,"[9.8--9.9]",NA,NA,15.5,"[15.5--15.6]",NA,NA,63
"Mammalia","Lutra lutra","All",1.8,"B",11.7,"[11.4--11.9]",NA,NA,18.2,"[18.2--18.3]",NA,NA,710
"Mammalia","Lycaon pictus","Female",1.2,"B",9,"[9--9.1]",NA,NA,12.6,"[12.6--12.7]",NA,NA,1160
"Mammalia","Lycaon pictus","All",1.2,"B",9.6,"[9.5--9.6]",NA,NA,12.9,"[12.9--13]",NA,NA,2506
"Mammalia","Lynx canadensis","Male",2,"B",15.5,"[15.3--15.7]",NA,NA,20.3,"[20.2--20.6]",NA,NA,159
"Mammalia","Lynx lynx","Female",1.6,"B",16.8,"[16.8--16.9]",NA,NA,22.9,"[22.8--23.1]",NA,NA,818
"Mammalia","Macaca fuscata","All",3,"B",20.6,"[20.6--20.7]",NA,NA,34.6,"[34.5--34.6]",NA,NA,2330
"Mammalia","Macrotis lagotis","Male",0.7,"B",5,"[4.9--5]",NA,NA,7.4,"[7.2--7.4]",NA,NA,515
"Mammalia","Macrotis lagotis","Female",0.5,"B",5.7,"[5.7--5.8]",NA,NA,8.7,"[8.6--8.8]",NA,NA,500
"Mammalia","Macrotis lagotis","All",0.5,"B",5.3,"[5.2--5.4]",NA,NA,8.3,"[8.3--8.5]",NA,NA,1065
"Mammalia","Mandrillus leucophaeus","Male",6.8,"B",17,"[16.9--17.1]",NA,NA,24.6,"[23.8--24.9]",NA,NA,96
"Mammalia","Marmota marmota","Male",1.9,"B",11.5,"[10.9--12.6]",NA,NA,15,"[14.7--15.1]",NA,NA,110
"Mammalia","Marmota marmota","All",1.8,"B",9.4,"[9.3--9.4]",NA,NA,15.1,"[15.1--15.2]",NA,NA,305
"Mammalia","Marmota vancouverensis","All",1.9,"B",8.9,"[8.7--9]",NA,NA,10.8,"[10.4--11.3]",NA,NA,117
"Mammalia","Mazama americana","Male",1,"B",6.6,"[6.4--7]",NA,NA,11.4,"[11.2--11.7]",NA,NA,41
"Mammalia","Mazama americana","All",1,"B",8.1,"[8--8.3]",NA,NA,18.7,"[17.1--19.4]",NA,NA,101
"Mammalia","Meriones unguiculatus","All",0.5,"B",3.4,"[3.4--3.5]",NA,NA,6.4,"[6.4--6.5]",NA,NA,458
"Mammalia","Mesocricetus auratus","All",0.3,"B",2.1,"[2--2.1]",NA,NA,3.8,"[3.7--3.9]",NA,NA,318
"Mammalia","Mesocricetus brandti","All",0.1,"B",1.7,"[1.5--1.8]",NA,NA,2.6,"[2.6--2.7]",NA,NA,34
"Mammalia","Microcebus murinus","Male",0.8,"B",8.3,"[8.3--8.4]",NA,NA,14,"[13.9--14.3]",NA,NA,661
"Mammalia","Microcebus murinus","Female",0.8,"B",8.6,"[8.5--8.7]",NA,NA,14.7,"[14.6--14.7]",NA,NA,578
"Mammalia","Microcebus murinus","All",0.8,"B",8.4,"[8.4--8.5]",NA,NA,14.4,"[14.4--14.5]",NA,NA,1261
"Mammalia","Micromys minutus","Male",0.4,"B",2.3,"[2.2--2.3]",NA,NA,7.2,"[7--7.6]",NA,NA,227
"Mammalia","Monodelphis domestica","All",0.4,"B",3.1,"[3.1--3.2]",NA,NA,4.3,"[4.2--4.3]",NA,NA,626
"Mammalia","Mus minutoides","All",0.1,"B",0.7,"[0.6--0.8]",NA,NA,2.4,"[2.3--2.4]",NA,NA,369
"Mammalia","Mus musculus","Female",0.1,"B",1.6,"[1.5--1.6]",NA,NA,3.4,"[3.3--3.4]",NA,NA,498
"Mammalia","Mus musculus","All",0.1,"B",1.7,"[1.6--1.7]",NA,NA,4.6,"[4.6--4.7]",NA,NA,734
"Mammalia","Mustela nigripes","Male",1,"B",5.7,"[5.7--5.8]",NA,NA,7.5,"[7.4--7.5]",NA,NA,930
"Mammalia","Mustela putorius","Male",0.9,"B",6,"[6--6.1]",NA,NA,8,"[8--8.1]",NA,NA,1432
"Mammalia","Mustela putorius","Female",0.6,"B",6.5,"[6.4--6.5]",NA,NA,9,"[9--9.1]",NA,NA,1397
"Mammalia","Mustela putorius","All",0.6,"B",6.3,"[6.2--6.3]",NA,NA,8.7,"[8.7--8.8]",NA,NA,2934
"Mammalia","Myocastor coypus","Male",0.4,"B",1.9,"[1.8--1.9]",NA,NA,5.6,"[5.6--5.7]",NA,NA,487
"Mammalia","Nanger granti","Female",1.1,"B",6.9,"[6.8--7]",NA,NA,16.8,"[16.2--16.9]",NA,NA,384
"Mammalia","Nanger granti","All",1.2,"B",6.4,"[6.3--6.5]",NA,NA,16.4,"[16.2--16.9]",NA,NA,661
"Mammalia","Nanger soemmerringii","All",1.5,"B",6.1,"[6--6.1]",NA,NA,13.7,"[13.5--13.8]",NA,NA,447
"Mammalia","Nasua narica","Female",1.6,"B",14.4,"[14.3--14.5]",NA,NA,18.8,"[18.7--18.8]",NA,NA,298
"Mammalia","Nasua nasua","Male",1.6,"B",10.2,"[10.1--10.2]",NA,NA,16.9,"[16.7--17.3]",NA,NA,1165
"Mammalia","Nasua nasua","Female",1,"B",11.1,"[11.1--11.2]",NA,NA,16.7,"[16.7--16.8]",NA,NA,1748
"Mammalia","Nasua nasua","All",1,"B",10.6,"[10.5--10.6]",NA,NA,16.9,"[16.8--16.9]",NA,NA,3147
"Mammalia","Neotoma floridana","Female",0.3,"B",5,"[4.8--5.1]",NA,NA,7.1,"[6.8--7.5]",NA,NA,44
"Mammalia","Notamacropus agilis","Female",0.7,"B",5.8,"[5.7--5.9]",NA,NA,22,"[21.8--22]",NA,NA,326
"Mammalia","Notamacropus agilis","All",0.8,"B",5.1,"[5.1--5.2]",NA,NA,22,"[21.8--22]",NA,NA,656
"Mammalia","Notamacropus parma","All",0.6,"B",5.4,"[5.3--5.4]",NA,NA,10.7,"[10.6--10.7]",NA,NA,2732
"Mammalia","Notamacropus rufogriseus","Male",0.9,"B",5.7,"[5.7--5.8]",NA,NA,13.6,"[13.5--13.6]",NA,NA,5476
"Mammalia","Notamacropus rufogriseus","Female",0.7,"B",6.5,"[6.5--6.6]",NA,NA,14,"[14--14.1]",NA,NA,5826
"Mammalia","Notamacropus rufogriseus","All",0.6,"B",5.9,"[5.8--5.9]",NA,NA,14,"[13.9--14]",NA,NA,13025
"Mammalia","Nyctereutes procyonoides","Male",1,"B",8.9,"[8.8--9.1]",NA,NA,11.1,"[11--11.1]",NA,NA,277
"Mammalia","Octodon degus","All",0.3,"B",4.1,"[4.1--4.2]",NA,NA,9,"[8.9--9]",NA,NA,1383
"Mammalia","Onychogalea fraenata","Male",0.6,"B",4.8,"[4.7--4.8]",NA,NA,8.8,"[8.5--9]",NA,NA,78
"Mammalia","Oryx beisa","Male",2.3,"B",12,"[11.9--12]",NA,NA,19.8,"[19.5--20.3]",NA,NA,595
"Mammalia","Oryx beisa","Female",1.8,"B",13.8,"[13.7--13.8]",NA,NA,19.8,"[19.8--20]",NA,NA,790
"Mammalia","Oryx beisa","All",1.8,"B",13.1,"[13.1--13.2]",NA,NA,20,"[19.8--20]",NA,NA,1428
"Mammalia","Oryx dammah","Female",1.8,"B",14.8,"[14.7--14.8]",NA,NA,21,"[21--21.1]",NA,NA,3145
"Mammalia","Oryx leucoryx","Female",0.9,"B",14.7,"[14.7--14.8]",NA,NA,19.6,"[19.5--19.6]",NA,NA,2699
"Mammalia","Oryx leucoryx","All",0.5,"B",11.8,"[11.7--11.9]",NA,NA,19,"[18.9--19]",NA,NA,5688
"Mammalia","Osphranter rufus","Female",1,"B",7.8,"[7.8--7.9]",NA,NA,15.7,"[15.6--15.7]",NA,NA,3657
"Mammalia","Ovis aries","Male",0.8,"B",8.3,"[8.3--8.4]",NA,NA,22.6,"[22.4--23.2]",NA,NA,6751
"Mammalia","Pachyuromys duprasi","Male",0.3,"B",2.9,"[2.8--3]",NA,NA,5.1,"[5--5.1]",NA,NA,131
"Mammalia","Panthera leo","Male",2.3,"B",16.5,"[16.4--16.5]",NA,NA,21.8,"[21.8--21.9]",NA,NA,2638
"Mammalia","Panthera leo","Female",2.2,"B",16.8,"[16.7--16.8]",NA,NA,22.8,"[22.7--22.8]",NA,NA,3371
"Mammalia","Panthera leo","All",2,"B",16.6,"[16.5--16.6]",NA,NA,22.5,"[22.4--22.5]",NA,NA,6144
"Mammalia","Panthera onca","All",2.2,"B",18.4,"[18.4--18.5]",NA,NA,23.3,"[23.2--23.4]",NA,NA,1305
"Mammalia","Panthera pardus","Male",2.3,"B",17.6,"[17.5--17.6]",NA,NA,22.3,"[22.3--22.4]",NA,NA,1222
"Mammalia","Panthera pardus","Female",2.4,"B",17.5,"[17.5--17.6]",NA,NA,22.4,"[22.4--22.5]",NA,NA,1274
"Mammalia","Panthera pardus","All",2.2,"B",17.5,"[17.5--17.6]",NA,NA,22.4,"[22.3--22.4]",NA,NA,2535
"Mammalia","Panthera tigris","Male",2.4,"B",16.5,"[16.5--16.6]",NA,NA,20.4,"[20.4--20.5]",NA,NA,2871
"Mammalia","Panthera tigris","Female",2.6,"B",16.1,"[16.1--16.2]",NA,NA,21,"[21--21.1]",NA,NA,3317
"Mammalia","Panthera tigris","All",2.3,"B",16.4,"[16.3--16.4]",NA,NA,20.8,"[20.8--20.9]",NA,NA,6297
"Mammalia","Parahyaena brunnea","Male",2.7,"B",15.5,"[15.2--15.9]",NA,NA,20.5,"[19.7--20.9]",NA,NA,36
"Mammalia","Perognathus longimembris","All",0.3,"B",5.4,"[5.1--5.5]",NA,NA,7.5,"[7.5--7.6]",NA,NA,558
"Mammalia","Peromyscus eremicus","Male",0.2,"B",3.6,"[3.5--3.7]",NA,NA,4.9,"[4.8--5]",NA,NA,62
"Mammalia","Peromyscus polionotus","Male",0.1,"B",2.9,"[2.9--3]",NA,NA,4.4,"[4.3--4.5]",NA,NA,289
"Mammalia","Peromyscus polionotus","Female",0.2,"B",2.6,"[2.6--2.7]",NA,NA,4.6,"[4.5--4.6]",NA,NA,279
"Mammalia","Peromyscus polionotus","All",0.1,"B",2.7,"[2.7--2.8]",NA,NA,4.4,"[4.4--4.5]",NA,NA,580
"Mammalia","Petaurus breviceps","Male",0.3,"B",8,"[8--8.1]",NA,NA,13.6,"[13.6--13.7]",NA,NA,1105
"Mammalia","Petaurus breviceps","All",0.5,"B",7.4,"[7.4--7.5]",NA,NA,13.5,"[13.5--13.6]",NA,NA,2344
"Mammalia","Petaurus norfolcensis","Male",0.5,"B",7.6,"[7.4--7.8]",NA,NA,11.4,"[11.4--11.5]",NA,NA,181
"Mammalia","Phascogale calura","Female",0.9,"B",2.4,"[2.3--2.4]",NA,NA,5.5,"[5.5--5.6]",NA,NA,472
"Mammalia","Phodopus roborovskii","Male",0.7,"B",1.9,"[1.9--2]",NA,NA,4.7,"[4.6--4.9]",NA,NA,50
"Mammalia","Phodopus sungorus","Male",0.2,"B",1.7,"[1.6--1.7]",NA,NA,3.3,"[3.2--3.3]",NA,NA,230
"Mammalia","Phodopus sungorus","Female",0.2,"B",1.5,"[1.5--1.6]",NA,NA,3,"[2.9--3.3]",NA,NA,228
"Mammalia","Phodopus sungorus","All",0.2,"B",1.6,"[1.5--1.6]",NA,NA,3.5,"[3.5--3.6]",NA,NA,503
"Mammalia","Phyllotis darwini","All",0.2,"B",1.7,"[1.6--2.3]",NA,NA,3.5,"[3.4--3.8]",NA,NA,34
"Mammalia","Plecturocebus cupreus","Female",3.1,"B",16.4,"[16.1--16.9]",NA,NA,25.6,"[22.7--27.7]",NA,NA,82
"Mammalia","Plecturocebus donacophilus","Female",3.2,"B",11.6,"[11.5--11.7]",NA,NA,26.8,"[23.7--27.3]",NA,NA,69
"Mammalia","Pongo abelii","Male",8.7,"B",31.2,"[31.1--31.3]",NA,NA,49.5,"[49.4--49.5]",NA,NA,175
"Mammalia","Procavia capensis","Male",1,"B",4.6,"[4.6--4.7]",NA,NA,10.4,"[10.3--10.4]",NA,NA,1045
"Mammalia","Procavia capensis","All",1,"B",4.8,"[4.7--4.8]",NA,NA,10.7,"[10.7--10.8]",NA,NA,2314
"Mammalia","Pseudomys novaehollandiae","Male",0.3,"B",3.7,"[3.5--3.9]",NA,NA,4.9,"[4.8--5]",NA,NA,81
"Mammalia","Pseudomys novaehollandiae","Female",0.3,"B",2.9,"[2.9--3.1]",NA,NA,3.6,"[3.5--3.6]",NA,NA,97
"Mammalia","Puma concolor","Male",1.7,"B",14.6,"[14.5--14.6]",NA,NA,18.7,"[18.7--18.8]",NA,NA,553
"Mammalia","Puma concolor","All",1.7,"B",15.5,"[15.4--15.5]",NA,NA,19.6,"[19.5--19.7]",NA,NA,1249
"Mammalia","Rangifer tarandus","Female",1.6,"B",11.1,"[11--11.1]",NA,NA,17.1,"[16.9--17.1]",NA,NA,2200
"Mammalia","Rangifer tarandus","All",1.1,"B",9,"[9--9.1]",NA,NA,15.8,"[15.8--15.9]",NA,NA,4128
"Mammalia","Rattus norvegicus","Male",0.2,"B",2.2,"[2.1--2.2]",NA,NA,3.1,"[3.1--3.2]",NA,NA,1241
"Mammalia","Rattus norvegicus","Female",0.1,"B",2.2,"[2.1--2.2]",NA,NA,3,"[3--3.1]",NA,NA,2226
"Mammalia","Rattus norvegicus","All",0.2,"B",2.2,"[2.1--2.2]",NA,NA,3.1,"[3--3.1]",NA,NA,3523
"Mammalia","Rhynchocyon petersi","Male",0.6,"B",3.7,"[3.5--3.8]",NA,NA,6.8,"[6.7--7.3]",NA,NA,83
"Mammalia","Rhynchocyon petersi","All",0.6,"B",3.3,"[3.3--3.4]",NA,NA,6.6,"[6.5--6.6]",NA,NA,159
"Mammalia","Rousettus aegyptiacus","All",0.8,"B",8.6,"[8.6--8.7]",NA,NA,19.3,"[19.2--19.4]",NA,NA,2448
"Mammalia","Saguinus labiatus","All",1.6,"B",9,"[9--9.1]",NA,NA,25.5,"[25.3--26.2]",NA,NA,867
"Mammalia","Sarcophilus harrisii","Male",1.7,"B",6.3,"[6.3--6.4]",NA,NA,7.6,"[7.6--7.7]",NA,NA,759
"Mammalia","Sarcophilus harrisii","Female",1.3,"B",6.6,"[6.5--6.6]",NA,NA,9.1,"[9--9.1]",NA,NA,769
"Mammalia","Sarcophilus harrisii","All",1.2,"B",6.4,"[6.4--6.5]",NA,NA,8.6,"[8.5--8.7]",NA,NA,1618
"Mammalia","Setifer setosus","Male",1.1,"B",5.7,"[5.3--5.8]",NA,NA,9.9,"[9.8--10]",NA,NA,100
"Mammalia","Sminthopsis crassicaudata","Female",0.3,"B",2,"[2--2.1]",NA,NA,3.2,"[3.1--3.2]",NA,NA,357
"Mammalia","Sminthopsis douglasi","Female",0.5,"B",1.9,"[1.8--2]",NA,NA,2.3,"[2.2--2.6]",NA,NA,48
"Mammalia","Sminthopsis douglasi","All",0.5,"B",2.1,"[2--2.2]",NA,NA,3.1,"[3--3.1]",NA,NA,85
"Mammalia","Spermophilus citellus","All",1,"B",8.3,"[7.3--8.8]",NA,NA,10.8,"[10.7--10.8]",NA,NA,190
"Mammalia","Spilogale putorius","All",0.5,"B",5.3,"[4.2--5.5]",NA,NA,8,"[7.8--8.4]",NA,NA,33
"Mammalia","Suncus etruscus","Male",0.2,"B",1.5,"[1.5--1.6]",NA,NA,2.8,"[2.7--2.9]",NA,NA,177
"Mammalia","Suricata suricatta","Male",1,"B",9.3,"[9.3--9.4]",NA,NA,15.2,"[15.1--15.2]",NA,NA,5920
"Mammalia","Suricata suricatta","Female",0.9,"B",9,"[9--9.1]",NA,NA,14.8,"[14.7--14.9]",NA,NA,5065
"Mammalia","Suricata suricatta","All",0.8,"B",9,"[9--9.1]",NA,NA,15,"[15--15.1]",NA,NA,11975
"Mammalia","Sus barbatus","Male",3.1,"B",8.2,"[7.8--8.4]",NA,NA,15.7,"[15.5--16.4]",NA,NA,67
"Mammalia","Sus scrofa","Male",0.5,"B",8.7,"[8.7--8.8]",NA,NA,17.5,"[17.4--17.5]",NA,NA,2709
"Mammalia","Tapirus bairdii","Male",2.7,"B",25,"[24.3--25.6]",NA,NA,31,"[30.7--31.5]",NA,NA,64
"Mammalia","Thylogale billardierii","Male",1.2,"B",3.8,"[3.3--4.1]",NA,NA,6.4,"[6.1--6.9]",NA,NA,37
"Mammalia","Tragelaphus angasii","All",1.3,"B",7.6,"[7.5--7.6]",NA,NA,14.9,"[14.9--15]",NA,NA,2642
"Mammalia","Tragelaphus spekii","All",3.1,"B",9.5,"[9.5--9.6]",NA,NA,17.9,"[17.8--17.9]",NA,NA,2167
"Mammalia","Tragelaphus strepsiceros","Male",2,"B",6.9,"[6.8--7]",NA,NA,11.6,"[11.6--11.7]",NA,NA,858
"Mammalia","Tragelaphus strepsiceros","Female",1.9,"B",9.9,"[9.9--10]",NA,NA,16.8,"[16.7--16.8]",NA,NA,1364
"Mammalia","Tragelaphus strepsiceros","All",1.8,"B",8.4,"[8.4--8.5]",NA,NA,15.8,"[15.7--15.8]",NA,NA,2293
"Mammalia","Tupaia belangeri","Male",0.4,"B",5,"[4.9--5]",NA,NA,9.3,"[9.2--9.3]",NA,NA,542
"Mammalia","Tupaia belangeri","All",0.4,"B",5.2,"[5.2--5.3]",NA,NA,9.6,"[9.6--9.7]",NA,NA,1132
"Mammalia","Vulpes velox","Male",1,"B",11.9,"[11.7--12.1]",NA,NA,16.6,"[16.3--17]",NA,NA,143
"Mammalia","Vulpes zerda","All",0.8,"B",10.9,"[10.9--11]",NA,NA,13.9,"[13.8--13.9]",NA,NA,1221
"Mammalia","Zyzomys argurus","All",0.4,"B",1.4,"[1.4--1.5]",NA,NA,4.5,"[4.4--4.5]",NA,NA,45
"Aves","Agapornis canus","Female",0.6,"B",3.1,"[3--3.1]",NA,NA,8.5,"[8.4--9.3]",NA,NA,99
"Aves","Agapornis canus","All",0.7,"B",3.9,"[3.8--4]",NA,NA,12.6,"[12--13]",NA,NA,240
"Aves","Agapornis fischeri","All",0.8,"B",7.6,"[7.6--7.7]",NA,NA,14.6,"[14.5--14.6]",NA,NA,1187
"Aves","Aix galericulata","Male",0.9,"B",8.4,"[8.4--8.5]",NA,NA,18.7,"[18.2--18.8]",NA,NA,4139
"Aves","Aix galericulata","Female",0.9,"B",7.4,"[7.3--7.5]",NA,NA,19.4,"[19.3--20]",NA,NA,3774
"Aves","Aix galericulata","All",0.9,"B",7.7,"[7.7--7.8]",NA,NA,19.8,"[19.6--20]",NA,NA,9106
"Aves","Aix sponsa","All",3.5,"B",8.6,"[8.5--8.6]",NA,NA,18.4,"[18.3--18.6]",NA,NA,4488
"Aves","Alisterus scapularis","Female",1,"B",5.8,"[5.7--6]",NA,NA,16.5,"[15--19.7]",NA,NA,99
"Aves","Anas bahamensis","Female",0.9,"B",8.8,"[8.7--8.9]",NA,NA,22.5,"[22.1--23.4]",NA,NA,866
"Aves","Aplonis panayensis","Male",1.1,"B",6.6,"[6.4--6.6]",NA,NA,13.3,"[13.2--14.3]",NA,NA,158
"Aves","Apteryx mantelli","Female",2.8,"B",11.8,"[11.7--11.8]",NA,NA,20,"[19.4--21.7]",NA,NA,105
"Aves","Ara rubrogenys","All",3.4,"B",24.2,"[24.2--24.3]",NA,NA,31.3,"[31.1--31.4]",NA,NA,392
"Aves","Aratinga jandaya","All",1.9,"B",10.7,"[10.5--10.8]",NA,NA,29.4,"[28.3--30.6]",NA,NA,234
"Aves","Aratinga solstitialis","All",0.8,"B",8.9,"[8.8--9]",NA,NA,27.4,"[27.2--27.4]",NA,NA,3265
"Aves","Branta ruficollis","Male",2,"B",10.7,"[10.6--10.8]",NA,NA,22.9,"[22.8--23]",NA,NA,995
"Aves","Bubulcus ibis","All",0.6,"B",9.1,"[9--9.1]",NA,NA,21.5,"[21.4--21.5]",NA,NA,4425
"Aves","Buteo jamaicensis","All",2,"B",19.1,"[18.7--19.9]",NA,NA,21.6,"[21.4--21.7]",NA,NA,99
"Aves","Bycanistes bucinator","Female",5.1,"B",18.2,"[17.5--18.6]",NA,NA,24.8,"[24.7--25]",NA,NA,97
"Aves","Caloenas nicobarica","Female",1.1,"B",13.7,"[13.6--13.8]",NA,NA,30.2,"[30--30.5]",NA,NA,1376
"Aves","Caloenas nicobarica","All",0.8,"B",16.1,"[16.1--16.2]",NA,NA,31.4,"[31.3--31.4]",NA,NA,3644
"Aves","Calypte costae","Female",0.9,"B",3.8,"[3.7--3.9]",NA,NA,7.4,"[6.3--7.5]",NA,NA,57
"Aves","Charmosyna stellae","Female",1.7,"B",5.8,"[5.7--5.9]",NA,NA,16,"[15.6--16.1]",NA,NA,88
"Aves","Charmosyna stellae","All",1.7,"B",6,"[5.9--6]",NA,NA,19.2,"[18.2--20]",NA,NA,193
"Aves","Chloris chloris","All",1,"B",4.4,"[4.4--4.5]",NA,NA,9.6,"[9.5--10.6]",NA,NA,168
"Aves","Chrysolophus amherstiae","All",0.9,"B",7.1,"[7--7.1]",NA,NA,17.8,"[17.7--18]",NA,NA,1301
"Aves","Colius striatus","All",0.3,"B",5.2,"[5.1--5.2]",NA,NA,14.1,"[14--14.1]",NA,NA,2904
"Aves","Columba guinea","Male",1,"B",12,"[11.8--12.2]",NA,NA,24.9,"[24.5--25.3]",NA,NA,405
"Aves","Columba livia","Female",0.6,"B",7.2,"[7--7.3]",NA,NA,13.6,"[13.5--13.6]",NA,NA,795
"Aves","Coturnix japonica","Female",0.6,"B",2.2,"[2.1--2.4]",NA,NA,6,"[5.9--6]",NA,NA,154
"Aves","Crax fasciolata","Male",2.7,"B",14.1,"[13.9--14.2]",NA,NA,23.2,"[22.3--23.6]",NA,NA,90
"Aves","Cygnus buccinator","Female",3,"B",12.1,"[11.9--12.2]",NA,NA,23.7,"[23.2--23.8]",NA,NA,198
"Aves","Dendrocygna javanica","Male",0.6,"B",7.1,"[7--7.1]",NA,NA,17.8,"[16.5--19.3]",NA,NA,146
"Aves","Dendrocygna viduata","Male",1.3,"B",9.5,"[9.4--9.5]",NA,NA,15.7,"[15.7--15.8]",NA,NA,2019
"Aves","Dendrocygna viduata","All",1,"B",8.8,"[8.8--8.9]",NA,NA,16.5,"[16.5--16.6]",NA,NA,5400
"Aves","Diopsittaca nobilis","Female",1.9,"B",12.4,"[12.2--12.7]",NA,NA,25.5,"[25.4--26.1]",NA,NA,148
"Aves","Eudromia elegans","All",0.5,"B",2.5,"[2.5--2.6]",NA,NA,9.6,"[9.6--9.7]",NA,NA,1252
"Aves","Gallus gallus","Male",0.6,"B",4.5,"[4.5--4.6]",NA,NA,12.4,"[12.3--12.5]",NA,NA,3000
"Aves","Gallus gallus","All",0.5,"B",4.3,"[4.3--4.4]",NA,NA,11,"[10.9--11]",NA,NA,12840
"Aves","Geokichla citrina","Female",0.9,"B",4.5,"[4.3--4.6]",NA,NA,11.5,"[11.1--12]",NA,NA,100
"Aves","Geopelia cuneata","All",0.3,"B",4.9,"[4.9--5]",NA,NA,21.8,"[21.7--21.8]",NA,NA,2243
"Aves","Haliaeetus albicilla","All",5.1,"B",29,"[28.5--29.3]",NA,NA,36.6,"[36.5--36.7]",NA,NA,278
"Aves","Icterus oberi","All",1.2,"B",7.5,"[7.4--7.6]",NA,NA,19.4,"[19.2--19.7]",NA,NA,132
"Aves","Leucopsar rothschildi","All",1,"B",10.7,"[10.6--10.8]",NA,NA,21,"[20.9--21]",NA,NA,3628
"Aves","Lophura edwardsi","All",0.9,"B",10.2,"[10.1--10.4]",NA,NA,24.7,"[24.6--24.9]",NA,NA,1651
"Aves","Malurus cyaneus","Female",0.5,"B",2.8,"[2.7--2.8]",NA,NA,8.1,"[7--8.3]",NA,NA,63
"Aves","Marmaronetta angustirostris","Female",1,"B",7.5,"[7.5--7.6]",NA,NA,15.5,"[15.5--15.6]",NA,NA,1265
"Aves","Megascops asio","Male",1.8,"B",2.3,"[2.2--2.3]",NA,NA,12,"[11.3--12.2]",NA,NA,159
"Aves","Megascops asio","Female",2,"B",3.9,"[3.8--3.9]",NA,NA,15.6,"[15.3--16]",NA,NA,128
"Aves","Megascops asio","All",1.9,"B",3.4,"[3.4--3.5]",NA,NA,14.8,"[13.7--15]",NA,NA,341
"Aves","Meleagris gallopavo","Male",0.8,"B",5.8,"[5.8--5.9]",NA,NA,13.2,"[13.1--13.4]",NA,NA,934
"Aves","Meleagris gallopavo","All",0.8,"B",5.2,"[5.1--5.2]",NA,NA,12.6,"[12.5--12.6]",NA,NA,2489
"Aves","Melopsittacus undulatus","Female",0.4,"B",4.4,"[4.4--4.5]",NA,NA,10.5,"[10.4--10.6]",NA,NA,3745
"Aves","Melopsittacus undulatus","All",0.3,"B",4.3,"[4.2--4.3]",NA,NA,9.3,"[9.2--9.3]",NA,NA,12189
"Aves","Myiopsitta monachus","All",1.1,"B",7.3,"[7.2--7.3]",NA,NA,25.8,"[24.8--26]",NA,NA,1771
"Aves","Neophema chrysostoma","All",1,"B",4.1,"[4.1--4.2]",NA,NA,11.4,"[9.9--11.7]",NA,NA,112
"Aves","Neophema splendida","Female",2.2,"B",4.3,"[4.3--4.4]",NA,NA,8.5,"[8.3--8.7]",NA,NA,198
"Aves","Numida meleagris","All",0.8,"B",5,"[5--5.1]",NA,NA,13.9,"[13.9--14]",NA,NA,5394
"Aves","Nycticorax nycticorax","All",0.9,"B",12.7,"[12.6--12.7]",NA,NA,24.8,"[24.8--24.9]",NA,NA,2010
"Aves","Nymphicus hollandicus","Male",0.9,"B",9.6,"[9.5--9.7]",NA,NA,21.2,"[21.2--21.3]",NA,NA,834
"Aves","Nymphicus hollandicus","All",0.8,"B",8.4,"[8.4--8.5]",NA,NA,19.7,"[19.7--19.8]",NA,NA,2554
"Aves","Otus scops","Male",0.8,"B",7,"[6.9--7.2]",NA,NA,19.5,"[17.7--21.6]",NA,NA,130
"Aves","Oxyura jamaicensis","Female",0.9,"B",6.7,"[6.6--6.8]",NA,NA,19.7,"[19.5--19.9]",NA,NA,1288
"Aves","Pavo cristatus","Female",1,"B",10.9,"[10.8--10.9]",NA,NA,36.1,"[36--36.9]",NA,NA,2714
"Aves","Pavo cristatus","All",1,"B",12.3,"[12.3--12.4]",NA,NA,30.4,"[30.2--30.4]",NA,NA,7249
"Aves","Pipile cumanensis","Female",2.3,"B",12.1,"[12.1--12.2]",NA,NA,25.7,"[23.1--27.2]",NA,NA,76
"Aves","Pogonornis dubius","Male",1.8,"B",6.9,"[6.8--7.2]",NA,NA,15.7,"[15.6--15.9]",NA,NA,108
"Aves","Polytelis alexandrae","Male",0.8,"B",8.1,"[8--8.1]",NA,NA,27.4,"[27.2--27.7]",NA,NA,238
"Aves","Ptilinopus melanospilus","Male",0.8,"B",6.2,"[6.1--6.3]",NA,NA,21.2,"[21--21.3]",NA,NA,328
"Aves","Ptilopsis leucotis","Female",2.1,"B",10.1,"[10--10.3]",NA,NA,15.8,"[15.7--16.1]",NA,NA,133
"Aves","Pycnonotus jocosus","Female",1.6,"B",6.9,"[6.8--6.9]",NA,NA,19.3,"[18.3--19.5]",NA,NA,312
"Aves","Pyrrhula pyrrhula","All",1,"B",3.1,"[3--3.2]",NA,NA,7,"[6.3--8]",NA,NA,118
"Aves","Rollulus rouloul","Female",0.5,"B",4.1,"[4.1--4.2]",NA,NA,11.3,"[11.2--11.4]",NA,NA,2408
"Aves","Rollulus rouloul","All",0.5,"B",4.2,"[4.2--4.3]",NA,NA,12.3,"[12.2--12.3]",NA,NA,5237
"Aves","Serinus canaria","Male",0.8,"B",6.2,"[6.1--6.2]",NA,NA,12.8,"[12.5--13]",NA,NA,274
"Aves","Serinus canaria","Female",0.8,"B",4.7,"[4.6--4.8]",NA,NA,9.3,"[9.2--9.3]",NA,NA,281
"Aves","Serinus canaria","All",0.7,"B",5.3,"[5.2--5.3]",NA,NA,13.6,"[13.1--13.8]",NA,NA,758
"Aves","Spatula rhynchotis","All",1,"B",8.5,"[8.5--8.6]",NA,NA,14.4,"[14.3--14.5]",NA,NA,349
"Aves","Spinus spinus","Female",1,"B",3.4,"[3.4--3.5]",NA,NA,6,"[5.7--6.1]",NA,NA,48
"Aves","Spinus spinus","All",1,"B",3.5,"[3.4--3.5]",NA,NA,8,"[8--8.1]",NA,NA,101
"Aves","Streptopelia turtur","All",0.7,"B",5.6,"[5.5--5.6]",NA,NA,16.7,"[16.6--16.7]",NA,NA,665
"Aves","Syrmaticus humiae","Female",1.2,"B",4.6,"[4.5--4.6]",NA,NA,8.3,"[8.2--8.3]",NA,NA,89
"Aves","Syrmaticus reevesii","All",1,"B",6.4,"[6.3--6.4]",NA,NA,17.4,"[17.3--17.7]",NA,NA,888
"Aves","Tadorna ferruginea","All",1.8,"B",10.7,"[10.6--10.7]",NA,NA,30.6,"[30.3--31.3]",NA,NA,1882
"Aves","Taeniopygia guttata","All",0.2,"B",4,"[4--4.1]",NA,NA,9.7,"[9.7--9.8]",NA,NA,3560
"Aves","Tetrao urogallus","Female",1,"B",4.8,"[4.7--4.9]",NA,NA,11.5,"[10.9--12.6]",NA,NA,290
"Aves","Trichoglossus haematodus","All",1.1,"B",7.9,"[7.8--7.9]",NA,NA,22,"[21.9--22]",NA,NA,3179
"Aves","Trichoglossus moluccanus","All",0.8,"B",9.3,"[9.2--9.3]",NA,NA,23.4,"[23.4--23.5]",NA,NA,5825
"Aves","Urocolius macrourus","Female",1.2,"B",3.6,"[3.6--3.7]",NA,NA,10.3,"[10.2--10.3]",NA,NA,164
"Aves","Vanellus spinosus","Female",4.7,"B",11.2,"[11.2--11.3]",NA,NA,21.8,"[21.2--22.2]",NA,NA,93
"Aves","Vanellus vanellus","Male",2,"B",8,"[8--8.1]",NA,NA,14,"[13.9--14.4]",NA,NA,52
"Aves","Zenaida asiatica","Female",1,"B",7.3,"[7.2--7.4]",NA,NA,14.5,"[14.2--14.5]",NA,NA,76
"Reptilia","Acrantophis dumerili","Female",4.1,"B",23.1,"[22.6--23.2]",NA,NA,33.9,"[33.2--34.1]",NA,NA,251
"Reptilia","Agkistrodon taylori","All",2.7,"B",11.1,"[11--11.2]",NA,NA,16.3,"[15.7--16.4]",NA,NA,208
"Reptilia","Anolis carolinensis","Male",0.7,"B",1.7,"[1.6--2.4]",NA,NA,6,"[5.9--6.2]",NA,NA,34
"Reptilia","Anolis carolinensis","Female",0.7,"B",1.7,"[1.5--2]",NA,NA,7.1,"[5.7--8.6]",NA,NA,38
"Reptilia","Anolis carolinensis","All",0.7,"B",2.5,"[2.4--2.6]",NA,NA,6.1,"[6--6.2]",NA,NA,119
"Reptilia","Bogertophis subocularis","Male",2,"B",10.2,"[9.1--10.3]",NA,NA,21.6,"[20.2--23.6]",NA,NA,37
"Reptilia","Chamaeleo calyptratus","All",1,"B",2.7,"[2.6--2.7]",NA,NA,6.2,"[6.2--6.3]",NA,NA,1100
"Reptilia","Corallus hortulanus","Male",1.5,"B",13.3,"[13.3--13.4]",NA,NA,22.7,"[22.2--23.5]",NA,NA,127
"Reptilia","Corucia zebrata","Female",3.4,"B",18.8,"[18.7--19]",NA,NA,34,"[31.4--35.9]",NA,NA,276
"Reptilia","Crotalus atrox","Female",3,"B",12,"[11.7--12.7]",NA,NA,19.4,"[19.2--20.1]",NA,NA,62
"Reptilia","Crotalus durissus","Female",2.7,"B",13.5,"[13.4--13.6]",NA,NA,17.9,"[17.7--18.9]",NA,NA,227
"Reptilia","Elaphe anomala","Female",2.5,"B",8.5,"[8.4--8.6]",NA,NA,14.8,"[14.4--17]",NA,NA,63
"Reptilia","Epicrates cenchria","Female",3.3,"B",18.8,"[18.7--18.9]",NA,NA,29.1,"[27.7--29.6]",NA,NA,223
"Reptilia","Gongylophis colubrinus","Female",2.8,"B",20.7,"[20.6--20.7]",NA,NA,32,"[31.6--32.3]",NA,NA,116
"Reptilia","Nephrurus amyae","Male",1.6,"B",9.8,"[9.4--10.4]",NA,NA,15.8,"[15.5--16.3]",NA,NA,57
"Reptilia","Python anchietae","Male",4.9,"B",19.2,"[19.1--19.3]",NA,NA,33.3,"[31--34.8]",NA,NA,50
"Reptilia","Python anchietae","All",4.9,"B",19.6,"[19.3--22.8]",NA,NA,35.2,"[35--35.2]",NA,NA,104
"Reptilia","Thamnophis sirtalis","All",1.2,"B",5,"[4.9--5]",NA,NA,11.6,"[11.3--12.2]",NA,NA,803
"Reptilia","Varanus acanthurus","Male",2.2,"B",9.9,"[8.6--10]",NA,NA,18.9,"[18.5--19.5]",NA,NA,80
"Reptilia","Vipera ammodytes","Female",4,"B",8.8,"[8.7--9.7]",NA,NA,15.4,"[15.2--15.4]",NA,NA,61
"Amphibia","Ambystoma opacum","All",3.3,"B",6.6,"[6.6--6.7]",NA,NA,10.5,"[10.4--10.9]",NA,NA,56
"Amphibia","Anaxyrus baxteri","Female",1.4,"B",3.7,"[3.7--3.8]",NA,NA,6.4,"[6.4--6.5]",NA,NA,661
"Amphibia","Anaxyrus baxteri","All",1,"B",3.5,"[3.5--3.6]",NA,NA,6.1,"[6.1--6.2]",NA,NA,1608
"Amphibia","Atelopus zeteki","Female",2.9,"B",6.6,"[6.5--6.6]",NA,NA,16.8,"[16.6--17.2]",NA,NA,1285
"Amphibia","Atelopus zeteki","All",2.4,"B",6,"[6--6.1]",NA,NA,12.6,"[12.5--12.6]",NA,NA,3319
"Amphibia","Dendrobates tinctorius","All",1,"B",4.9,"[4.9--5]",NA,NA,14.6,"[14.6--14.7]",NA,NA,4892
"Amphibia","Ichthyosaura alpestris","All",3.5,"B",6.8,"[6.7--6.8]",NA,NA,11.8,"[11.4--11.9]",NA,NA,55
"Amphibia","Phyllobates vittatus","All",0.8,"B",2.9,"[2.9--3]",NA,NA,20.1,"[19.1--20.7]",NA,NA,263
"Amphibia","Xenopus laevis","Female",0.5,"B",4,"[3.2--4.2]",NA,NA,13.8,"[13.7--14.1]",NA,NA,30
"Chondrichthyes","Potamotrygon motoro","Male",1.3,"B",7.1,"[7.1--7.2]",NA,NA,21.5,"[21.3--23]",NA,NA,151
"Chondrichthyes","Potamotrygon motoro","All",1.3,"B",7.4,"[7.4--7.5]",NA,NA,22.1,"[21.3--23]",NA,NA,388
"Osteichthyes","Hippocampus erectus","Male",0.7,"B",1.8,"[1.7--1.9]",NA,NA,2.7,"[2.6--2.7]",NA,NA,71
"Osteichthyes","Hippocampus erectus","Female",0.7,"B",2,"[1.9--2]",NA,NA,3.6,"[3.4--4.2]",NA,NA,87
"Mammalia","Acinonyx jubatus","Female",2.8,"A",11.2,"[11.1--11.2]",11.2,"[10.9--11.4]",15.8,"[15.8--15.9]",16,"[15.7--16.3]",1757
"Mammalia","Acomys cahirinus","Male",0.3,"A",3.5,"[3.4--3.5]",3.4,"[3--3.8]",6.2,"[6.1--6.2]",6.4,"[6--6.8]",287
"Mammalia","Acomys cahirinus","Female",0.3,"A",2.8,"[2.7--2.9]",2.8,"[2.4--3.1]",5.3,"[5.3--5.4]",5.2,"[4.9--5.6]",295
"Mammalia","Acomys cahirinus","All",0.3,"A",3.5,"[3.4--3.5]",3.5,"[3.2--3.7]",6.8,"[6.7--6.8]",7.2,"[6.8--7.7]",835
"Mammalia","Acomys cilicicus","Male",0.2,"A",2,"[1.9--2.1]",2,"[1.4--2.6]",4.2,"[4--4.5]",4.6,"[3.7--6.1]",58
"Mammalia","Acomys cilicicus","Female",0.2,"A",2.4,"[2.3--2.5]",2.3,"[1.9--2.7]",4.2,"[4.1--4.2]",4.5,"[3.9--5.2]",113
"Mammalia","Acomys cilicicus","All",0.2,"A",1.5,"[1.4--1.5]",1.5,"[1.2--1.8]",3.9,"[3.9--4]",4.1,"[3.6--4.7]",250
"Mammalia","Acomys dimidiatus","Male",0.4,"A",1.7,"[1.6--1.8]",1.8,"[1.4--2.2]",4.9,"[4.9--5]",4.9,"[4.3--5.5]",124
"Mammalia","Acomys dimidiatus","All",0.2,"A",1.2,"[1.1--1.3]",1.2,"[1--1.4]",4.6,"[4.5--4.6]",4.6,"[4.2--5]",581
"Mammalia","Acomys russatus","Female",0.2,"A",2.1,"[2.1--2.2]",2.3,"[1.8--2.7]",3.6,"[3.5--3.9]",4,"[3.4--4.8]",45
"Mammalia","Acomys russatus","All",0.2,"A",1.6,"[1.5--1.7]",1.5,"[1.2--1.9]",3.9,"[3.9--4]",4.1,"[3.5--4.9]",117
"Mammalia","Acrobates pygmaeus","Male",0.7,"A",4.6,"[4.5--4.6]",4.6,"[4.3--4.9]",9.4,"[9.4--9.5]",9.8,"[9.2--10.6]",715
"Mammalia","Acrobates pygmaeus","Female",0.3,"A",3.8,"[3.7--3.9]",3.8,"[3.6--4.1]",7.6,"[7.6--7.7]",7.8,"[7.3--8.2]",752
"Mammalia","Addax nasomaculatus","Male",1.9,"A",9.4,"[9.4--9.5]",9.3,"[8.8--9.8]",17.9,"[17.9--18.1]",18.2,"[17.5--19]",1424
"Mammalia","Addax nasomaculatus","Female",2.1,"A",13.4,"[13.3--13.4]",13.3,"[12.8--13.7]",20.2,"[20.1--20.2]",20.2,"[19.8--20.6]",1930
"Mammalia","Addax nasomaculatus","All",1.9,"A",11.9,"[11.8--12]",11.7,"[11.3--12.1]",19.7,"[19.7--19.8]",19.7,"[19.4--20.1]",3438
"Mammalia","Aepyceros melampus","Male",1.4,"A",5.4,"[5.4--5.5]",5.3,"[5--5.7]",12.6,"[12.6--12.7]",13.7,"[12.6--15]",941
"Mammalia","Aepyprymnus rufescens","Female",0.8,"A",8.6,"[8.3--8.8]",8.7,"[7.6--9.7]",12.5,"[12.3--12.6]",12.3,"[11.4--13.5]",116
"Mammalia","Aepyprymnus rufescens","All",0.4,"A",7.4,"[7.3--7.7]",7.9,"[7--8.8]",12.3,"[12.2--12.6]",12,"[11--13.4]",224
"Mammalia","Ailurus fulgens","Male",1.9,"A",11.4,"[11.4--11.5]",11.4,"[11--11.8]",17.8,"[17.7--17.8]",18.4,"[17.7--19.1]",1057
"Mammalia","Ailurus fulgens","Female",1.9,"A",11.3,"[11.2--11.3]",11.3,"[10.9--11.7]",17.5,"[17.5--17.6]",17.8,"[17.1--18.4]",1181
"Mammalia","Ailurus fulgens","All",1.9,"A",11.3,"[11.3--11.4]",11.4,"[11.1--11.6]",17.7,"[17.7--17.8]",18,"[17.6--18.5]",2246
"Mammalia","Alcelaphus buselaphus","Male",2.1,"A",8.5,"[8.3--8.9]",7.5,"[6.2--8.9]",13.8,"[13.7--14.2]",14.1,"[12.9--15.6]",86
"Mammalia","Alcelaphus buselaphus","Female",2.1,"A",8.2,"[8.1--8.3]",7.3,"[6.4--8.1]",15.3,"[15.2--15.3]",15.2,"[13.6--17.2]",167
"Mammalia","Alcelaphus buselaphus","All",1.8,"A",8.2,"[8.1--8.3]",7.2,"[6.5--7.9]",15.1,"[15.1--15.2]",15.4,"[14--17]",262
"Mammalia","Alces alces","Male",2,"A",7.4,"[7.4--7.5]",7.1,"[6.4--7.8]",13.5,"[13.4--13.5]",15.1,"[13.7--17.1]",333
"Mammalia","Alces alces","Female",2,"A",7.4,"[7.4--7.5]",7.5,"[7.1--8]",13.2,"[13.1--13.3]",14,"[13.1--15]",461
"Mammalia","Alces alces","All",1.9,"A",7.4,"[7.3--7.4]",7.3,"[7--7.7]",13.4,"[13.3--13.4]",14.3,"[13.5--15.2]",812
"Mammalia","Allenopithecus nigroviridis","Male",6.5,"A",17.2,"[16.5--17.6]",16.2,"[14.3--17.9]",21.2,"[20.9--21.9]",24.3,"[21.3--28.2]",49
"Mammalia","Allenopithecus nigroviridis","Female",4.1,"A",17.6,"[17.2--18]",17.2,"[14.9--19.7]",25,"[24.6--25.3]",27.8,"[23.9--34.3]",55
"Mammalia","Allenopithecus nigroviridis","All",4.1,"A",17.3,"[17.2--17.6]",17,"[15.6--18.4]",25,"[24.6--25.3]",25.4,"[23.2--28.4]",106
"Mammalia","Allochrocebus lhoesti","Male",5.5,"A",16.9,"[16.7--16.9]",16,"[13.6--18.5]",26.4,"[26.4--26.5]",27.2,"[23--34.1]",59
"Mammalia","Allochrocebus lhoesti","Female",4.2,"A",17.5,"[16.9--17.6]",16.1,"[12.7--19.8]",25.1,"[24.3--26.6]",26.3,"[23.5--31.6]",66
"Mammalia","Allochrocebus lhoesti","All",4.1,"A",16.9,"[16.9--17]",16.1,"[14.3--18]",26.6,"[26.5--26.6]",27.5,"[24.3--32]",135
"Mammalia","Alouatta caraya","Male",2.8,"A",18,"[17.9--18.1]",17.5,"[16.2--18.9]",26.9,"[26.7--27]",27.8,"[25.7--30.7]",280
"Mammalia","Alouatta caraya","Female",3.4,"A",21.4,"[21.3--21.5]",21.2,"[19.7--22.8]",29.4,"[29.4--29.5]",30.3,"[28.3--33.1]",241
"Mammalia","Alouatta caraya","All",2.7,"A",19.5,"[19.4--19.6]",19.2,"[18.2--20.3]",31.9,"[31.8--31.9]",30.5,"[28.6--33]",539
"Mammalia","Ammotragus lervia","All",1.1,"A",11.2,"[11.2--11.3]",10.9,"[10.6--11.2]",19,"[18.9--19]",19.7,"[19.2--20.3]",7291
"Mammalia","Antidorcas marsupialis","Male",1.3,"A",4.6,"[4.6--4.7]",4.6,"[4.3--4.9]",12.5,"[12.3--12.5]",12.3,"[11.3--13.2]",946
"Mammalia","Antidorcas marsupialis","Female",1.1,"A",6.3,"[6.3--6.4]",6.3,"[5.9--6.6]",13.9,"[13.9--14]",13.9,"[13.2--14.8]",1217
"Mammalia","Antidorcas marsupialis","All",1,"A",5.5,"[5.5--5.6]",5.4,"[5.2--5.6]",13.5,"[13.4--13.7]",13.3,"[12.7--13.9]",2425
"Mammalia","Antilocapra americana","Female",1.9,"A",6.4,"[6.3--6.5]",6.1,"[5.6--6.7]",14.1,"[14--14.4]",13.5,"[12.4--14.8]",357
"Mammalia","Aonyx cinereus","Male",1.5,"A",12,"[12--12.1]",11.9,"[11.4--12.4]",18.8,"[18.7--18.9]",19.6,"[18.9--20.4]",1694
"Mammalia","Aonyx cinereus","Female",1.5,"A",10.8,"[10.7--10.9]",10.8,"[10.5--11.2]",17.2,"[17.1--17.3]",17.6,"[17--18.3]",1648
"Mammalia","Aonyx cinereus","All",1.4,"A",11.4,"[11.3--11.4]",11.2,"[10.9--11.5]",18.3,"[18.3--18.4]",19,"[18.6--19.5]",3435
"Mammalia","Aotus azarae","Male",2.9,"A",15,"[14.9--15.4]",14.1,"[10.7--18.6]",29.3,"[27.8--29.8]",34.1,"[26.7--49.1]",76
"Mammalia","Aotus azarae","Female",2.3,"A",12.6,"[12.4--13.1]",12.1,"[9.4--15.3]",29.8,"[28.1--30.2]",33.5,"[26--44.1]",84
"Mammalia","Aotus azarae","All",1.7,"A",13.4,"[13.4--13.5]",11.8,"[9.8--14.1]",30.1,"[29.8--30.2]",34.9,"[28.1--45.4]",189
"Mammalia","Aotus griseimembra","Male",2.3,"A",11.8,"[11.8--11.9]",12.3,"[10.6--14]",24.6,"[23.9--24.8]",25,"[21.6--29.9]",149
"Mammalia","Aotus griseimembra","Female",2,"A",10.8,"[10.4--11.1]",10,"[8.6--11.4]",20.3,"[20--20.8]",21.1,"[19.2--23.5]",187
"Mammalia","Aotus griseimembra","All",1.7,"A",11.2,"[11.1--11.3]",11,"[9.8--12.1]",23.8,"[23.8--23.9]",22.7,"[21.1--24.9]",353
"Mammalia","Aotus trivirgatus","Female",2.4,"A",11.6,"[10.8--11.8]",10.3,"[8.3--12.9]",28.1,"[25.2--31.2]",27.7,"[22.7--34.5]",90
"Mammalia","Aotus trivirgatus","All",0.9,"A",11,"[10.8--11.1]",9.4,"[8--11.2]",28,"[27.2--28.4]",28,"[24.2--32.7]",236
"Mammalia","Apodemus argenteus","Female",0.2,"A",2.9,"[2.6--3]",2.8,"[2--3.7]",4.5,"[4.3--4.6]",6.1,"[4.5--9.4]",32
"Mammalia","Apodemus argenteus","All",0.2,"A",3,"[2.9--3]",3,"[2.6--3.3]",4.4,"[4.3--4.4]",4.5,"[4.2--4.8]",132
"Mammalia","Apodemus speciosus","Male",0.2,"A",2.9,"[2.5--3]",2.7,"[2.2--3.1]",3.6,"[3.5--3.6]",3.7,"[3.4--4.1]",44
"Mammalia","Arctictis binturong","Male",1.9,"A",17,"[16.9--17.1]",16.6,"[15.6--17.5]",23.7,"[23.6--24]",24,"[22.7--25.6]",475
"Mammalia","Arctictis binturong","Female",2.1,"A",16.2,"[16.1--16.3]",16.1,"[15.4--16.8]",21.7,"[21.6--22.2]",22.6,"[21.5--23.8]",438
"Mammalia","Arctictis binturong","All",1.8,"A",16.4,"[16.3--16.5]",16.4,"[15.8--17]",23.4,"[23.3--23.5]",23.3,"[22.4--24.3]",953
"Mammalia","Arctocephalus australis","Female",3,"A",12.4,"[11.7--13.5]",11.6,"[9.1--14.3]",17.9,"[17.1--19.5]",19.2,"[16.9--25.3]",47
"Mammalia","Arctocephalus pusillus","Male",3,"A",18.2,"[18--18.4]",16.7,"[13.8--19.3]",23.9,"[23.7--24.7]",24.2,"[22.9--25.9]",104
"Mammalia","Arctocephalus pusillus","Female",3,"A",19.6,"[18.6--19.7]",19.2,"[16.3--21.8]",27.9,"[27.3--28.2]",28.3,"[26.4--31]",116
"Mammalia","Arctocephalus pusillus","All",3,"A",18.6,"[18.4--18.6]",18.1,"[16.2--20]",27,"[27--27.1]",26.7,"[25.5--28]",222
"Mammalia","Artibeus jamaicensis","Male",1,"A",8.1,"[8--8.3]",8.2,"[7.3--9.2]",16.6,"[16.4--17.5]",18.9,"[17--21.4]",307
"Mammalia","Artibeus jamaicensis","All",0.8,"A",7.1,"[7.1--7.2]",7.3,"[6.6--8]",17.2,"[17.2--17.3]",19,"[17.3--21.2]",604
"Mammalia","Arvicanthis niloticus","Female",0.1,"A",2,"[1.9--2.1]",2.1,"[1.7--2.5]",3.2,"[3.1--3.3]",3.4,"[3.1--3.7]",44
"Mammalia","Arvicanthis niloticus","All",0.1,"A",0.1,"[0.1--0.2]",0.1,"[0.1--0.2]",2.3,"[2.2--2.5]",2.1,"[1.7--2.5]",333
"Mammalia","Atelerix albiventris","Male",0.3,"A",3.7,"[3.7--3.8]",3.7,"[3.6--3.8]",5.6,"[5.5--5.6]",5.7,"[5.6--5.9]",1220
"Mammalia","Ateles geoffroyi","Female",3.4,"A",31,"[30.9--31.2]",30.9,"[28.6--33.1]",46.8,"[46.8--46.9]",46.1,"[44.4--48.4]",550
"Mammalia","Ateles geoffroyi","All",2.6,"A",30,"[29.9--30]",29.8,"[28.2--31.4]",47.2,"[46.9--47.7]",47.6,"[45.2--50.8]",1037
"Mammalia","Atherurus africanus","Female",1.6,"A",12.5,"[12.4--12.8]",12.2,"[10.1--14]",19.3,"[19.2--20]",18.2,"[16.7--20.1]",69
"Mammalia","Atherurus africanus","All",0.8,"A",12.9,"[12.8--13]",11.8,"[10.6--13.3]",19.5,"[19.2--20]",21.3,"[18.7--24.7]",186
"Mammalia","Axis calamianensis","Male",1.2,"A",6,"[5.9--6.1]",6.1,"[5.3--6.9]",8.7,"[8.4--8.8]",9.6,"[8.5--11.2]",46
"Mammalia","Axis calamianensis","Female",0.8,"A",8.4,"[8.2--8.5]",9,"[7.8--10.1]",12.6,"[12.5--12.8]",12.5,"[11.7--13.5]",39
"Mammalia","Axis calamianensis","All",1.2,"A",7.4,"[7.3--7.8]",7.4,"[6.6--8.1]",12,"[11.9--12.3]",11.7,"[10.6--13]",87
"Mammalia","Axis kuhlii","Female",0.8,"A",9.5,"[9.4--9.8]",9.1,"[7.2--10.4]",11.5,"[11.3--11.5]",12.3,"[11.4--14.3]",53
"Mammalia","Axis kuhlii","All",0.8,"A",9.7,"[9.7--9.8]",9.6,"[7.8--11.4]",16,"[15.7--16.1]",16.1,"[14.6--18.7]",100
"Mammalia","Axis porcinus","Male",1.2,"A",6.9,"[6.8--6.9]",7,"[6.5--7.5]",14.2,"[14.1--14.3]",14.1,"[13.1--15.5]",569
"Mammalia","Axis porcinus","Female",1.3,"A",11.1,"[11.1--11.2]",11.6,"[11--12.3]",18.4,"[18.4--18.5]",18.5,"[17.7--19.4]",638
"Mammalia","Axis porcinus","All",1.2,"A",9.6,"[9.5--9.6]",9.6,"[9.2--10.1]",17,"[16.9--17.1]",17.3,"[16.6--18.2]",1385
"Mammalia","Babyrousa babyrussa","Male",2.4,"A",13.5,"[13.1--13.7]",13.2,"[12.1--14.2]",17.6,"[17.3--17.7]",17.6,"[16.8--18.6]",110
"Mammalia","Babyrousa babyrussa","Female",1.6,"A",15.6,"[15.3--15.7]",15.3,"[13.9--16.6]",19.8,"[19.7--19.9]",20.8,"[19.7--22.1]",118
"Mammalia","Babyrousa babyrussa","All",1.5,"A",14.2,"[14.1--14.2]",13.9,"[12.9--14.9]",19.1,"[18.9--19.2]",19.8,"[19--20.8]",240
"Mammalia","Babyrousa celebensis","Female",1.7,"A",16.6,"[16.4--16.9]",16.8,"[15.7--17.8]",20.2,"[20--20.2]",20.2,"[19.4--21.2]",94
"Mammalia","Babyrousa celebensis","All",1.7,"A",14.8,"[14.6--14.9]",14.9,"[14.1--15.8]",19.9,"[19.9--20]",19.7,"[18.9--20.6]",186
"Mammalia","Bassariscus astutus","Female",1.1,"A",13.1,"[12.7--13.9]",12.9,"[11.4--14.2]",15.5,"[15.2--16.3]",16.1,"[15.2--17.3]",58
"Mammalia","Bassariscus astutus","All",0.9,"A",13.1,"[13--13.2]",12.8,"[11.8--13.8]",16.2,"[16.2--16.3]",16.4,"[15.8--17.3]",123
"Mammalia","Bettongia penicillata","Female",0.5,"A",7.6,"[7.6--7.7]",7.6,"[7.1--8.1]",14.4,"[14.4--14.5]",14.5,"[13.8--15.2]",792
"Mammalia","Bettongia penicillata","All",0.4,"A",7.3,"[7.2--7.4]",7.2,"[6.8--7.6]",14.4,"[14.3--14.5]",14.5,"[14--14.9]",1590
"Mammalia","Bison bison","Male",2.1,"A",15.4,"[15.3--15.4]",14.1,"[13.3--14.9]",24.4,"[24.3--24.4]",25.2,"[24.3--26.3]",1391
"Mammalia","Bison bison","Female",2.1,"A",17.9,"[17.8--17.9]",17.5,"[17--18.1]",26.5,"[26.4--26.6]",26.8,"[26.1--27.7]",2441
"Mammalia","Bison bison","All",2,"A",17.1,"[17.1--17.2]",16.5,"[16.1--17]",25.5,"[25.4--25.5]",26,"[25.4--26.7]",4013
"Mammalia","Bison bonasus","Male",2.5,"A",13.2,"[13.1--13.3]",12.4,"[11.6--13.3]",19.7,"[19.5--19.8]",20,"[19.2--20.8]",710
"Mammalia","Bison bonasus","Female",2.9,"A",17.5,"[17.4--17.6]",16.7,"[16.1--17.3]",23.4,"[23.3--23.4]",23.7,"[23.2--24.4]",1020
"Mammalia","Bison bonasus","All",2.6,"A",15.7,"[15.6--15.7]",15.1,"[14.6--15.6]",22.9,"[22.8--22.9]",22.8,"[22.2--23.3]",1772
"Mammalia","Bos frontalis","Male",2.4,"A",10.1,"[10--10.4]",9.7,"[8.2--11.4]",18.3,"[18.2--18.3]",18.8,"[17--21.1]",138
"Mammalia","Bos frontalis","Female",2,"A",13.5,"[13.5--13.6]",13.9,"[11.6--16.2]",22.3,"[21.9--22.4]",22,"[21.1--22.9]",155
"Mammalia","Bos frontalis","All",1.8,"A",11.3,"[11.2--11.4]",11.1,"[9.8--12.6]",21.3,"[21.2--21.4]",21.1,"[20.2--22]",307
"Mammalia","Bos gaurus","Male",2.9,"A",10.8,"[10.7--11.3]",10.9,"[9.6--12.2]",17.5,"[17.3--17.5]",17.7,"[17--18.6]",259
"Mammalia","Bos gaurus","Female",2.1,"A",14.6,"[14.5--14.6]",13.8,"[12.7--14.9]",21.2,"[21.1--21.3]",21.3,"[20.3--22.4]",316
"Mammalia","Bos gaurus","All",2.1,"A",12.7,"[12.5--12.8]",12.2,"[11.3--13.2]",20,"[19.9--20.2]",20.4,"[19.7--21.2]",611
"Mammalia","Bos grunniens","Male",1.8,"A",12.8,"[12.8--12.9]",11.5,"[10.6--12.4]",21.8,"[21.8--22.1]",22,"[20.4--24.2]",633
"Mammalia","Bos grunniens","Female",1.9,"A",15.2,"[15.1--15.2]",15,"[14.2--15.7]",23.9,"[23.4--24.1]",24.9,"[23.7--26.3]",998
"Mammalia","Bos javanicus","Male",2.1,"A",11.5,"[11.3--11.6]",10.7,"[9.8--11.7]",19.2,"[19.1--19.2]",20.5,"[18.8--22.9]",432
"Mammalia","Bos javanicus","Female",1.9,"A",14.7,"[14.6--14.8]",14.4,"[13.5--15.3]",21.2,"[21.1--21.5]",22.1,"[21.3--23]",600
"Mammalia","Bos javanicus","All",1.8,"A",13.1,"[13--13.1]",12.7,"[12--13.5]",20.9,"[20.8--20.9]",21.5,"[20.7--22.5]",1068
"Mammalia","Bos primigenius","Male",1.6,"A",8.7,"[8.4--9]",8.2,"[6.3--10.6]",18.1,"[17--18.7]",20,"[16.2--27.2]",73
"Mammalia","Bos taurus","Male",1.6,"A",12.8,"[12.7--12.9]",12.4,"[11.8--13.1]",21.3,"[21.2--21.4]",22.8,"[21.7--24.3]",1866
"Mammalia","Bos taurus","Female",1.8,"A",15.3,"[15.3--15.4]",15,"[14.6--15.5]",24.1,"[24--24.1]",25.3,"[24.4--26.4]",3561
"Mammalia","Boselaphus tragocamelus","Male",1.6,"A",8.6,"[8.6--8.7]",8.4,"[7.7--9]",21.7,"[21.4--21.8]",20.7,"[18.9--23.1]",858
"Mammalia","Boselaphus tragocamelus","Female",1.8,"A",12,"[12--12.1]",11.6,"[11.2--12]",19.1,"[19.1--19.2]",19.5,"[18.8--20.3]",1391
"Mammalia","Brachylagus idahoensis","Male",0.8,"A",2,"[1.9--2]",2.1,"[1.8--2.4]",3.6,"[3.5--3.7]",4.2,"[3.5--5.5]",88
"Mammalia","Brachylagus idahoensis","Female",0.8,"A",2.3,"[2.2--2.4]",2.3,"[1.9--2.6]",3.7,"[3.6--3.8]",3.9,"[3.5--4.5]",92
"Mammalia","Brachylagus idahoensis","All",0.4,"A",1.9,"[1.8--1.9]",2,"[1.8--2.2]",3.7,"[3.6--3.8]",3.9,"[3.6--4.2]",242
"Mammalia","Bubalus arnee","Male",1.6,"A",10.8,"[10.3--11.6]",9.9,"[6--14.7]",20.9,"[20.7--21.2]",21.1,"[17.7--26.3]",35
"Mammalia","Bubalus arnee","All",1.9,"A",18.7,"[18.6--18.8]",16.6,"[12.6--20.4]",26.9,"[26.8--27.2]",26.5,"[24.7--29.3]",82
"Mammalia","Bubalus bubalis","Male",1.4,"A",12.5,"[12.4--12.6]",11.6,"[9.2--14.3]",26.6,"[26.4--26.8]",26.4,"[24.7--28.7]",376
"Mammalia","Bubalus bubalis","Female",2.2,"A",17.2,"[17.1--17.4]",16.7,"[15.4--18]",26.6,"[26.5--26.8]",27.4,"[25.3--30]",451
"Mammalia","Bubalus bubalis","All",2,"A",16.9,"[16.8--16.9]",16.1,"[14.9--17.2]",26.7,"[26.5--26.8]",27,"[25.4--28.9]",777
"Mammalia","Bubalus depressicornis","Male",3.6,"A",16.2,"[16.1--16.4]",15.8,"[13.6--17.8]",25,"[24.7--25.5]",26.4,"[23.8--30.5]",96
"Mammalia","Bubalus depressicornis","Female",2.9,"A",17.5,"[17.2--17.7]",16.1,"[13.2--18.9]",24.7,"[24--25]",25.6,"[23.9--28]",96
"Mammalia","Bubalus depressicornis","All",2.9,"A",16.8,"[16.6--17.1]",16,"[14.1--17.9]",25,"[24.7--25.5]",26.1,"[24.8--27.8]",200
"Mammalia","Budorcas taxicolor","Male",3.2,"A",14.1,"[14--14.2]",13.8,"[13.1--14.6]",18,"[17.9--18.3]",18.4,"[17.6--19.3]",293
"Mammalia","Budorcas taxicolor","Female",2.8,"A",15.8,"[15.8--15.9]",15.8,"[14.9--16.6]",20.9,"[20.7--21.6]",20.9,"[20--22]",342
"Mammalia","Budorcas taxicolor","All",2.5,"A",14.5,"[14.5--14.6]",14.6,"[14--15.2]",20.1,"[20.1--20.2]",19.9,"[19.3--20.7]",661
"Mammalia","Burramys parvus","Female",1,"A",6.1,"[5.9--6.2]",6.1,"[5.5--6.6]",7.9,"[7.8--7.9]",8,"[7.6--8.5]",99
"Mammalia","Burramys parvus","All",0.7,"A",6.1,"[6.1--6.2]",5.8,"[5.4--6.2]",8.2,"[8.1--8.3]",9.2,"[8.5--10.1]",219
"Mammalia","Callimico goeldii","Male",1.8,"A",9.5,"[9.5--9.6]",9.4,"[8.9--9.9]",19.6,"[19.5--19.6]",20.2,"[19--21.5]",972
"Mammalia","Callimico goeldii","Female",1.8,"A",9.8,"[9.7--9.8]",9.9,"[9.3--10.4]",19.7,"[19.5--19.8]",20.7,"[19.5--22]",903
"Mammalia","Callimico goeldii","All",1.6,"A",9.5,"[9.5--9.6]",9.5,"[9.1--9.8]",19.6,"[19.6--19.7]",20.4,"[19.5--21.4]",1922
"Mammalia","Callithrix geoffroyi","Male",1.6,"A",7.8,"[7.8--7.9]",7.8,"[7.4--8.3]",17.1,"[17--17.1]",17.3,"[16.1--18.6]",886
"Mammalia","Callithrix geoffroyi","Female",1.6,"A",7.1,"[7--7.1]",6.8,"[6.4--7.3]",15.5,"[15.3--15.6]",16,"[14.9--17.2]",822
"Mammalia","Callithrix geoffroyi","All",1.5,"A",7.3,"[7.3--7.4]",7.2,"[6.9--7.5]",16.4,"[16.4--16.5]",16.7,"[15.9--17.6]",1772
"Mammalia","Callithrix kuhlii","Male",1.7,"A",9,"[8.9--9.2]",9.2,"[7.7--10.7]",16.3,"[16.1--16.5]",16.5,"[15.3--18]",116
"Mammalia","Callithrix kuhlii","Female",1.8,"A",8.2,"[8.1--8.3]",7.9,"[6.7--9]",16.2,"[15.9--16.8]",14.8,"[12.7--17.7]",82
"Mammalia","Callithrix kuhlii","All",1.4,"A",8.7,"[8.6--8.8]",8.5,"[7.7--9.4]",16.6,"[16.5--16.8]",16.2,"[14.8--17.8]",215
"Mammalia","Callithrix penicillata","Female",1.5,"A",5.8,"[5.6--6]",6.1,"[5.5--6.8]",11.2,"[11.1--11.2]",11.2,"[10.1--12.7]",171
"Mammalia","Callosciurus prevostii","Male",1,"A",7.9,"[7.8--7.9]",7.9,"[7.2--8.7]",15.3,"[15.3--15.4]",15.2,"[14.5--16]",472
"Mammalia","Callosciurus prevostii","Female",0.7,"A",6.4,"[6.3--6.4]",6.2,"[5.6--6.8]",13.7,"[13.5--13.8]",13.4,"[12.6--14.4]",453
"Mammalia","Callosciurus prevostii","All",0.6,"A",7.1,"[7.1--7.2]",6.8,"[6.4--7.3]",15.3,"[15.3--15.4]",15.5,"[14.6--16.6]",1035
"Mammalia","Camelus bactrianus","Male",3.6,"A",18,"[17.9--18]",17.4,"[16.7--18]",25.9,"[25.7--26]",26.2,"[25.1--27.4]",826
"Mammalia","Camelus bactrianus","Female",2.1,"A",18.7,"[18.7--18.8]",18.6,"[18--19.2]",27.7,"[27.5--27.8]",27.2,"[26.6--27.8]",1564
"Mammalia","Camelus bactrianus","All",2.1,"A",18.3,"[18.2--18.3]",18,"[17.6--18.5]",27.3,"[27.3--27.4]",26.8,"[26.2--27.4]",2546
"Mammalia","Camelus dromedarius","Male",2.2,"A",19,"[18.9--19]",18.4,"[17.3--19.6]",31.4,"[29.4--33]",29.5,"[27.6--32.1]",682
"Mammalia","Camelus dromedarius","Female",2.9,"A",19.7,"[19.6--19.8]",18.8,"[18--19.6]",27.9,"[27.8--28]",28.2,"[26.7--30.2]",830
"Mammalia","Camelus dromedarius","All",2.8,"A",19.4,"[19.3--19.5]",18.8,"[18.1--19.4]",28.8,"[28.7--28.8]",28.7,"[27.5--30.2]",1477
"Mammalia","Canis aureus","Female",0.9,"A",9.9,"[9.8--10]",10,"[8.8--11.3]",21.1,"[20.3--21.6]",19.8,"[17.1--23.5]",169
"Mammalia","Canis aureus","All",0.9,"A",9.9,"[9.9--10]",10.1,"[9.3--10.9]",15.1,"[15--15.2]",15.1,"[14.4--15.9]",312
"Mammalia","Canis latrans","Male",0.8,"A",12.4,"[12--12.5]",11.9,"[10--13.5]",16.6,"[16.5--16.8]",17.2,"[16.2--18.7]",102
"Mammalia","Canis latrans","Female",0.8,"A",13.6,"[13.4--13.8]",13.3,"[11.7--14.8]",16.8,"[16.7--16.8]",17.4,"[16.5--18.6]",110
"Mammalia","Canis latrans","All",0.8,"A",12.8,"[12.8--12.9]",12.3,"[11.1--13.4]",16.6,"[16.5--16.6]",16.9,"[16.2--17.7]",232
"Mammalia","Canis mesomelas","Male",1.6,"A",13.1,"[12.7--13.3]",12,"[10.6--13.3]",16.3,"[16.2--16.3]",18,"[16.3--20.2]",84
"Mammalia","Canis mesomelas","Female",1.2,"A",11.2,"[11--11.4]",9.5,"[7.7--11.3]",15.8,"[15.5--16.4]",16.8,"[14.6--20.1]",79
"Mammalia","Canis mesomelas","All",1,"A",12,"[11.8--12.3]",10.9,"[9.8--12]",16.2,"[16.2--16.3]",17.4,"[16.1--19.1]",182
"Mammalia","Canis rufus","Male",2,"A",12,"[11.9--12.1]",11.7,"[11--12.2]",15.6,"[15.5--15.7]",17.2,"[16.2--18.6]",335
"Mammalia","Canis rufus","Female",2,"A",11.3,"[11.2--11.4]",11.6,"[11.1--12]",15.3,"[15.2--15.4]",15.2,"[14.8--15.6]",363
"Mammalia","Canis rufus","All",2,"A",11.7,"[11.7--11.9]",11.5,"[11.2--11.9]",15.6,"[15.6--15.7]",16.8,"[16.1--17.5]",704
"Mammalia","Capra aegagrus","Male",0.7,"A",7.8,"[7.7--7.9]",7.8,"[7--8.7]",15.5,"[15.4--15.6]",16.4,"[15--18.1]",591
"Mammalia","Capra aegagrus","Female",0.8,"A",8.7,"[8.6--8.7]",8.8,"[8.2--9.4]",15.3,"[15.2--15.6]",16.1,"[15.1--17.2]",683
"Mammalia","Capra caucasica","Male",2,"A",9.7,"[9.6--9.8]",9.7,"[8.9--10.5]",17.2,"[16.9--18.9]",18.7,"[17--20.8]",545
"Mammalia","Capra caucasica","Female",1.9,"A",8.2,"[8.1--8.2]",8.4,"[7.8--9]",17.3,"[17.1--17.3]",17.5,"[16.2--18.9]",662
"Mammalia","Capra caucasica","All",1.9,"A",9,"[8.9--9]",8.9,"[8.4--9.4]",17.6,"[17.4--17.9]",18.2,"[17.2--19.6]",1221
"Mammalia","Capra falconeri","Male",2,"A",9.3,"[9.2--9.3]",8.8,"[8.3--9.5]",15,"[15--15.1]",15.4,"[14.7--16.3]",847
"Mammalia","Capra falconeri","Female",1.1,"A",7.8,"[7.7--7.9]",7.5,"[7--8]",16.2,"[16.2--16.3]",16.9,"[15.9--17.9]",1290
"Mammalia","Capra falconeri","All",1,"A",7.9,"[7.9--8]",7.7,"[7.3--8.1]",15.8,"[15.8--15.9]",16.2,"[15.7--16.9]",2490
"Mammalia","Capra ibex","Male",2,"A",11.1,"[11.1--11.2]",11,"[10.3--11.7]",17.7,"[17.5--17.8]",17.6,"[16.7--18.7]",692
"Mammalia","Capra ibex","Female",2,"A",10.1,"[10--10.1]",9.9,"[9.4--10.5]",17.4,"[17.3--17.4]",17.6,"[17--18.4]",842
"Mammalia","Capra ibex","All",1.9,"A",10.3,"[10.3--10.4]",10.3,"[9.8--10.7]",17.4,"[17.4--17.5]",17.6,"[17--18.1]",1584
"Mammalia","Capra nubiana","Male",1.7,"A",7.5,"[7.5--7.6]",7.3,"[6.8--7.9]",15.7,"[15.7--15.9]",15.7,"[14.8--16.8]",1184
"Mammalia","Capra nubiana","Female",1.1,"A",8.7,"[8.7--8.8]",8.3,"[7.8--8.8]",16.5,"[16.4--16.6]",16.8,"[16.2--17.5]",1622
"Mammalia","Capra nubiana","All",1,"A",7.6,"[7.6--7.7]",7.5,"[7.1--8]",16.6,"[16.6--16.7]",16.5,"[16--17.1]",3302
"Mammalia","Capra pyrenaica","All",2.3,"A",10.6,"[10.5--11.2]",10,"[7.8--12.8]",16.8,"[16.3--17]",19.1,"[16.2--28]",69
"Mammalia","Capra sibirica","Male",1.9,"A",8.6,"[8.5--8.9]",8.2,"[7.3--9.2]",14.7,"[14.4--15.5]",15.1,"[14--16.7]",321
"Mammalia","Capra sibirica","Female",1.1,"A",9.9,"[9.6--10]",9.1,"[8.2--10.2]",17.1,"[17.1--17.2]",16.9,"[16.2--17.6]",531
"Mammalia","Capra sibirica","All",1.1,"A",8.9,"[8.8--8.9]",8.4,"[7.7--9.2]",16.4,"[16.2--16.6]",16.2,"[15.6--17]",994
"Mammalia","Capreolus capreolus","Male",1,"A",4.5,"[4.4--4.6]",4.3,"[3.6--5.2]",9.4,"[9.2--9.5]",9.5,"[8.6--10.7]",165
"Mammalia","Capreolus capreolus","Female",1.9,"A",6.6,"[6.6--6.7]",6.7,"[6--7.6]",12.5,"[12.4--12.7]",12.4,"[11.6--13.4]",211
"Mammalia","Capreolus capreolus","All",1.9,"A",6,"[6--6.1]",6.1,"[5.6--6.7]",11,"[10.8--11]",11.2,"[10.6--11.9]",332
"Mammalia","Capricornis crispus","Male",2.1,"A",12.3,"[12--12.5]",11.8,"[9.5--14.4]",21.6,"[21.4--22.5]",21.7,"[19.3--24.8]",73
"Mammalia","Capricornis crispus","Female",2,"A",8.3,"[8.2--8.5]",8,"[6.5--9.9]",20.6,"[18.4--22.5]",21.7,"[17.7--25.7]",80
"Mammalia","Capricornis crispus","All",1.9,"A",10.5,"[10.2--10.9]",9.6,"[8.1--11.3]",21.9,"[21.4--22.5]",22.7,"[20.4--25.6]",158
"Mammalia","Capricornis sumatraensis","All",2.6,"A",11.1,"[10.9--11.6]",11.3,"[8.3--13.8]",15.3,"[15.2--15.3]",15.5,"[14.7--16.8]",35
"Mammalia","Capromys pilorides","Male",1.3,"A",5.6,"[5.5--5.7]",5.5,"[4.5--6.6]",12.7,"[12.6--12.8]",13,"[11.5--15.3]",150
"Mammalia","Capromys pilorides","Female",1.3,"A",6.2,"[6.1--6.2]",6.3,"[5.5--7.2]",14.1,"[13.5--14.3]",14,"[12.1--16.7]",146
"Mammalia","Capromys pilorides","All",1.2,"A",5.8,"[5.8--5.9]",5.7,"[5.1--6.3]",12.6,"[12.3--12.8]",13,"[11.8--14.7]",318
"Mammalia","Caracal caracal","Male",1.2,"A",13,"[13--13.1]",12.4,"[11.6--13.3]",18.6,"[18.5--19.3]",19.5,"[18.4--20.8]",419
"Mammalia","Caracal caracal","Female",1.2,"A",11.5,"[11.3--11.6]",11.6,"[10.8--12.6]",18.5,"[18.5--18.6]",18.7,"[17.9--19.5]",439
"Mammalia","Caracal caracal","All",1.2,"A",12.6,"[12.4--12.7]",12.1,"[11.5--12.8]",18.6,"[18.5--18.6]",19,"[18.4--19.7]",864
"Mammalia","Carollia perspicillata","Male",0.7,"A",5.5,"[5.5--5.6]",5.5,"[5--6]",12.7,"[12.7--12.8]",13,"[11.9--14.4]",517
"Mammalia","Carollia perspicillata","Female",0.6,"A",7.4,"[7.4--7.5]",7.5,"[6.8--8.2]",17.5,"[17.5--17.7]",17.7,"[16.7--18.9]",568
"Mammalia","Carollia perspicillata","All",0.3,"A",5.8,"[5.7--5.8]",5.8,"[5.4--6.2]",16.3,"[16.3--16.4]",16.1,"[15.2--17.2]",1351
"Mammalia","Castor canadensis","Male",1.9,"A",9.6,"[9.5--9.8]",9.6,"[8.3--11.2]",19.8,"[18.6--20]",19.4,"[17.9--20.8]",240
"Mammalia","Castor canadensis","Female",1.3,"A",11.3,"[11.2--11.4]",10.5,"[9.3--11.7]",19.9,"[19.7--19.9]",19.9,"[18.2--22.3]",267
"Mammalia","Castor canadensis","All",1.1,"A",9.7,"[9.7--9.8]",9.4,"[8.4--10.4]",20.4,"[20.3--20.5]",21.4,"[19.6--23.7]",684
"Mammalia","Catagonus wagneri","Female",2,"A",16.2,"[16.1--16.3]",16.3,"[15--17.6]",20.6,"[20.6--20.7]",20.9,"[19.6--22.6]",120
"Mammalia","Catagonus wagneri","All",1.6,"A",17,"[16.9--17.8]",17.5,"[16.2--18.7]",22.2,"[22--22.3]",22.4,"[21.2--23.9]",233
"Mammalia","Catopuma temminckii","Male",2,"A",12.9,"[12.7--13]",12.6,"[11.2--13.9]",17.1,"[17--17.2]",17.5,"[16.6--18.6]",67
"Mammalia","Catopuma temminckii","Female",2,"A",11,"[10.9--11.3]",9.9,"[7.4--12.7]",18.8,"[18--20]",19.1,"[17.1--21.3]",51
"Mammalia","Catopuma temminckii","All",2,"A",12.1,"[12--12.4]",11.9,"[10.6--13.3]",17.9,"[17.8--18]",18.4,"[17.4--19.4]",119
"Mammalia","Cavia aperea","Male",0.2,"A",1.2,"[1.1--1.2]",1.2,"[1--1.5]",5.7,"[5.7--5.9]",5.7,"[4.8--7.1]",340
"Mammalia","Cavia aperea","Female",0.3,"A",2.4,"[2.3--2.4]",2.4,"[2.1--2.7]",6.2,"[6.1--6.3]",6.5,"[5.8--7.5]",420
"Mammalia","Cavia aperea","All",0.2,"A",1.6,"[1.5--1.7]",1.6,"[1.4--1.8]",5.9,"[5.7--5.9]",5.9,"[5.4--6.4]",940
"Mammalia","Cavia magna","Male",0.5,"A",2.3,"[2.3--2.4]",2.3,"[1.9--2.8]",11,"[10.3--11.8]",7.1,"[5.7--9.4]",127
"Mammalia","Cavia magna","All",0.3,"A",2.1,"[2.1--2.2]",2.2,"[1.9--2.5]",11.8,"[11.7--11.8]",7.9,"[6.7--9.8]",402
"Mammalia","Cavia porcellus","Male",0.3,"A",4.5,"[4.4--4.5]",4.5,"[4.3--4.7]",7.6,"[7.6--7.7]",7.6,"[7.3--7.9]",1626
"Mammalia","Cebuella niveiventris","Male",1.4,"A",6.8,"[6.7--6.8]",6.8,"[6--7.6]",12.5,"[11--12.6]",12.4,"[11--14.5]",146
"Mammalia","Cebuella niveiventris","Female",1.1,"A",6,"[6--6.1]",6.1,"[5.4--6.9]",10.7,"[10.3--10.8]",11.1,"[9.8--12.7]",143
"Mammalia","Cebuella niveiventris","All",1.2,"A",6.4,"[6.3--6.5]",6.5,"[6--7.1]",12,"[11--12.4]",11.8,"[10.8--13.1]",294
"Mammalia","Cebuella pygmaea","Male",1.4,"A",7.2,"[7.1--7.3]",7.2,"[6.9--7.5]",16.1,"[16.1--16.2]",16.8,"[15.9--17.7]",1749
"Mammalia","Cebuella pygmaea","Female",1.3,"A",6.6,"[6.6--6.7]",6.6,"[6.3--6.9]",13.5,"[13.4--13.5]",14.9,"[14.1--15.7]",1704
"Mammalia","Cebus olivaceus","All",3.7,"A",20.7,"[19.6--21.4]",22.6,"[18.6--26.8]",37.4,"[36.2--38.9]",38.5,"[33.8--46.9]",134
"Mammalia","Cephalophus dorsalis","Male",1.4,"A",6.1,"[6--6.2]",5.6,"[4.6--6.8]",12.9,"[12.8--13]",12.2,"[10.3--14.9]",72
"Mammalia","Cephalophus dorsalis","Female",1.6,"A",7.9,"[7.7--8.2]",7.5,"[6--8.9]",13.4,"[13.3--13.4]",13.3,"[12.1--14.6]",78
"Mammalia","Cephalophus dorsalis","All",1.2,"A",6.9,"[6.7--7]",6.6,"[5.7--7.6]",13.4,"[13.3--13.4]",13.1,"[12--14.4]",156
"Mammalia","Cephalophus natalensis","Male",1.4,"A",7.3,"[7.1--8.2]",6.9,"[5.5--8.6]",14.5,"[14.4--14.6]",15.5,"[12.7--20.2]",65
"Mammalia","Cephalophus natalensis","Female",1.6,"A",6.3,"[6.1--6.4]",6,"[4.7--7.9]",14.7,"[14.5--14.9]",15.8,"[12.2--21.5]",61
"Mammalia","Cephalophus natalensis","All",1.2,"A",6.5,"[6.4--6.6]",6.4,"[5.4--7.7]",15,"[14.9--15.1]",17,"[14.3--20.6]",131
"Mammalia","Cephalophus niger","Male",1.2,"A",11,"[9.8--11.3]",8.2,"[5.3--12.5]",17.7,"[16.4--19.1]",18.7,"[15.1--25.5]",31
"Mammalia","Cephalophus niger","All",1.2,"A",7,"[6.9--7.6]",7.1,"[5.5--9.2]",15.8,"[15.4--16.4]",17.6,"[14.6--22.4]",61
"Mammalia","Cephalophus rufilatus","Male",1.7,"A",5.8,"[5.7--5.8]",6.1,"[5--7.4]",12.1,"[12--12.4]",12.1,"[10.8--13.7]",74
"Mammalia","Cephalophus rufilatus","Female",1.4,"A",6,"[5.9--6.3]",5.8,"[4.8--6.8]",10.6,"[10.3--10.8]",11,"[9.6--13]",72
"Mammalia","Cephalophus rufilatus","All",1.4,"A",5.8,"[5.7--5.9]",6.1,"[5.4--6.9]",11.6,"[11.5--11.6]",11.6,"[10.6--12.9]",148
"Mammalia","Cephalophus silvicultor","Male",2.5,"A",12.5,"[12.3--12.6]",11.3,"[9.6--13.5]",22.8,"[22.7--22.9]",22.7,"[20.6--24.6]",120
"Mammalia","Cephalophus silvicultor","Female",2.1,"A",11.2,"[11.1--11.4]",11.4,"[9.9--12.8]",21.5,"[21.5--21.6]",20.6,"[18.2--23.8]",115
"Mammalia","Cephalophus silvicultor","All",2.1,"A",11.4,"[11.3--11.5]",11.7,"[10.3--13.1]",22.5,"[22--22.6]",22.1,"[20.5--24]",238
"Mammalia","Ceratotherium simum","Male",7,"A",35.5,"[34.7--35.8]",35.5,"[33.5--37.4]",44.3,"[43.4--44.8]",44.1,"[42.2--46.8]",275
"Mammalia","Ceratotherium simum","All",4.7,"A",36.4,"[36.4--36.5]",37.1,"[35.5--38.7]",47.7,"[47--47.9]",46.6,"[44.7--48.8]",637
"Mammalia","Cercocebus chrysogaster","Female",4.2,"A",16.8,"[16--17.5]",15.8,"[13--18.5]",23.9,"[23--24.5]",27.7,"[23.2--35.8]",41
"Mammalia","Cercocebus chrysogaster","All",4.2,"A",16.3,"[16.3--16.4]",16,"[14.1--18]",23.3,"[23--24.5]",25.9,"[23.1--29.9]",73
"Mammalia","Cercocebus torquatus","Male",5.5,"A",22.2,"[21.9--22.5]",21.9,"[18.9--24.7]",29.3,"[29.3--29.4]",29.7,"[27.9--32.8]",96
"Mammalia","Cercocebus torquatus","Female",4.4,"A",20.2,"[19.8--20.5]",20.4,"[18--22.9]",30.3,"[30.3--30.4]",29.7,"[27.5--32.4]",113
"Mammalia","Cercocebus torquatus","All",4.1,"A",20.6,"[20.5--21]",20.8,"[18.8--22.6]",30.3,"[30.3--30.4]",30.4,"[28.8--32.6]",225
"Mammalia","Cercopithecus ascanius","All",3.6,"A",17.2,"[16.9--17.3]",18,"[15.7--20.3]",25.7,"[25.7--25.8]",25.9,"[24.4--28.3]",149
"Mammalia","Cercopithecus diana","Male",6,"A",20.2,"[20--20.3]",19.4,"[17.8--21]",27.7,"[27.5--27.8]",28.5,"[27--30.2]",181
"Mammalia","Cercopithecus diana","Female",4.7,"A",20.2,"[19.7--20.5]",20,"[18.3--21.7]",29.2,"[29.1--29.2]",30,"[28.4--31.8]",221
"Mammalia","Cercopithecus diana","All",4.9,"A",20.2,"[20--20.3]",19.6,"[18.5--20.8]",28.6,"[28.4--28.8]",29.7,"[28.5--31]",412
"Mammalia","Cercopithecus mitis","Female",4.6,"A",19,"[18.9--20]",18.4,"[16--20.8]",28.3,"[27.6--30.6]",29.7,"[26.5--34.8]",97
"Mammalia","Cercopithecus mitis","All",3.2,"A",17.2,"[17.1--17.4]",17.1,"[15.4--19]",27.6,"[27.6--27.7]",28.6,"[26--32.2]",187
"Mammalia","Cercopithecus neglectus","Male",4.1,"A",16.9,"[16.8--17]",17.6,"[16.7--18.6]",27.6,"[27.6--27.9]",27.1,"[25.3--29.3]",391
"Mammalia","Cercopithecus neglectus","Female",3.9,"A",19.9,"[19.8--20]",19.2,"[17.7--20.7]",32.1,"[32.1--32.2]",31.7,"[29.8--34.1]",386
"Mammalia","Cercopithecus neglectus","All",3.1,"A",18,"[17.9--18.1]",18.2,"[17.3--19.1]",29.7,"[29.4--30.6]",29.8,"[28.3--31.7]",851
"Mammalia","Cercopithecus petaurista","All",5.5,"A",20,"[19.2--20.7]",19.3,"[16.2--22.2]",25.6,"[25--25.9]",26.7,"[24.6--30.5]",64
"Mammalia","Cerdocyon thous","All",0.8,"A",7.9,"[7.7--8]",7.5,"[5.7--9.6]",13,"[13--13.1]",13.6,"[11.9--16.5]",65
"Mammalia","Cervus albirostris","Male",1,"A",9.1,"[9--9.2]",8.5,"[6.7--10.3]",18,"[17.9--18.4]",18.5,"[16.1--22.5]",152
"Mammalia","Cervus albirostris","Female",2.1,"A",12.4,"[12.3--12.5]",12.8,"[11--14.7]",20.9,"[20.5--21]",21.7,"[20.1--23.8]",141
"Mammalia","Cervus albirostris","All",2,"A",12.1,"[12--12.1]",12,"[10.7--13.4]",20.7,"[20.5--20.8]",20.9,"[19.5--22.5]",252
"Mammalia","Cervus canadensis","Male",1.9,"A",12.8,"[12.8--12.9]",12,"[11.2--12.8]",20.1,"[20.1--20.3]",21.3,"[20.1--22.8]",819
"Mammalia","Cervus canadensis","Female",1.9,"A",16.5,"[16.4--16.5]",15.6,"[15--16.2]",24.2,"[24.1--24.2]",25.3,"[24.3--26.4]",1542
"Mammalia","Cervus elaphus","Male",1.9,"A",9.5,"[9.4--9.6]",9.2,"[8.5--9.9]",17.5,"[17.5--17.6]",18,"[16.9--19.2]",702
"Mammalia","Cervus elaphus","Female",1.8,"A",14.5,"[14.4--14.5]",14.4,"[13.8--15]",23.6,"[23.5--23.6]",23.5,"[22.5--24.7]",1458
"Mammalia","Cervus elaphus","All",1.6,"A",12.7,"[12.6--12.8]",12.6,"[12.1--13.1]",23,"[22.9--23]",22.5,"[21.6--23.5]",2333
"Mammalia","Cervus hanglu","Male",1.9,"A",8,"[7.8--8.1]",8.2,"[7.3--9.1]",15.4,"[15.3--16.1]",15.2,"[13.7--17]",184
"Mammalia","Cervus hanglu","Female",1.8,"A",10.6,"[10.5--10.7]",10.7,"[9.4--12.2]",19,"[19--19.1]",19.2,"[18--20.5]",221
"Mammalia","Cervus hanglu","All",1.9,"A",9.7,"[9.6--9.8]",9.5,"[8.7--10.5]",18.2,"[18.1--18.3]",18,"[16.9--19.1]",407
"Mammalia","Cervus nippon","Male",1.9,"A",7.9,"[7.9--8]",7.6,"[7.2--8]",17.8,"[17.8--17.9]",18.6,"[17.4--20.1]",1703
"Mammalia","Cervus nippon","Female",1.2,"A",12.7,"[12.7--12.8]",12.3,"[11.9--12.7]",21.4,"[21.3--21.4]",21.8,"[21.2--22.5]",2904
"Mammalia","Cervus nippon","All",1.2,"A",10,"[9.9--10]",9.7,"[9.3--10]",20.6,"[20.6--20.7]",21,"[20.4--21.6]",5423
"Mammalia","Chaetophractus villosus","All",0.8,"A",14.4,"[14.3--14.4]",14.2,"[12.6--16]",25.8,"[25.8--25.9]",29.2,"[25.2--35.7]",306
"Mammalia","Cheirogaleus medius","Male",1.4,"A",13.4,"[13.4--13.5]",12.9,"[11.7--14.1]",20.3,"[20.2--20.5]",21.1,"[19.8--22.8]",188
"Mammalia","Cheirogaleus medius","Female",1.1,"A",13.3,"[13.1--13.5]",13.7,"[11.8--15.4]",21.6,"[21.5--21.7]",21.3,"[20.2--22.4]",163
"Mammalia","Cheirogaleus medius","All",1,"A",13.4,"[13.3--13.5]",13.1,"[12.1--14.1]",21.4,"[21.3--21.4]",21.3,"[20.4--22.3]",361
"Mammalia","Chinchilla lanigera","Male",0.8,"A",7.8,"[7.8--7.9]",7.8,"[7.2--8.4]",19.6,"[19.6--19.7]",19.4,"[17.9--21.4]",883
"Mammalia","Chinchilla lanigera","Female",0.6,"A",8,"[8--8.1]",8,"[7.4--8.6]",17,"[16.8--17.1]",17.4,"[16.4--18.5]",885
"Mammalia","Chinchilla lanigera","All",0.5,"A",7.5,"[7.4--7.5]",7.4,"[7--7.8]",17.5,"[17.5--17.6]",18,"[17.2--18.9]",2013
"Mammalia","Chlorocebus aethiops","Male",2.7,"A",18.4,"[18.3--18.5]",18.2,"[15.7--20.7]",31.8,"[30.1--32.5]",32.3,"[29.2--37.9]",335
"Mammalia","Chlorocebus aethiops","Female",2.6,"A",19.8,"[19.7--20]",20.1,"[18.5--21.7]",29.1,"[29--29.5]",29.7,"[27.7--32.5]",314
"Mammalia","Chlorocebus aethiops","All",1.7,"A",18.7,"[18.5--18.8]",18.9,"[17.6--20.2]",31.8,"[31.7--31.8]",33.7,"[30.8--38]",779
"Mammalia","Choeropsis liberiensis","Male",3.9,"A",30.5,"[30.4--30.8]",30.9,"[28.6--33.4]",43.5,"[43.1--43.6]",42.7,"[40.3--45.7]",203
"Mammalia","Choeropsis liberiensis","Female",4.7,"A",29.5,"[29.3--29.7]",28.5,"[26.6--30.2]",42.3,"[42.1--42.5]",43.1,"[40.1--47]",321
"Mammalia","Choeropsis liberiensis","All",3.9,"A",30.3,"[30.3--30.4]",29.5,"[27.9--31.1]",43.4,"[43.1--43.6]",42.3,"[40.6--44.3]",535
"Mammalia","Choloepus didactylus","Male",2.8,"A",24.3,"[24.1--24.7]",23.1,"[19.8--26.3]",32.4,"[32.4--32.6]",33.4,"[31.7--36.2]",294
"Mammalia","Choloepus didactylus","Female",1.6,"A",17.7,"[17.7--17.8]",17.6,"[15.3--19.9]",42.4,"[37.2--43.9]",41.3,"[34.5--52.1]",364
"Mammalia","Choloepus didactylus","All",1.9,"A",21.7,"[21.6--22]",19.5,"[17.5--21.6]",41,"[40--43.9]",43.1,"[37.8--56.6]",711
"Mammalia","Chrysocyon brachyurus","Male",1.9,"A",10.9,"[10.9--11]",11,"[10.6--11.4]",14.9,"[14.8--14.9]",14.8,"[14.5--15]",551
"Mammalia","Chrysocyon brachyurus","Female",1.9,"A",11.5,"[11.4--11.5]",11.5,"[11.1--11.9]",14.9,"[14.9--15]",14.9,"[14.6--15.2]",543
"Mammalia","Chrysocyon brachyurus","All",1.7,"A",11.2,"[11.1--11.3]",11.1,"[10.8--11.4]",15.1,"[15.1--15.2]",15.4,"[15.1--15.8]",1136
"Mammalia","Coendou prehensilis","Male",1.5,"A",11.3,"[10.7--11.5]",10.8,"[9.2--12.6]",20.9,"[20.8--21.7]",20.9,"[19.1--24.1]",183
"Mammalia","Coendou prehensilis","Female",1.8,"A",12,"[12--12.1]",12.3,"[10.6--13.9]",21.8,"[21.7--21.9]",21.9,"[20.4--24.1]",205
"Mammalia","Coendou prehensilis","All",1.5,"A",11.8,"[11.7--11.9]",11.7,"[10.5--12.9]",21.7,"[21.7--21.8]",21.7,"[20.4--23.2]",396
"Mammalia","Colobus angolensis","Female",3.1,"A",17.9,"[17.7--18.1]",17.3,"[14.8--19.6]",21.5,"[21.4--21.6]",23.3,"[21.5--27.9]",109
"Mammalia","Colobus guereza","Male",3.8,"A",17.4,"[17.3--17.5]",17.2,"[16.1--18.2]",31,"[30.9--31.1]",31.7,"[30.1--33.7]",906
"Mammalia","Colobus guereza","Female",3.5,"A",14.2,"[14.1--14.2]",14.2,"[13.5--14.9]",28.3,"[28.2--28.3]",28.3,"[26.9--30.1]",1007
"Mammalia","Colobus guereza","All",3.3,"A",15.2,"[15.1--15.2]",15.2,"[14.6--15.8]",29.3,"[29.3--29.4]",30,"[28.8--31.3]",2004
"Mammalia","Colobus polykomos","Female",4.2,"A",15,"[14.9--15.2]",13.6,"[11.2--16.3]",24.4,"[23.7--27.6]",27.2,"[22.5--34.7]",57
"Mammalia","Colobus polykomos","All",3.6,"A",15,"[14.9--15.2]",13.9,"[12.2--15.8]",24.3,"[24--24.4]",26.4,"[23.2--31]",126
"Mammalia","Connochaetes gnou","Male",2.8,"A",10.9,"[10.8--11]",9.6,"[8.2--10.8]",16.3,"[16.2--16.3]",17.7,"[16.2--19.8]",169
"Mammalia","Connochaetes gnou","Female",1.8,"A",11.9,"[11.8--12]",11.3,"[10.5--12.1]",16.8,"[16.7--16.8]",17,"[16.4--17.6]",352
"Mammalia","Connochaetes gnou","All",1.8,"A",11,"[11--11.1]",10.3,"[9.5--11]",16.5,"[16.5--16.7]",16.8,"[16.3--17.5]",597
"Mammalia","Connochaetes taurinus","Male",2,"A",9.4,"[9.4--9.5]",8.5,"[7.9--9.2]",26.6,"[23.3--27.1]",24.1,"[21.8--26.8]",820
"Mammalia","Connochaetes taurinus","Female",2,"A",12.7,"[12.6--12.8]",12.3,"[11.8--12.9]",22.4,"[22.4--22.5]",22.3,"[21.2--23.8]",1214
"Mammalia","Connochaetes taurinus","All",1.8,"A",11.5,"[11.5--11.6]",10.9,"[10.4--11.4]",22.6,"[22.6--22.7]",22.6,"[21.6--23.8]",2246
"Mammalia","Cricetomys emini","All",0.4,"A",4.7,"[4.6--5]",4.3,"[3.1--5.5]",6.7,"[6.4--6.8]",7.6,"[6.8--8.9]",48
"Mammalia","Cricetomys gambianus","Male",0.7,"A",3.9,"[3.9--4]",4.1,"[3.4--4.7]",6.5,"[5.9--6.7]",6.6,"[6--7.6]",115
"Mammalia","Cricetomys gambianus","Female",0.6,"A",4.3,"[4.2--4.5]",4.2,"[3.5--4.9]",6.7,"[6.5--6.7]",7.2,"[6.6--7.8]",124
"Mammalia","Cricetomys gambianus","All",0.6,"A",4.4,"[4.3--4.5]",4.3,"[3.8--4.9]",7.8,"[7.7--7.8]",7.8,"[7.3--8.3]",262
"Mammalia","Crocuta crocuta","Male",2.8,"A",21.5,"[21.3--21.7]",21.8,"[20.5--23.2]",27.8,"[27.5--28.4]",28.3,"[27--30]",223
"Mammalia","Crocuta crocuta","Female",2,"A",18.6,"[18.6--18.8]",18.3,"[16.9--19.9]",26.5,"[26.4--26.5]",27.9,"[25.5--31.5]",234
"Mammalia","Crocuta crocuta","All",2,"A",20,"[20--20.1]",20.2,"[19.1--21.3]",27.1,"[27--27.2]",27.2,"[26.2--28.5]",507
"Mammalia","Crossarchus obscurus","Male",1,"A",5.9,"[5.8--5.9]",5.9,"[4.8--7]",11.5,"[11--12]",11.6,"[10.2--13.7]",87
"Mammalia","Crossarchus obscurus","Female",1.3,"A",6.8,"[6.6--7.1]",6.8,"[5.6--8.1]",12.3,"[12.2--12.6]",12.4,"[11.5--13.4]",106
"Mammalia","Crossarchus obscurus","All",0.9,"A",5.9,"[5.8--5.9]",6,"[5.2--6.8]",12.3,"[12.2--12.6]",12.1,"[11.3--12.9]",210
"Mammalia","Cryptoprocta ferox","Male",2.7,"A",16.6,"[16.3--17.7]",16.8,"[15.4--18]",21.1,"[20.9--21.2]",23.1,"[21.4--25.2]",112
"Mammalia","Cryptoprocta ferox","All",2.9,"A",18.6,"[18.5--18.6]",18.2,"[17.2--19.1]",23.1,"[22.7--23.3]",23,"[22.1--24.1]",197
"Mammalia","Ctenodactylus gundi","Female",0.4,"A",3.6,"[3.5--3.6]",3.5,"[3.2--3.9]",6.3,"[6.3--6.4]",6.2,"[5.9--6.6]",303
"Mammalia","Cuniculus paca","Male",0.5,"A",5.1,"[5.1--5.2]",4.8,"[4.1--5.7]",14.3,"[14.1--14.7]",14.7,"[12.4--17.5]",175
"Mammalia","Cuniculus paca","Female",1.3,"A",5.6,"[5.5--6.1]",5.7,"[4.9--6.8]",14.5,"[13.4--15.9]",14.9,"[12.6--17.9]",131
"Mammalia","Cuniculus paca","All",0.7,"A",5.2,"[5.1--5.2]",5.2,"[4.6--5.8]",14.6,"[14.5--14.7]",14.3,"[12.5--16.4]",323
"Mammalia","Cuniculus taczanowskii","Male",1,"A",7,"[5.8--7.2]",6.2,"[4.2--8.5]",10.5,"[10.2--10.6]",11.3,"[9.8--13.6]",30
"Mammalia","Cuniculus taczanowskii","All",1,"A",5.8,"[5.2--5.9]",5.8,"[4.5--7.3]",10.1,"[9.9--10.2]",10.2,"[9.4--11.1]",58
"Mammalia","Cuon alpinus","Male",2,"A",10.6,"[10.6--10.7]",10.5,"[10--11]",14.9,"[14.8--15.1]",16.5,"[15.5--17.8]",440
"Mammalia","Cuon alpinus","Female",2,"A",10.4,"[10.2--10.5]",10.1,"[9.5--10.7]",14.9,"[14.9--15]",17.1,"[15.9--18.5]",405
"Mammalia","Cuon alpinus","All",1.8,"A",10.4,"[10.4--10.5]",10.2,"[9.8--10.6]",14.9,"[14.9--15]",16.7,"[15.9--17.6]",877
"Mammalia","Cynictis penicillata","Male",0.8,"A",10.9,"[10.8--10.9]",10.5,"[9.7--11.4]",19.3,"[19.1--19.4]",18.5,"[16.7--20.7]",381
"Mammalia","Cynictis penicillata","Female",0.9,"A",11.6,"[11.5--11.7]",10.8,"[10--11.5]",16.8,"[16.8--16.9]",18,"[16.8--19.6]",424
"Mammalia","Cynictis penicillata","All",0.7,"A",10.9,"[10.8--11]",10.4,"[9.8--11]",17,"[16.9--17.2]",17.8,"[16.8--19]",878
"Mammalia","Cynomys ludovicianus","Male",0.8,"A",5.7,"[5.7--5.8]",6,"[5.7--6.3]",14.4,"[14.3--14.4]",13.1,"[12.3--14.2]",1258
"Mammalia","Cynomys ludovicianus","Female",0.8,"A",5.9,"[5.9--6]",6.2,"[5.9--6.4]",14.2,"[14--14.4]",13.4,"[12.5--14.3]",1378
"Mammalia","Cynopterus brachyotis","Male",1.4,"A",7.8,"[7.7--7.8]",7.4,"[6--8.8]",11.1,"[10.8--11.3]",11.6,"[10.7--12.5]",47
"Mammalia","Cynopterus brachyotis","Female",0.7,"A",10.7,"[10.2--10.9]",10,"[8.1--11.9]",16.9,"[16.8--17]",18.7,"[16--22.6]",45
"Mammalia","Cynopterus brachyotis","All",1.1,"A",9.2,"[9.1--9.2]",8.8,"[7.6--10.1]",16.8,"[16.8--16.9]",17.7,"[15.5--20.8]",99
"Mammalia","Dama dama","Male",1.4,"A",7.6,"[7.6--7.7]",7.5,"[7.1--7.8]",18.6,"[18.5--18.6]",19.7,"[18.3--21.5]",2786
"Mammalia","Dama mesopotamica","Male",2.6,"A",9.9,"[9.5--10]",10,"[9.3--10.7]",13.5,"[13.4--13.6]",13.6,"[13.1--14.2]",306
"Mammalia","Dama mesopotamica","Female",1.9,"A",13.5,"[13.5--13.6]",13.6,"[12.9--14.4]",20,"[19.5--20.1]",20.2,"[19.1--22]",405
"Mammalia","Dama mesopotamica","All",1.8,"A",12.3,"[12.3--12.4]",12.3,"[11.6--12.9]",21,"[20.7--21]",21.1,"[19.7--22.9]",849
"Mammalia","Damaliscus korrigum","Male",2,"A",8.2,"[8.1--9.1]",8.2,"[6.5--10.2]",16.4,"[15.3--17.6]",16.4,"[13.5--20.2]",48
"Mammalia","Damaliscus korrigum","Female",2,"A",8.3,"[8--8.7]",7.6,"[6.3--9]",13.7,"[13.5--15.4]",13.6,"[12--15.7]",60
"Mammalia","Damaliscus korrigum","All",2,"A",8.9,"[8.7--9]",8.2,"[6.9--9.4]",16.7,"[16.1--16.9]",17.6,"[15.3--20.7]",114
"Mammalia","Damaliscus pygargus","Male",2.2,"A",8.2,"[8.1--8.2]",8,"[7.5--8.5]",14.4,"[14.3--14.7]",15.1,"[14.3--16.2]",600
"Mammalia","Damaliscus pygargus","Female",1.9,"A",9.9,"[9.8--9.9]",9.7,"[9.3--10.1]",15.7,"[15.6--15.8]",16.6,"[15.8--17.4]",904
"Mammalia","Damaliscus pygargus","All",1.9,"A",9.2,"[9.2--9.3]",9,"[8.7--9.3]",15.3,"[15.3--15.4]",16,"[15.5--16.6]",1561
"Mammalia","Dasycercus cristicauda","All",0.9,"A",4.4,"[4.4--4.6]",4.2,"[3.5--4.8]",6.2,"[5.9--6.3]",6.3,"[5.6--7.2]",33
"Mammalia","Dasyprocta azarae","Male",1.1,"A",8.2,"[8.1--8.3]",7.7,"[6.9--8.4]",15.5,"[14.4--15.8]",14.9,"[13.4--17]",337
"Mammalia","Dasyprocta azarae","Female",0.8,"A",9,"[8.9--9]",9.1,"[8.1--10.1]",14.6,"[14.5--14.9]",15.3,"[14.5--16.1]",361
"Mammalia","Dasyprocta azarae","All",0.6,"A",7.9,"[7.8--7.9]",7.8,"[7.2--8.5]",14.6,"[14.5--14.6]",15.1,"[14.4--15.9]",804
"Mammalia","Dasyprocta leporina","Male",0.8,"A",6,"[6--6.1]",5.8,"[5.3--6.4]",13.1,"[13--13.2]",13.1,"[12.4--13.7]",637
"Mammalia","Dasyprocta leporina","Female",0.8,"A",7.1,"[7.1--7.2]",7.1,"[6.6--7.6]",13.2,"[13.1--13.4]",13.3,"[12.8--13.9]",632
"Mammalia","Dasyprocta leporina","All",0.7,"A",6.4,"[6.3--6.4]",6.2,"[5.9--6.7]",13,"[13--13.1]",12.9,"[12.5--13.3]",1367
"Mammalia","Dasyprocta punctata","Male",1.1,"A",5.9,"[5.8--6]",5.7,"[5--6.3]",14.6,"[14.4--14.6]",14.3,"[12.5--16.6]",268
"Mammalia","Dasyprocta punctata","Female",0.9,"A",6.5,"[6.4--6.7]",6.8,"[6--7.6]",14.1,"[14.1--14.2]",14.8,"[13.4--16.8]",265
"Mammalia","Dasyprocta punctata","All",0.8,"A",6,"[5.9--6]",5.9,"[5.4--6.4]",14.2,"[14.1--14.2]",14.3,"[13.2--15.5]",610
"Mammalia","Dasyuroides byrnei","Male",0.7,"A",4.1,"[4.1--4.2]",4.1,"[4--4.3]",5.8,"[5.7--5.8]",5.9,"[5.7--6.1]",451
"Mammalia","Dasyuroides byrnei","Female",0.7,"A",4.1,"[4--4.1]",4.1,"[4--4.3]",5.9,"[5.8--6]",6.1,"[5.9--6.4]",474
"Mammalia","Dasyurus geoffroii","All",0.9,"A",5,"[4.7--5.1]",5.1,"[4.6--5.7]",6.3,"[6.3--6.4]",6.6,"[6.2--7.4]",223
"Mammalia","Dasyurus hallucatus","Female",0.8,"A",2.3,"[2.3--2.4]",2.4,"[2.1--2.8]",4.3,"[4.1--4.5]",4.3,"[3.8--5]",138
"Mammalia","Dasyurus hallucatus","All",0.8,"A",2,"[1.9--2]",2,"[1.8--2.1]",3.9,"[3.9--4]",3.9,"[3.6--4.3]",274
"Mammalia","Dasyurus maculatus","Male",0.9,"A",4.6,"[4.5--4.7]",4.6,"[4.4--4.8]",5.4,"[5.3--5.4]",5.5,"[5.3--5.7]",152
"Mammalia","Dasyurus maculatus","Female",0.8,"A",4.7,"[4.7--4.8]",4.7,"[4.5--5]",5.9,"[5.8--5.9]",6.2,"[5.9--6.5]",144
"Mammalia","Dasyurus maculatus","All",0.8,"A",4.7,"[4.6--4.7]",4.6,"[4.4--4.8]",5.8,"[5.7--5.8]",6,"[5.8--6.2]",307
"Mammalia","Dendrolagus goodfellowi","Male",2.1,"A",12.8,"[12.8--12.9]",13,"[11.6--14.3]",17.1,"[17.1--17.2]",17.3,"[16.4--18.5]",80
"Mammalia","Dendrolagus goodfellowi","Female",2.5,"A",16.6,"[16.5--16.7]",16.3,"[13.8--18.2]",20.3,"[19.9--22.4]",21.7,"[20.4--23.3]",60
"Mammalia","Dendrolagus goodfellowi","All",2.1,"A",14.8,"[14.7--14.9]",14.3,"[12.9--15.7]",19.4,"[19.2--19.9]",20.3,"[19.3--21.7]",142
"Mammalia","Dendrolagus matschiei","Male",2.4,"A",12.6,"[12--12.7]",12.4,"[10.9--13.9]",20.3,"[20--20.4]",20.3,"[18.9--22]",114
"Mammalia","Dendrolagus matschiei","Female",1.9,"A",12.6,"[12.6--12.8]",12.3,"[10.6--13.9]",21.4,"[21.3--21.4]",21.6,"[20.3--23]",148
"Mammalia","Dendrolagus matschiei","All",1.7,"A",12.7,"[12.6--12.8]",12.5,"[11.4--13.6]",21.1,"[21--21.2]",21.2,"[20.1--22.3]",268
"Mammalia","Desmodus rotundus","Male",0.5,"A",9.3,"[9.2--9.4]",9.2,"[8.4--10.2]",23.3,"[23.2--23.6]",24.4,"[22.7--26.6]",665
"Mammalia","Desmodus rotundus","Female",0.8,"A",8.1,"[7.9--8.2]",8.9,"[8.1--9.8]",22.5,"[22.4--22.7]",23.6,"[21.1--26.8]",569
"Mammalia","Desmodus rotundus","All",0.5,"A",7.8,"[7.7--7.9]",8,"[7.4--8.6]",22.8,"[22.8--22.9]",23.9,"[22.4--25.6]",1407
"Mammalia","Diceros bicornis","Male",5.7,"A",24.5,"[24--24.6]",24,"[21.8--26.3]",36.3,"[36.1--40.6]",39.1,"[34.9--45.4]",161
"Mammalia","Diceros bicornis","Female",5.7,"A",28.2,"[27.2--28.3]",27,"[24.2--29.9]",37.5,"[36.2--39.1]",38.2,"[36--41.4]",161
"Mammalia","Diceros bicornis","All",5.6,"A",25.3,"[25.1--25.4]",25.3,"[23.6--27]",38.8,"[38.5--39.1]",39.8,"[36.9--44.3]",326
"Mammalia","Didelphis virginiana","Male",0.7,"A",2.1,"[2--2.2]",2.2,"[1.8--2.5]",3.1,"[3--3.4]",3.3,"[3--3.7]",42
"Mammalia","Didelphis virginiana","Female",0.5,"A",2.8,"[2.8--2.9]",2.6,"[2.3--3]",3.9,"[3.8--3.9]",4.5,"[4--5.3]",78
"Mammalia","Didelphis virginiana","All",0.6,"A",2.5,"[2.5--2.6]",2.5,"[2.2--2.8]",3.6,"[3.6--3.8]",4.1,"[3.7--4.6]",121
"Mammalia","Dipodomys merriami","Male",0.3,"A",5.2,"[5.1--5.2]",5.1,"[4.5--5.7]",7.4,"[7.4--7.5]",7.4,"[7--7.9]",115
"Mammalia","Dipodomys merriami","Female",0.5,"A",5.1,"[4.9--5.2]",5,"[4.3--5.6]",7.6,"[7.6--7.8]",7.7,"[7.2--8.3]",95
"Mammalia","Dipodomys merriami","All",0.3,"A",5.1,"[5.1--5.2]",5,"[4.5--5.4]",7.6,"[7.5--7.6]",7.7,"[7.3--8.1]",220
"Mammalia","Dolichotis patagonum","Male",0.6,"A",5,"[5--5.1]",4.8,"[4.5--5]",14.8,"[14.7--14.8]",15.1,"[14.3--16.1]",3054
"Mammalia","Dolichotis patagonum","Female",0.7,"A",5.4,"[5.4--5.5]",5.3,"[5.1--5.5]",13.9,"[13.9--14]",14.3,"[13.7--14.9]",3120
"Mammalia","Dolichotis salinicola","Male",0.5,"A",4.5,"[4.4--4.5]",4.1,"[3.3--4.9]",8.1,"[8--8.1]",8.7,"[7.4--11.1]",167
"Mammalia","Dolichotis salinicola","All",0.5,"A",4.7,"[4.6--4.8]",4.4,"[3.8--5.1]",11.5,"[11.4--11.6]",13.1,"[10.8--16.1]",399
"Mammalia","Dorcopsis luctuosa","Male",1.1,"A",3.9,"[3.8--4.2]",4,"[3.2--4.8]",8.8,"[8.6--9.1]",9,"[7.6--10.7]",60
"Mammalia","Dorcopsis luctuosa","Female",1.2,"A",5.2,"[5.1--5.3]",4.7,"[3.7--5.8]",9.5,"[9.4--9.6]",10.2,"[8.5--12.3]",53
"Mammalia","Dorcopsis luctuosa","All",1.1,"A",4.7,"[4.5--5]",4.4,"[3.7--5.1]",9.4,"[9.3--9.4]",9.8,"[8.7--11.3]",114
"Mammalia","Echinops telfairi","Male",0.9,"A",9.4,"[9.3--9.5]",9.3,"[8.8--9.9]",16.3,"[16.2--16.4]",16.7,"[15.7--17.8]",702
"Mammalia","Echinops telfairi","Female",0.9,"A",7.9,"[7.8--7.9]",7.8,"[7.2--8.4]",18,"[17.9--18.1]",18.5,"[17.1--20.4]",694
"Mammalia","Echinops telfairi","All",0.9,"A",8.3,"[8.2--8.3]",8.1,"[7.7--8.5]",16.9,"[16.9--17]",17.4,"[16.5--18.3]",1659
"Mammalia","Eidolon helvum","Male",0.7,"A",17.2,"[17.1--17.3]",17.1,"[16.4--17.9]",26.7,"[26.5--27.3]",26.5,"[24.9--28.7]",706
"Mammalia","Eidolon helvum","Female",1,"A",20,"[19.9--20]",20.5,"[19.6--21.4]",26.8,"[26.6--27.4]",27.3,"[26.1--28.7]",666
"Mammalia","Eidolon helvum","All",0.8,"A",18.3,"[18.3--18.4]",18.8,"[18.2--19.4]",27.1,"[26.6--27.3]",26.8,"[25.9--27.8]",1416
"Mammalia","Elaphodus cephalophus","Male",1.7,"A",14.1,"[14--14.4]",13,"[11.1--15]",20.8,"[20.5--21.2]",22,"[20.1--24]",123
"Mammalia","Elaphodus cephalophus","Female",1.6,"A",10.3,"[10.3--10.4]",10.5,"[8.7--12.3]",20.7,"[20.6--20.7]",20.4,"[18.5--22.7]",124
"Mammalia","Elaphodus cephalophus","All",1.6,"A",12.2,"[12--12.3]",11.8,"[10.5--13.2]",21,"[20.7--21.2]",21.4,"[20.1--22.8]",250
"Mammalia","Elaphurus davidianus","Male",1.8,"A",9.3,"[9.3--9.4]",8.8,"[8.1--9.5]",17,"[16.9--17]",16.7,"[16.2--17.3]",885
"Mammalia","Elaphurus davidianus","Female",1.9,"A",14.1,"[14.1--14.2]",13.8,"[13.3--14.3]",20.8,"[20.7--20.8]",21.5,"[20.8--22.3]",1342
"Mammalia","Elaphurus davidianus","All",1.9,"A",12.4,"[12.3--12.4]",12.1,"[11.6--12.5]",19.9,"[19.9--20]",20.4,"[19.9--21]",2275
"Mammalia","Elephantulus rufescens","Male",0.4,"A",3.4,"[3.4--3.5]",3,"[2.6--3.5]",5.8,"[5.7--6]",6.4,"[5.6--7.3]",158
"Mammalia","Elephantulus rufescens","Female",0.5,"A",3.5,"[3.4--3.6]",3.3,"[2.8--3.7]",6.3,"[6.3--6.5]",6,"[5.4--6.6]",140
"Mammalia","Elephantulus rufescens","All",0.4,"A",3.4,"[3.4--3.5]",3.1,"[2.8--3.5]",5.7,"[5.6--5.7]",5.8,"[5.4--6.2]",303
"Mammalia","Eliomys melanurus","Male",0.7,"A",3.2,"[3.1--3.3]",3.3,"[3--3.5]",5,"[4.7--5]",5.2,"[4.8--5.7]",148
"Mammalia","Eliomys melanurus","Female",0.6,"A",3.7,"[3.6--3.7]",3.6,"[3.3--4]",5.9,"[5.7--6]",5.8,"[5.3--6.5]",111
"Mammalia","Eliomys melanurus","All",0.5,"A",3.4,"[3.4--3.5]",3.3,"[3.1--3.6]",5.5,"[5.4--5.6]",5.5,"[5.1--6]",279
"Mammalia","Eliomys quercinus","All",0.7,"A",3.5,"[3.4--3.6]",3.5,"[3--4]",5.9,"[5.8--5.9]",6.6,"[5.4--8.8]",241
"Mammalia","Equus africanus","Male",4.5,"A",20.5,"[20.4--20.5]",20.5,"[18.4--22.5]",26.7,"[26.5--27.6]",27.2,"[25.6--29.5]",144
"Mammalia","Equus africanus","Female",3.1,"A",23.7,"[22.6--23.8]",23.1,"[21.3--24.8]",29.8,"[28.3--30.3]",29.6,"[28.1--31.6]",203
"Mammalia","Equus africanus","All",3,"A",21.7,"[21.4--21.7]",21.9,"[20.5--23.3]",28.3,"[28.2--29.8]",28.9,"[27.8--30.3]",362
"Mammalia","Equus asinus","Male",1.9,"A",24.3,"[24.3--24.4]",24.4,"[23.5--25.3]",30.7,"[30.7--30.8]",31.3,"[30--33.1]",1033
"Mammalia","Equus asinus","Female",1.9,"A",25.5,"[25.4--25.5]",25,"[24--26]",37.6,"[37.3--38.1]",37.5,"[35.8--39.4]",1636
"Mammalia","Equus asinus","All",1.8,"A",25.4,"[25.4--25.5]",25,"[24.2--25.9]",38.2,"[38.1--38.3]",39.6,"[37.5--42.4]",2729
"Mammalia","Equus caballus","Male",2.9,"A",23.7,"[23.6--23.8]",23.1,"[22.4--23.8]",35.5,"[35.5--35.6]",34.7,"[33.7--36]",3160
"Mammalia","Equus caballus","Female",2.8,"A",24.9,"[24.9--25]",24.5,"[24.1--25]",34.3,"[34.2--34.4]",34.5,"[33.8--35.3]",3837
"Mammalia","Equus caballus","All",2.4,"A",24.4,"[24.3--24.4]",24,"[23.6--24.3]",34.5,"[34.4--34.5]",34.4,"[33.8--35.1]",7221
"Mammalia","Equus grevyi","Male",4.1,"A",15.5,"[15.4--15.7]",14.9,"[13.9--15.9]",24.1,"[24.1--24.2]",24.5,"[23.4--25.7]",487
"Mammalia","Equus grevyi","Female",3.5,"A",18.5,"[18.4--18.5]",18.5,"[17.4--19.5]",27.9,"[27.8--27.9]",27.9,"[27.2--28.6]",767
"Mammalia","Equus grevyi","All",3.3,"A",16.7,"[16.6--16.8]",16.7,"[15.9--17.5]",26.8,"[26.6--26.9]",27.1,"[26.5--27.7]",1307
"Mammalia","Equus hemionus","Male",3.4,"A",14.5,"[14.4--14.6]",12.5,"[11.3--13.9]",28.2,"[25.7--28.7]",29.9,"[26.7--34.2]",359
"Mammalia","Equus hemionus","Female",2.8,"A",18.3,"[18.2--18.4]",18,"[17.1--18.9]",26.3,"[26.1--26.5]",26.2,"[25.5--27]",562
"Mammalia","Equus hemionus","All",2.8,"A",17,"[17--17.1]",16.1,"[15.3--16.9]",26.9,"[26.9--27.1]",27.8,"[26.5--29.1]",957
"Mammalia","Equus kiang","Male",4,"A",19.2,"[17.2--19.4]",17.2,"[13.9--20.5]",26.5,"[26.4--27.1]",26.6,"[25.3--28.1]",94
"Mammalia","Equus kiang","Female",3,"A",23.4,"[23.3--23.9]",23.3,"[20.8--25.2]",29.1,"[28.8--29.6]",29.5,"[28.4--30.7]",130
"Mammalia","Equus kiang","All",3,"A",22,"[21.9--22.1]",20.9,"[18.6--23]",28.7,"[28.7--28.8]",28.7,"[27.8--29.6]",233
"Mammalia","Equus quagga","Male",2.6,"A",17.1,"[17.1--17.2]",16.5,"[15.6--17.3]",29,"[28.9--29]",30.5,"[28.8--32.6]",1648
"Mammalia","Equus quagga","Female",2.6,"A",19,"[18.9--19]",18.3,"[17.7--18.9]",29.6,"[29.5--29.8]",31,"[30.3--31.8]",2827
"Mammalia","Equus quagga","All",2.3,"A",18.1,"[18--18.1]",17.7,"[17.2--18.2]",29.5,"[29.5--29.6]",30.3,"[29.5--31.2]",4716
"Mammalia","Equus zebra","Male",4,"A",14.2,"[14.1--14.4]",13.7,"[12.3--15.2]",24,"[23.9--24.2]",25,"[22.5--28.7]",225
"Mammalia","Equus zebra","Female",3.1,"A",16.8,"[16.7--16.9]",16.2,"[15.1--17.3]",26.9,"[26.5--27]",26.7,"[24.9--29.2]",357
"Mammalia","Equus zebra","All",3,"A",15.9,"[15.8--15.9]",15.2,"[14.3--16.2]",26.2,"[26.1--26.5]",26,"[24.7--27.5]",615
"Mammalia","Erethizon dorsatum","Male",1.2,"A",8,"[8--8.1]",7.5,"[6.4--8.7]",17.3,"[17.2--17.8]",17.1,"[15.3--20.5]",204
"Mammalia","Erethizon dorsatum","Female",1.1,"A",6.9,"[6.9--7]",7.2,"[6.3--8.1]",15.6,"[15.5--15.7]",16,"[14.6--17.9]",269
"Mammalia","Erethizon dorsatum","All",1,"A",7.3,"[7.2--7.4]",7.4,"[6.7--8]",16.7,"[16.6--16.9]",16.6,"[15.3--18.3]",505
"Mammalia","Erinaceus europaeus","Male",0.7,"A",4.1,"[4--4.2]",4,"[3.1--4.9]",6.6,"[6.5--6.9]",7.1,"[6--8.8]",43
"Mammalia","Erinaceus europaeus","All",0.7,"A",3.9,"[3.7--4]",4.1,"[3.5--4.7]",6.9,"[6.5--7.7]",7.3,"[6.4--8.7]",93
"Mammalia","Erythrocebus patas","Male",3,"A",13.5,"[13.3--13.5]",12.5,"[11.4--13.6]",24.1,"[24--24.2]",24.5,"[22.5--27]",414
"Mammalia","Erythrocebus patas","Female",2.4,"A",16.7,"[16.6--16.7]",16.6,"[15.3--17.9]",26.5,"[26.4--26.8]",27,"[25.8--28.4]",545
"Mammalia","Erythrocebus patas","All",1.9,"A",15.1,"[15.1--15.2]",14.3,"[13.4--15.2]",25.9,"[25.8--26]",26.5,"[25.3--27.7]",1098
"Mammalia","Eudorcas rufifrons","Male",1.7,"A",5.3,"[4.6--5.5]",5.1,"[4.1--6.1]",10.3,"[10.2--10.3]",10.6,"[9.2--12.5]",65
"Mammalia","Eudorcas rufifrons","Female",1.2,"A",7.6,"[7.1--7.9]",7.2,"[5.8--8.5]",12.4,"[12.2--13]",12.8,"[11.8--13.8]",98
"Mammalia","Eudorcas rufifrons","All",1.2,"A",6.5,"[6.4--6.6]",6.1,"[5.3--7]",11.9,"[11.8--11.9]",12,"[11.2--12.9]",168
"Mammalia","Eudorcas thomsonii","Male",1.1,"A",5.1,"[5--5.1]",5,"[4.6--5.5]",14,"[14--14.2]",13.2,"[12.3--14.3]",843
"Mammalia","Eudorcas thomsonii","Female",1.2,"A",8.9,"[8.8--8.9]",8.5,"[8--9]",15.5,"[15.4--15.5]",15.5,"[15--15.9]",1087
"Mammalia","Eudorcas thomsonii","All",1.1,"A",6.9,"[6.8--6.9]",6.8,"[6.4--7.2]",15,"[14.9--15]",14.9,"[14.5--15.3]",1964
"Mammalia","Eulemur albifrons","Female",2,"A",19.1,"[19--19.2]",19.2,"[17.1--21.5]",37.6,"[37.4--37.6]",38.8,"[34--45.4]",251
"Mammalia","Eulemur albifrons","All",1.9,"A",16.1,"[15.9--16.2]",16.1,"[15--17.4]",29.5,"[29.3--29.9]",29.5,"[27.4--32.3]",545
"Mammalia","Eulemur collaris","Male",2.8,"A",24.1,"[23.9--24.4]",23.6,"[19.9--26.7]",30,"[29.9--30]",32.6,"[30.1--36.5]",70
"Mammalia","Eulemur collaris","Female",2,"A",24,"[22.4--24.6]",22.7,"[19.7--25.6]",28.9,"[28.7--29.3]",29.8,"[27.7--32.7]",56
"Mammalia","Eulemur collaris","All",2,"A",24.2,"[23.9--24.4]",23.4,"[21--25.6]",29.9,"[29.9--30]",31.6,"[29.9--33.8]",134
"Mammalia","Eulemur coronatus","Female",2,"A",20.1,"[20--20.3]",20,"[18.3--21.7]",24.7,"[23.9--25.7]",25.2,"[23.8--27]",118
"Mammalia","Eulemur coronatus","All",2,"A",18.8,"[18.7--19.1]",19.1,"[17.9--20.4]",25.7,"[25.5--25.7]",25.8,"[24.6--27.1]",279
"Mammalia","Eulemur flavifrons","Male",2.9,"A",20.6,"[20.3--20.8]",19.7,"[17.4--21.9]",27,"[26.5--27.1]",26.8,"[25--29.2]",67
"Mammalia","Eulemur flavifrons","Female",2.1,"A",18,"[17.8--18.4]",18,"[14.8--20.9]",23.6,"[23.5--24]",24.9,"[22.8--28.5]",56
"Mammalia","Eulemur flavifrons","All",2,"A",20.5,"[20.3--20.8]",18.9,"[16.9--20.9]",30.5,"[30.5--30.7]",29.3,"[26.6--33.1]",129
"Mammalia","Eulemur fulvus","Male",2,"A",22.4,"[22.3--22.4]",22.6,"[20.4--24.8]",35.3,"[35.1--35.5]",36.2,"[33.5--40.4]",339
"Mammalia","Eulemur fulvus","All",1.9,"A",22.3,"[22.2--22.4]",22.1,"[20.5--24]",36.2,"[36--36.4]",36.6,"[34.5--39.7]",670
"Mammalia","Eulemur macaco","Male",2,"A",18,"[17.9--18.5]",17.4,"[16.1--18.7]",28.8,"[28.1--29.1]",29.7,"[27.6--32.3]",367
"Mammalia","Eulemur macaco","Female",1.9,"A",15.7,"[15.7--15.8]",15.5,"[14.4--16.6]",28.5,"[28.4--28.5]",27.8,"[25.5--30.6]",353
"Mammalia","Eulemur macaco","All",1.9,"A",17,"[16.9--17.1]",16.5,"[15.7--17.4]",28.5,"[28.4--29.1]",28.8,"[27.3--30.7]",728
"Mammalia","Eulemur mongoz","Male",3.6,"A",24,"[23.9--24.7]",24.6,"[22.4--26.5]",32.5,"[32.4--32.7]",32.1,"[30.6--34.2]",127
"Mammalia","Eulemur mongoz","Female",2.8,"A",23.4,"[23.3--23.4]",23.3,"[21.3--25.2]",32,"[31.6--33.5]",31.3,"[29.7--33.4]",111
"Mammalia","Eulemur mongoz","All",2.1,"A",23.8,"[23.6--23.9]",23.8,"[22.4--25.2]",32.6,"[32.4--32.7]",32,"[30.7--33.6]",252
"Mammalia","Eulemur rufus","Male",1.9,"A",22.2,"[22.2--22.3]",21,"[18.8--23.8]",31,"[30.4--34.9]",35.8,"[31.4--42.9]",155
"Mammalia","Eulemur rufus","Female",1.9,"A",19.4,"[19.2--20]",20.7,"[17.7--23.4]",30.5,"[30.4--30.8]",30.4,"[28.2--33.2]",160
"Mammalia","Eulemur rufus","All",1.7,"A",21.6,"[21.2--21.8]",21,"[19.2--22.9]",31.1,"[30.8--32.9]",33.7,"[31.3--36.5]",325
"Mammalia","Euphractus sexcinctus","All",0.9,"A",13.5,"[13.4--13.8]",12.9,"[11.5--14.7]",17.3,"[17--17.4]",21.4,"[18--27]",180
"Mammalia","Eutamias sibiricus","Male",0.7,"A",5.1,"[5--5.2]",5,"[4--6]",9.5,"[9.1--9.7]",10.6,"[8.7--14.1]",89
"Mammalia","Eutamias sibiricus","Female",0.9,"A",4.7,"[4.4--4.8]",4.6,"[4.1--5.2]",7,"[6.7--7.1]",7.2,"[6.5--8.3]",86
"Mammalia","Eutamias sibiricus","All",0.3,"A",5,"[4.8--5]",4.8,"[4.2--5.4]",9.6,"[9.1--9.7]",10.5,"[9.2--12.3]",252
"Mammalia","Felis catus","Male",0.8,"A",14.4,"[13.9--14.5]",15,"[13.9--16.3]",19.7,"[19.6--19.7]",19.7,"[18.5--21.3]",351
"Mammalia","Felis catus","Female",0.8,"A",16.3,"[16.2--16.4]",16.1,"[15.1--17.1]",19.3,"[19.1--19.3]",20.1,"[19--21.5]",327
"Mammalia","Felis catus","All",0.8,"A",15.7,"[15.6--16]",15.6,"[14.8--16.4]",19.7,"[19.6--20.8]",20.2,"[19.3--21.4]",685
"Mammalia","Felis chaus","Male",1.1,"A",11.4,"[11.3--11.5]",10.4,"[9.5--11.5]",17.5,"[17.3--17.8]",20.1,"[18--22.5]",217
"Mammalia","Felis chaus","Female",1.1,"A",12.5,"[12.4--12.6]",12.2,"[11.4--13]",16.9,"[16.9--17.1]",18.4,"[17.2--19.8]",230
"Mammalia","Felis chaus","All",1.1,"A",11.8,"[11.7--11.8]",11.5,"[10.8--12.1]",17.4,"[17.3--17.5]",19.4,"[18.2--21]",474
"Mammalia","Felis margarita","Male",0.8,"A",11.3,"[11.2--11.5]",10.7,"[9.9--11.6]",16.5,"[16.5--16.7]",17.3,"[16.2--18.8]",271
"Mammalia","Felis margarita","Female",1,"A",11.6,"[11.6--11.7]",10.6,"[9.5--11.6]",17,"[16.9--17.2]",18.2,"[17--19.8]",240
"Mammalia","Felis margarita","All",0.9,"A",11.4,"[11.3--11.5]",10.8,"[10.1--11.5]",16.7,"[16.7--16.8]",18,"[17.1--19.2]",517
"Mammalia","Felis silvestris","Male",0.9,"A",11.2,"[11.1--11.2]",11.1,"[10.5--11.7]",17.9,"[17.9--18.2]",19.1,"[17.9--20.4]",667
"Mammalia","Felis silvestris","Female",0.9,"A",11.4,"[11.3--11.5]",11.2,"[10.4--11.9]",20.1,"[20--20.3]",20.1,"[18.7--21.7]",644
"Mammalia","Felis silvestris","All",0.9,"A",11.3,"[11.2--11.4]",11.2,"[10.8--11.7]",19.3,"[19.1--19.5]",19.6,"[18.7--20.8]",1339
"Mammalia","Fukomys damarensis","Male",2.4,"A",12.7,"[12.6--13]",12.2,"[10.8--13.4]",17.6,"[17.5--18]",18,"[17--19.4]",129
"Mammalia","Fukomys damarensis","Female",1.7,"A",9.1,"[9--9.5]",9.2,"[7.6--10.9]",17.9,"[17.3--18.1]",17.9,"[16.4--19.9]",115
"Mammalia","Fukomys damarensis","All",1.3,"A",10.7,"[10.5--10.8]",10.4,"[9.4--11.5]",17.9,"[17.6--18]",17.8,"[16.9--18.8]",307
"Mammalia","Funambulus pennantii","Male",0.8,"A",4.2,"[4.1--4.6]",4.1,"[3--5.3]",9.2,"[8.5--10.3]",8.9,"[7.1--11.8]",35
"Mammalia","Funambulus pennantii","All",0.7,"A",3.5,"[3.4--3.5]",3.6,"[2.9--4.6]",9.9,"[9.5--10.3]",10.3,"[8.1--13.4]",73
"Mammalia","Galago moholi","Male",1.2,"A",6.8,"[6.7--6.9]",6.7,"[6.1--7.4]",11.5,"[11.4--11.6]",12.3,"[11.2--13.6]",238
"Mammalia","Galago moholi","All",0.7,"A",6.8,"[6.7--6.8]",6.6,"[6.1--7.1]",11.7,"[11.6--11.8]",12.6,"[11.7--13.6]",505
"Mammalia","Galago senegalensis","Male",1.1,"A",7.6,"[7.6--7.7]",7.4,"[6.8--7.9]",13.9,"[13.6--14]",15.9,"[14.4--17.5]",612
"Mammalia","Galago senegalensis","Female",1,"A",6.8,"[6.8--6.9]",6.8,"[6.3--7.3]",12.8,"[12.6--12.9]",12.3,"[11.7--13]",479
"Mammalia","Galea musteloides","Female",0.2,"A",3.1,"[2.9--3.6]",3,"[2.3--3.8]",5,"[4.9--5]",5.1,"[4.6--5.7]",101
"Mammalia","Galea musteloides","All",0.2,"A",2.2,"[2.1--2.2]",2,"[1.5--2.6]",4.5,"[4.4--4.5]",4.4,"[4--5]",192
"Mammalia","Gazella arabica","Male",1.3,"A",5.2,"[5.1--5.2]",5.3,"[5--5.5]",9.4,"[9.3--9.4]",9.2,"[8.8--9.6]",1300
"Mammalia","Gazella bennettii","Male",1.9,"A",6.3,"[6--6.7]",5.9,"[4.9--7.1]",11,"[10.9--11.3]",11.4,"[9.4--15.2]",71
"Mammalia","Gazella bennettii","All",1.6,"A",8.9,"[8.8--9.6]",8.8,"[7.7--10]",11.9,"[11.4--12.6]",13.8,"[12.5--15.7]",217
"Mammalia","Gazella cuvieri","Male",1.8,"A",6,"[5.9--6.1]",5.9,"[5.2--6.8]",13,"[12.9--13.1]",13.3,"[11.5--15.8]",142
"Mammalia","Gazella cuvieri","Female",1,"A",7,"[6.9--7.2]",6.8,"[6--7.6]",13.9,"[13.2--14.2]",13.5,"[12.1--15.4]",228
"Mammalia","Gazella cuvieri","All",1,"A",6,"[6--6.1]",6.2,"[5.6--6.7]",13.2,"[13.1--13.2]",13.5,"[12.4--14.8]",400
"Mammalia","Gazella dorcas","Male",1.4,"A",5.1,"[5--5.1]",5.1,"[4.8--5.5]",12,"[11.8--12.3]",11.7,"[10.9--12.6]",759
"Mammalia","Gazella dorcas","Female",1.3,"A",7.8,"[7.7--7.8]",7.8,"[7.3--8.2]",14.5,"[14.4--14.5]",14.4,"[13.8--15.2]",978
"Mammalia","Gazella dorcas","All",1.1,"A",6.5,"[6.5--6.6]",6.6,"[6.3--6.9]",14.1,"[13.9--14.1]",14,"[13.5--14.6]",1903
"Mammalia","Gazella erlangeri","Male",1.9,"A",7.5,"[7.4--7.8]",7.6,"[6.4--8.7]",12.3,"[12.3--12.4]",12.8,"[11.8--14.5]",100
"Mammalia","Gazella erlangeri","Female",1.4,"A",6.3,"[6.2--6.6]",6.1,"[5.1--7.1]",11.8,"[11.6--12.2]",11.6,"[10.2--13.6]",74
"Mammalia","Gazella erlangeri","All",1.3,"A",6.9,"[6.9--7]",6.9,"[6--7.7]",12.3,"[12.3--12.4]",12.4,"[11.6--13.4]",178
"Mammalia","Gazella leptoceros","Male",1.4,"A",4.7,"[4.7--4.8]",4.6,"[4.3--5]",9.4,"[9.3--9.4]",9.2,"[8.5--10]",349
"Mammalia","Gazella leptoceros","Female",1,"A",5.6,"[5.5--5.6]",5.6,"[5.2--6]",10,"[9.9--10]",10.1,"[9.6--10.7]",410
"Mammalia","Gazella leptoceros","All",1,"A",5,"[4.9--5.1]",5,"[4.8--5.3]",9.6,"[9.6--9.7]",9.7,"[9.3--10.2]",795
"Mammalia","Gazella spekei","Male",3.9,"A",6.1,"[6--6.3]",6.4,"[5.9--6.9]",11.9,"[11.8--12.2]",11.9,"[10.7--13]",158
"Mammalia","Gazella spekei","Female",3.6,"A",7.9,"[7.8--8]",8.2,"[7.6--8.9]",13.5,"[13.3--13.5]",14,"[13.2--14.9]",293
"Mammalia","Gazella spekei","All",3.3,"A",7,"[7--7.1]",7.2,"[6.7--7.6]",13.1,"[13--13.2]",13.4,"[12.7--14.1]",492
"Mammalia","Gazella subgutturosa","Male",1.8,"A",4.9,"[4.8--4.9]",4.9,"[4.7--5.3]",10.5,"[10.5--10.6]",9.9,"[9.1--10.9]",563
"Mammalia","Gazella subgutturosa","Female",1,"A",6.9,"[6.8--6.9]",6.8,"[6.4--7.3]",13.4,"[13.3--13.5]",13.4,"[12.7--14.2]",901
"Mammalia","Gazella subgutturosa","All",1,"A",5.9,"[5.8--5.9]",5.9,"[5.6--6.2]",13.1,"[13.1--13.2]",13.1,"[12.4--14]",1613
"Mammalia","Genetta genetta","All",1.8,"A",14.5,"[14.3--14.7]",14.6,"[13.4--15.9]",21.1,"[20.2--21.4]",20.4,"[19.2--21.9]",152
"Mammalia","Genetta tigrina","All",3.2,"A",18.7,"[18.5--18.8]",18.5,"[17.2--19.8]",21.2,"[21.1--21.2]",21.4,"[20.3--22.9]",48
"Mammalia","Gerbillus cheesmani","Male",0.7,"A",2.1,"[2.1--2.2]",2,"[1.6--2.5]",4,"[3.9--4.2]",4.3,"[3.7--5.2]",64
"Mammalia","Gerbillus cheesmani","Female",0.5,"A",1.8,"[1.7--1.8]",1.9,"[1.5--2.3]",4.3,"[4--4.8]",4.5,"[3.8--5.4]",74
"Mammalia","Gerbillus cheesmani","All",0.1,"A",0.7,"[0.6--0.7]",0.7,"[0.6--0.8]",3.1,"[3--3.1]",3.2,"[2.8--3.6]",391
"Mammalia","Gerbillus perpallidus","Male",0.6,"A",5.6,"[4.7--5.7]",5,"[4.3--5.9]",11.7,"[11.3--11.9]",11.2,"[9.2--14.8]",136
"Mammalia","Giraffa camelopardalis","Male",3.5,"A",14.3,"[14.2--14.3]",14.1,"[13.7--14.6]",23.6,"[23.5--23.6]",23.6,"[22.8--24.4]",1838
"Mammalia","Giraffa camelopardalis","Female",3.7,"A",18.3,"[18.3--18.4]",18.1,"[17.6--18.5]",29,"[28.9--29.1]",28.8,"[28.2--29.4]",2387
"Mammalia","Giraffa camelopardalis","All",3.4,"A",16.3,"[16.3--16.4]",16.1,"[15.8--16.5]",27.2,"[27.2--27.3]",27.3,"[26.8--27.8]",4299
"Mammalia","Glaucomys volans","All",0.9,"A",8.9,"[8.9--9]",9.1,"[8--10.3]",14.3,"[13.9--14.9]",14,"[13.1--15.5]",103
"Mammalia","Glis glis","All",0.9,"A",4.7,"[4.6--4.8]",4.6,"[4.1--5.2]",6.1,"[6--6.3]",6.5,"[5.9--7.5]",51
"Mammalia","Gorilla gorilla","Female",6.8,"A",43.7,"[43.2--43.8]",43.2,"[41--45.3]",51.9,"[51.7--52.7]",53.2,"[51.2--56]",502
"Mammalia","Gorilla gorilla","All",6.7,"A",40.5,"[40.1--40.6]",39.4,"[38--41]",52.5,"[52.5--52.7]",55.5,"[52.2--60.5]",983
"Mammalia","Graphiurus murinus","Female",0.5,"A",5,"[4.9--5]",4.9,"[4.5--5.3]",6.5,"[6.4--6.5]",7,"[6.5--7.8]",97
"Mammalia","Graphiurus murinus","All",0.5,"A",5.2,"[5.1--5.2]",5.3,"[5--5.5]",6.7,"[6.7--6.8]",6.7,"[6.5--6.9]",270
"Mammalia","Gulo gulo","Female",2.1,"A",13.4,"[13.3--13.4]",14,"[13--14.8]",17.8,"[17.5--18.1]",17.8,"[17--18.7]",139
"Mammalia","Gulo gulo","All",2.8,"A",14,"[13.9--14]",14.2,"[13.6--14.8]",17.8,"[17.5--18]",17.7,"[17.2--18.3]",240
"Mammalia","Gymnobelideus leadbeateri","Male",1.3,"A",6.8,"[6.6--7.3]",6.7,"[5.6--7.7]",11.6,"[11.5--11.7]",11.3,"[10.2--12.7]",67
"Mammalia","Gymnobelideus leadbeateri","Female",1.3,"A",7.4,"[7.2--7.5]",7.3,"[5.7--9.1]",11.9,"[11.7--12.1]",11.6,"[11.1--12.2]",59
"Mammalia","Gymnobelideus leadbeateri","All",1.3,"A",7.3,"[7.2--7.3]",7.1,"[6--8.3]",11.9,"[11.7--12]",11.6,"[11.1--12.2]",127
"Mammalia","Halichoerus grypus","Female",3.7,"A",20.2,"[20.1--21.5]",20.7,"[16.5--24.5]",27.7,"[27--27.9]",29.2,"[26.8--35.1]",64
"Mammalia","Hapalemur alaotrensis","All",1.7,"A",10.4,"[10.3--10.7]",10.5,"[9.3--11.8]",19.5,"[19.4--20.4]",19.7,"[17.9--22.4]",175
"Mammalia","Hapalemur griseus","All",3,"A",12.4,"[12--12.6]",12.5,"[11--14.1]",22.4,"[20.6--23.4]",21,"[18.2--24.9]",52
"Mammalia","Helarctos malayanus","Male",5.4,"A",26,"[25.9--26.6]",24.1,"[20.9--27.1]",30.3,"[29.5--30.6]",31.1,"[29--34.5]",52
"Mammalia","Helarctos malayanus","Female",4.9,"A",29.9,"[29.1--30.4]",28.4,"[26.5--30.2]",33.6,"[33.4--33.6]",34.3,"[32.8--36.3]",117
"Mammalia","Helarctos malayanus","All",3.4,"A",27.8,"[27.7--27.9]",27.6,"[25.9--29.2]",33.8,"[33.7--33.9]",34.5,"[33.2--36.2]",180
"Mammalia","Helogale parvula","Male",0.9,"A",10.6,"[10.5--10.6]",10.3,"[9.7--10.9]",17.3,"[17.2--17.4]",18.9,"[17.6--20.4]",750
"Mammalia","Helogale parvula","Female",0.9,"A",10.2,"[10.1--10.2]",10,"[9.4--10.8]",16.3,"[16.3--16.4]",15.9,"[15.2--16.7]",650
"Mammalia","Helogale parvula","All",0.8,"A",10.4,"[10.4--10.5]",10.1,"[9.7--10.6]",17.1,"[17--17.2]",18.2,"[17.4--19.2]",1512
"Mammalia","Hemiechinus auritus","Male",0.6,"A",4.1,"[4.1--4.2]",4.3,"[3.9--4.8]",6.7,"[6.7--6.8]",6.7,"[6--7.6]",101
"Mammalia","Hemiechinus auritus","All",0.4,"A",4.4,"[4.3--4.4]",4.4,"[4.1--4.8]",6.7,"[6.7--6.8]",6.8,"[6.3--7.4]",218
"Mammalia","Hemitragus hylocrius","Male",2,"A",6.7,"[6.3--6.8]",6.1,"[4.6--8]",11.1,"[10.9--11.1]",11.5,"[10.3--12.9]",47
"Mammalia","Hemitragus hylocrius","Female",1.9,"A",10.8,"[10.7--11.8]",10.7,"[8.8--12.1]",13.5,"[13.3--13.6]",14,"[13.2--15.1]",40
"Mammalia","Hemitragus hylocrius","All",1.8,"A",9.1,"[9.1--9.2]",8.2,"[6.6--9.8]",13,"[12.9--13.3]",13.1,"[12.4--14]",88
"Mammalia","Hemitragus jemlahicus","Male",1.9,"A",9.3,"[9.3--9.4]",8.6,"[8--9.3]",16.9,"[16.5--17.1]",17,"[15.8--18.4]",639
"Mammalia","Hemitragus jemlahicus","Female",1.9,"A",11.2,"[11.2--11.3]",10.7,"[10--11.3]",18.7,"[18.6--18.7]",18.2,"[17.6--18.9]",811
"Mammalia","Hemitragus jemlahicus","All",1.8,"A",10.5,"[10.5--10.6]",9.8,"[9.3--10.3]",18.3,"[18.3--18.4]",17.7,"[17.2--18.4]",1519
"Mammalia","Herpailurus yagouaroundi","Male",1.8,"A",12.6,"[12.5--12.7]",12.2,"[11.1--13.2]",16.4,"[16.4--16.5]",17,"[16.2--18]",137
"Mammalia","Herpailurus yagouaroundi","Female",1.6,"A",12.8,"[12.7--13]",11.7,"[10.6--12.8]",18.3,"[18.2--18.4]",18.9,"[17.1--21.3]",133
"Mammalia","Heterocephalus glaber","Male",1,"A",14.6,"[14.5--14.7]",14.4,"[12.8--16.4]",30.1,"[29.9--30.3]",29.8,"[27.8--32.8]",778
"Mammalia","Heterocephalus glaber","Female",0.9,"A",10.9,"[10.9--11]",10.7,"[9.8--11.7]",26.7,"[26.3--27.7]",28.3,"[25--32.9]",723
"Mammalia","Heterocephalus glaber","All",0.4,"A",10.7,"[10.6--10.7]",10.9,"[10.2--11.5]",27,"[26.7--27]",28,"[26.3--30.4]",2317
"Mammalia","Heterohyrax brucei","Female",1.8,"A",8,"[7.1--8.1]",7.8,"[6.6--9.2]",12.6,"[12.6--12.8]",13.9,"[11.6--17.7]",81
"Mammalia","Heterohyrax brucei","All",1.2,"A",7.1,"[7--7.2]",7.1,"[6.3--8.1]",12.5,"[12.4--12.6]",13.7,"[11.9--16.6]",177
"Mammalia","Hippopotamus amphibius","Male",3.5,"A",35.2,"[34.6--35.8]",32.1,"[29.5--35]",53.9,"[53.5--55]",56.9,"[51.5--65.8]",401
"Mammalia","Hippopotamus amphibius","Female",3.7,"A",42.3,"[41.8--42.4]",41.2,"[38.4--44]",56.5,"[55.7--57.4]",56.1,"[53.5--59.3]",499
"Mammalia","Hippopotamus amphibius","All",3.2,"A",38.8,"[38.5--39.1]",37.6,"[35.4--39.8]",55.9,"[55.7--57.4]",55.5,"[53.4--58.1]",929
"Mammalia","Hippotragus equinus","Male",2,"A",9.8,"[9.7--9.8]",9.4,"[8.5--10.4]",18.2,"[17.9--18.5]",18.3,"[17.1--20]",435
"Mammalia","Hippotragus equinus","Female",2,"A",11.9,"[11.9--12]",11.6,"[11--12.2]",18.3,"[18.3--18.4]",19.7,"[18.6--21.1]",607
"Mammalia","Hippotragus equinus","All",1.9,"A",11.4,"[11.3--11.4]",11,"[10.4--11.5]",18.3,"[18.3--18.4]",19.2,"[18.3--20.3]",1061
"Mammalia","Hippotragus niger","Male",2.1,"A",9.6,"[9.5--9.7]",9.1,"[8.4--9.8]",18,"[18--18.2]",17.5,"[16.6--18.5]",702
"Mammalia","Hippotragus niger","Female",2,"A",10.5,"[10.4--10.6]",10.6,"[10.1--11.1]",18.6,"[18.6--18.7]",18.3,"[17.8--18.7]",1270
"Mammalia","Hippotragus niger","All",1.9,"A",10.1,"[10--10.1]",9.9,"[9.5--10.3]",18.5,"[18.4--18.5]",18.1,"[17.7--18.5]",2052
"Mammalia","Hyaena hyaena","Male",1.9,"A",14.2,"[14.1--14.3]",14.2,"[13.2--15.2]",19.7,"[19.6--20]",20.5,"[19.1--22.3]",200
"Mammalia","Hyaena hyaena","Female",2,"A",14.7,"[14.5--14.9]",14.4,"[13.5--15.4]",20,"[19.9--20]",20.7,"[19.4--22.5]",228
"Mammalia","Hyaena hyaena","All",1.9,"A",14.4,"[14.3--14.5]",14.8,"[14.1--15.4]",19.9,"[19.9--20]",19.7,"[19.1--20.5]",445
"Mammalia","Hydrochoerus hydrochaeris","Male",1.4,"A",7,"[6.9--7.1]",7,"[6.7--7.3]",12.5,"[12.4--12.5]",13.3,"[12.8--13.9]",1911
"Mammalia","Hydromys chrysogaster","Male",0.7,"A",3,"[2.9--3.1]",3.1,"[2.5--3.8]",5.2,"[5.1--5.2]",5.4,"[5--5.9]",91
"Mammalia","Hydromys chrysogaster","Female",0.7,"A",3.8,"[3.7--3.9]",3.9,"[3.3--4.5]",6.2,"[5.8--6.8]",6.3,"[5.9--6.9]",86
"Mammalia","Hydromys chrysogaster","All",0.3,"A",3,"[2.9--3]",2.9,"[2.4--3.4]",5.7,"[5.7--5.8]",5.9,"[5.6--6.3]",260
"Mammalia","Hydropotes inermis","Male",1,"A",5.4,"[5.3--5.5]",5.6,"[4.8--6.4]",10.3,"[10.1--10.5]",10.5,"[9.7--11.3]",183
"Mammalia","Hydropotes inermis","Female",0.9,"A",5.6,"[5.4--5.7]",5.3,"[4.5--6.1]",11.8,"[11.7--12.2]",12.6,"[11.2--14.8]",212
"Mammalia","Hydropotes inermis","All",0.9,"A",5.3,"[5.2--5.4]",5.3,"[4.8--5.8]",10.8,"[10.6--11.1]",11.6,"[10.7--12.7]",453
"Mammalia","Hylobates lar","Male",5.5,"A",30.4,"[30.3--30.6]",30.5,"[27.2--33.2]",37.7,"[37.6--37.8]",39.7,"[37.9--44.7]",423
"Mammalia","Hylobates lar","Female",6.3,"A",30.7,"[30.6--30.7]",29,"[26--31.8]",45.4,"[45.3--45.4]",46.9,"[43.9--52.1]",460
"Mammalia","Hylobates lar","All",5.6,"A",32.7,"[32.5--33]",31.4,"[29.2--33.8]",51.3,"[50.7--51.4]",52.7,"[49--58.7]",958
"Mammalia","Hypogeomys antimena","Male",1,"A",6.1,"[6.1--6.2]",6,"[5.3--6.7]",11.1,"[11--11.1]",10.9,"[10.1--11.8]",157
"Mammalia","Hypogeomys antimena","Female",1.1,"A",5.1,"[5.1--5.2]",5,"[4.4--5.6]",10.2,"[10.2--10.3]",9.9,"[9--11]",166
"Mammalia","Hypogeomys antimena","All",0.8,"A",5.4,"[5.4--5.5]",5.4,"[4.8--5.9]",10.7,"[10.6--10.8]",10.6,"[10--11.2]",334
"Mammalia","Hystrix africaeaustralis","Male",0.9,"A",13.3,"[13.2--13.3]",13,"[11.7--14.2]",22.9,"[22.6--23.8]",22.9,"[21.2--25.5]",387
"Mammalia","Hystrix africaeaustralis","Female",1,"A",13.8,"[13.6--13.9]",13.3,"[12--14.7]",25.3,"[23.5--26.2]",26.3,"[23.2--30.9]",391
"Mammalia","Hystrix africaeaustralis","All",0.8,"A",13.1,"[13--13.2]",12.6,"[11.8--13.5]",23.6,"[23.5--23.8]",23.8,"[22.1--26]",878
"Mammalia","Hystrix cristata","Male",0.8,"A",14.6,"[14.5--14.6]",14.6,"[13.1--16.1]",24.9,"[24.5--25.2]",25.9,"[23.3--29.6]",282
"Mammalia","Hystrix cristata","Female",1.2,"A",13.9,"[13.8--14]",13.4,"[12.2--14.5]",26.1,"[24.7--26.3]",25.1,"[22.8--28.1]",320
"Mammalia","Hystrix cristata","All",1,"A",14.4,"[14.4--14.5]",13.7,"[12.8--14.7]",25.2,"[25.2--25.4]",25.2,"[23.5--27.3]",703
"Mammalia","Hystrix indica","Male",0.8,"A",15.6,"[15.5--15.8]",15.8,"[14.6--17.1]",27.4,"[27.2--27.5]",28.3,"[26--31.4]",711
"Mammalia","Hystrix indica","Female",1.3,"A",16.4,"[16.3--16.4]",16.3,"[15.2--17.5]",27,"[26.8--27.2]",28.4,"[26.2--31.6]",659
"Mammalia","Hystrix indica","All",1,"A",15.8,"[15.8--15.9]",16,"[15.2--16.8]",27.2,"[27.1--27.2]",27.8,"[26.4--29.7]",1589
"Mammalia","Isoodon macrourus","Male",0.5,"A",2.7,"[2.6--2.8]",2.8,"[2.1--3.6]",4.4,"[4.3--4.5]",5.6,"[4.2--8]",31
"Mammalia","Jaculus jaculus","Male",0.3,"A",1.9,"[1.8--2]",2.1,"[1.8--2.6]",5.3,"[5.2--5.6]",5.5,"[4.9--6.2]",159
"Mammalia","Jaculus jaculus","Female",0.4,"A",2.7,"[2.6--2.8]",2.6,"[2.2--3]",5.9,"[5.3--6.1]",5.8,"[5.1--6.7]",139
"Mammalia","Jaculus jaculus","All",0.3,"A",2.3,"[2.3--2.4]",2.2,"[1.9--2.5]",5.5,"[5.3--5.6]",5.8,"[5.3--6.3]",332
"Mammalia","Kerodon rupestris","Male",0.5,"A",2.9,"[2.9--3]",3.1,"[2.7--3.6]",9.4,"[9.3--9.4]",9.7,"[8.6--11]",351
"Mammalia","Kerodon rupestris","Female",0.5,"A",3.2,"[3.2--3.3]",3.3,"[2.9--3.8]",9.6,"[9.5--9.7]",9.1,"[8.2--10.5]",372
"Mammalia","Kerodon rupestris","All",0.4,"A",2.8,"[2.8--2.9]",2.9,"[2.6--3.2]",9.9,"[9.9--10]",10.4,"[9.3--11.8]",875
"Mammalia","Kobus ellipsiprymnus","Male",1.4,"A",10,"[9.8--10.1]",9.6,"[8.7--10.4]",20.9,"[20.5--21.1]",21.9,"[20.5--23.6]",1064
"Mammalia","Kobus ellipsiprymnus","Female",1.6,"A",13.6,"[13.6--13.7]",13.4,"[12.8--14]",22.2,"[22.2--22.3]",23.5,"[22.5--24.6]",1498
"Mammalia","Kobus ellipsiprymnus","All",1.5,"A",12.7,"[12.6--12.7]",12.3,"[11.8--12.8]",21.8,"[21.8--22]",23.1,"[22.3--24.1]",2602
"Mammalia","Kobus kob","Female",1.7,"A",11,"[11--11.1]",10.2,"[8.5--11.9]",16,"[15.9--16.1]",16,"[14.8--17.5]",100
"Mammalia","Kobus kob","All",1.5,"A",9.9,"[9.8--9.9]",8.5,"[7.1--10.2]",17.4,"[17.1--17.7]",17.9,"[16.2--20.6]",188
"Mammalia","Kobus leche","Male",1.1,"A",6.4,"[6.4--6.5]",6.2,"[5.8--6.6]",18.5,"[18.3--18.5]",19,"[17.6--20.6]",1365
"Mammalia","Kobus megaceros","Male",1.8,"A",7.9,"[7.9--8]",7.7,"[7.2--8.2]",14.8,"[14.7--14.8]",15.6,"[14.6--16.9]",657
"Mammalia","Kobus megaceros","Female",1.4,"A",11,"[10.9--11]",10.9,"[10.3--11.4]",18.8,"[18.7--18.8]",18.8,"[18--19.7]",901
"Mammalia","Kobus megaceros","All",1.4,"A",9.4,"[9.3--9.4]",9.3,"[8.9--9.7]",17.6,"[17.5--17.6]",18.1,"[17.5--18.8]",1656
"Mammalia","Lagorchestes hirsutus","Female",0.6,"A",7.7,"[7.7--7.8]",7.7,"[6.7--8.7]",12.9,"[12.8--13.2]",12.4,"[11.5--13.7]",176
"Mammalia","Lagorchestes hirsutus","All",0.3,"A",6.4,"[6.3--6.4]",6.2,"[5.4--7]",12.8,"[12.6--12.9]",12.8,"[11.7--14.3]",366
"Mammalia","Lagostomus maximus","Male",1.1,"A",4.4,"[4.3--4.4]",4.3,"[3.8--4.8]",7.4,"[7.3--7.5]",7.4,"[6.7--8.3]",120
"Mammalia","Lagostomus maximus","Female",0.8,"A",4.5,"[4.4--4.6]",4.4,"[3.8--5.2]",9.4,"[9.4--9.5]",9.4,"[8.1--11.4]",125
"Mammalia","Lagostomus maximus","All",0.8,"A",4.4,"[4.4--4.5]",4.3,"[3.9--4.7]",8.5,"[8.2--8.7]",8.3,"[7.6--9.2]",255
"Mammalia","Lagothrix lagothricha","Female",5.8,"A",14.1,"[13.9--14.2]",15.3,"[12.9--18.9]",34.5,"[34.1--34.7]",36,"[29.2--47.5]",62
"Mammalia","Lagurus lagurus","Male",0.1,"A",1.2,"[1.2--1.3]",1.1,"[0.8--1.4]",2,"[2--2.2]",2.1,"[1.8--2.4]",49
"Mammalia","Lagurus lagurus","All",0.1,"A",1.2,"[1.1--1.2]",1.1,"[0.9--1.3]",2,"[1.9--2]",2,"[1.9--2.2]",137
"Mammalia","Lama glama","Male",1.7,"A",16.3,"[16.2--16.4]",16.2,"[15.6--16.9]",34.4,"[34.3--34.7]",28.2,"[26.6--30.3]",2158
"Mammalia","Lama glama","Female",1.6,"A",17.1,"[17--17.1]",16.6,"[16.2--17]",26.5,"[26.4--26.5]",26.5,"[25.6--27.6]",3126
"Mammalia","Lama guanicoe","Male",2,"A",15.6,"[15.4--15.7]",14.2,"[13--15.5]",28,"[28--28.1]",28.2,"[26.1--31.1]",695
"Mammalia","Lama guanicoe","Female",2,"A",18.9,"[18.8--18.9]",18.5,"[17.9--19.2]",28.4,"[28.4--28.5]",29,"[27.8--30.4]",1091
"Mammalia","Lama guanicoe","All",1.7,"A",17.7,"[17.7--17.8]",17.3,"[16.8--18]",28.1,"[28--28.1]",28.5,"[27.5--29.7]",1909
"Mammalia","Lemmus lemmus","All",0.1,"A",0.9,"[0.9--1]",1,"[0.8--1.2]",1.7,"[1.7--1.8]",1.9,"[1.6--2.2]",71
"Mammalia","Lemniscomys barbarus","Male",0.3,"A",2,"[1.9--2]",2.1,"[1.9--2.3]",3.7,"[3.6--3.7]",4.1,"[3.7--4.7]",173
"Mammalia","Lemniscomys barbarus","Female",0.3,"A",1.8,"[1.8--1.9]",1.9,"[1.7--2.2]",4.1,"[3.9--4.3]",4,"[3.5--4.6]",173
"Mammalia","Lemniscomys barbarus","All",0.2,"A",1.7,"[1.6--1.7]",1.8,"[1.7--1.9]",3.5,"[3.5--3.6]",3.6,"[3.4--3.9]",506
"Mammalia","Lemur catta","Male",1.9,"A",18.4,"[18.3--18.4]",18.2,"[17.7--18.8]",35.2,"[35.2--35.4]",34.4,"[32.9--36.1]",5313
"Mammalia","Lemur catta","Female",1.9,"A",17.7,"[17.6--17.7]",17.4,"[16.8--17.9]",29.7,"[29.6--29.8]",30.4,"[29.5--31.6]",4848
"Mammalia","Lemur catta","All",1.8,"A",17.9,"[17.9--18]",17.7,"[17.3--18.1]",32.4,"[32.4--32.5]",32.2,"[31.5--32.9]",10504
"Mammalia","Leontocebus fuscicollis","Male",2.1,"A",9.4,"[9.3--9.4]",10,"[8.7--11.4]",19.6,"[18.4--19.8]",20.2,"[17.4--24.3]",153
"Mammalia","Leontocebus fuscicollis","Female",2.2,"A",10.2,"[9.9--10.3]",10.2,"[8.7--11.7]",22.5,"[21--22.8]",23.2,"[19.5--28.5]",157
"Mammalia","Leontocebus fuscicollis","All",2.1,"A",9.6,"[9.4--9.7]",10.1,"[9.1--11.1]",23.2,"[22.8--23.4]",23.2,"[20.6--27]",344
"Mammalia","Leontocebus weddelli","Female",1.5,"A",5.3,"[5.2--5.6]",6.1,"[4.4--8.3]",12.9,"[12.5--13.2]",12.7,"[11--14.6]",44
"Mammalia","Leontocebus weddelli","All",1.7,"A",5.7,"[5.6--5.8]",6.3,"[5.1--7.7]",14.2,"[14--14.3]",14.9,"[12.4--18.4]",74
"Mammalia","Leontopithecus chrysomelas","Male",1.7,"A",11.2,"[11.1--11.2]",10.8,"[10.1--11.6]",19.3,"[19.2--19.3]",19.7,"[19--20.5]",698
"Mammalia","Leontopithecus chrysomelas","Female",1.7,"A",10.2,"[10.1--10.3]",10.1,"[9.4--10.8]",18.5,"[18.4--18.7]",18.6,"[17.8--19.6]",689
"Mammalia","Leontopithecus chrysomelas","All",1.7,"A",10.5,"[10.5--10.6]",10.5,"[10--11.1]",19,"[18.9--19]",19,"[18.5--19.7]",1391
"Mammalia","Leontopithecus chrysopygus","Male",4.1,"A",15.1,"[15--15.6]",14.6,"[13--16.3]",20.1,"[19.5--20.5]",21.4,"[19.5--24.1]",72
"Mammalia","Leontopithecus chrysopygus","Female",2.6,"A",14.2,"[14--14.4]",14.4,"[12.8--15.8]",19.7,"[19.3--19.8]",19.4,"[18.3--20.9]",71
"Mammalia","Leontopithecus chrysopygus","All",2.1,"A",14.8,"[14.5--15]",14.5,"[13.5--15.6]",20.1,"[19.8--20.5]",20.5,"[19.4--21.9]",156
"Mammalia","Leontopithecus rosalia","Male",1.9,"A",12.5,"[12.4--12.5]",12.3,"[11.8--12.9]",20.1,"[20--20.2]",20.7,"[20--21.5]",1015
"Mammalia","Leontopithecus rosalia","Female",2,"A",12.2,"[12.1--12.2]",12,"[11.3--12.6]",18.7,"[18.6--18.9]",18.9,"[18.5--19.4]",875
"Mammalia","Leopardus geoffroyi","Male",1.2,"A",16.7,"[16.6--16.8]",16,"[14.4--17.6]",25.6,"[25.5--25.9]",25.7,"[23--29.4]",167
"Mammalia","Leopardus geoffroyi","Female",1.8,"A",15.4,"[15.3--15.4]",15.4,"[13.3--17.3]",20.4,"[20.3--20.4]",20.4,"[19.6--21.8]",140
"Mammalia","Leopardus geoffroyi","All",1.4,"A",16.9,"[16.8--17.1]",16.1,"[14.8--17.3]",25.5,"[23.1--25.9]",27.6,"[25--31]",319
"Mammalia","Leopardus pardalis","Female",1.9,"A",18.4,"[18.3--18.4]",17.9,"[16.9--18.8]",23.6,"[23.5--23.7]",23.5,"[22.8--24.2]",332
"Mammalia","Leopardus wiedii","Female",2.2,"A",17.9,"[17.4--18.3]",17.2,"[14.6--19.6]",24.3,"[23.2--24.4]",24.8,"[23--27.3]",82
"Mammalia","Leopardus wiedii","All",1.8,"A",18.1,"[18--18.3]",17.3,"[15.5--18.9]",24.4,"[24.2--24.4]",24.4,"[23.1--25.9]",166
"Mammalia","Leporillus conditor","Male",0.4,"A",3,"[2.9--3]",3,"[2.6--3.4]",6.1,"[6--6.7]",5.8,"[5--6.8]",152
"Mammalia","Leporillus conditor","Female",0.4,"A",2.8,"[2.7--2.8]",2.8,"[2.5--3.1]",4.5,"[4.5--4.6]",4.9,"[4.5--5.4]",165
"Mammalia","Leporillus conditor","All",0.4,"A",2.8,"[2.8--2.9]",2.9,"[2.6--3.1]",5.3,"[5.2--5.4]",5.4,"[5--5.9]",329
"Mammalia","Leptailurus serval","Male",1.5,"A",14.6,"[14.5--14.7]",14,"[13.3--14.7]",21.6,"[21.5--21.6]",22.6,"[21.6--23.9]",818
"Mammalia","Leptailurus serval","Female",1.4,"A",14,"[13.9--14]",14,"[13.2--14.7]",22.3,"[22.3--22.4]",23,"[22.1--24]",815
"Mammalia","Leptailurus serval","All",1.3,"A",14.3,"[14.2--14.4]",13.9,"[13.4--14.4]",22.1,"[22--22.1]",22.7,"[22--23.5]",1684
"Mammalia","Lepus capensis","Male",0.5,"A",1.6,"[1.6--1.7]",1.6,"[1.3--2]",3.4,"[3.4--3.5]",3.8,"[3.1--4.6]",56
"Mammalia","Lepus capensis","Female",0.5,"A",1.6,"[1.5--1.6]",1.7,"[1.4--2.2]",4.6,"[4.5--4.7]",4.6,"[3.8--5.5]",73
"Mammalia","Lepus capensis","All",0.5,"A",1.6,"[1.6--1.7]",1.8,"[1.6--2.1]",4.9,"[4.8--5.2]",5.4,"[4.6--6.3]",173
"Mammalia","Lepus timidus","Male",1,"A",3.7,"[3.7--3.8]",3.9,"[3.1--4.8]",8.1,"[8.1--8.2]",8.1,"[7.2--9.5]",82
"Mammalia","Lepus timidus","Female",0.9,"A",3,"[2.9--3.3]",3.3,"[2.6--4.1]",8.8,"[8.6--9]",8.8,"[7.7--9.9]",117
"Mammalia","Lepus timidus","All",0.9,"A",3.3,"[3.2--3.4]",3.5,"[3--4.1]",8.7,"[8.7--8.8]",8.7,"[8.1--9.5]",220
"Mammalia","Litocranius walleri","Male",2,"A",5.6,"[5.5--5.7]",5.6,"[5.1--6.2]",10.8,"[10.8--10.9]",11.2,"[10.4--12.1]",212
"Mammalia","Litocranius walleri","Female",1.5,"A",5.6,"[5.6--5.7]",5.8,"[5.3--6.3]",11.8,"[11.8--11.9]",11.6,"[10.7--12.6]",304
"Mammalia","Litocranius walleri","All",1.5,"A",5.4,"[5.3--5.4]",5.5,"[5.1--5.9]",11,"[10.9--11]",11.2,"[10.6--11.8]",546
"Mammalia","Lontra canadensis","Male",2.9,"A",14.7,"[14.6--14.8]",14.1,"[13.2--14.9]",20,"[20--20.2]",21,"[19.8--22.6]",261
"Mammalia","Lontra canadensis","Female",2.9,"A",14.6,"[14.5--14.7]",14.5,"[13.4--15.7]",19.9,"[19.7--20]",19.8,"[19.3--20.4]",242
"Mammalia","Lontra canadensis","All",2.8,"A",14.4,"[14.1--14.5]",14.5,"[13.8--15.2]",19.6,"[19.4--19.7]",19.6,"[19.2--20]",507
"Mammalia","Loris lydekkerianus","Female",1.6,"A",9.5,"[9.4--9.7]",9.8,"[8.2--11]",13.8,"[13.7--13.9]",14.7,"[13.5--16.1]",72
"Mammalia","Loris lydekkerianus","All",1.6,"A",9.7,"[9.7--9.8]",10.1,"[8.9--11.1]",15.4,"[15.4--15.5]",15.1,"[14.3--16.2]",131
"Mammalia","Loris tardigradus","Male",1,"A",10.3,"[9.9--11.6]",10.8,"[8--13.3]",17.8,"[17.7--18.1]",17.7,"[16.2--19.5]",40
"Mammalia","Loris tardigradus","Female",1,"A",12.6,"[11.8--13.2]",12,"[9.5--13.8]",16.7,"[16.5--16.9]",16.5,"[15.6--17.7]",34
"Mammalia","Loris tardigradus","All",1,"A",11.7,"[11.6--11.8]",11.6,"[9.8--13.2]",17.8,"[17.7--17.8]",17.8,"[16.8--19]",79
"Mammalia","Lutra lutra","Male",1.9,"A",10.4,"[10.3--10.5]",10.2,"[9.4--11.1]",18.6,"[17.6--19]",19.8,"[17.9--22.3]",341
"Mammalia","Lutra lutra","Female",2.1,"A",12,"[11.9--12]",11.6,"[10.9--12.3]",15.1,"[15--15.2]",15.2,"[14.8--15.7]",320
"Mammalia","Lycaon pictus","Male",1.3,"A",9.9,"[9.8--9.9]",9.9,"[9.7--10.1]",12.8,"[12.8--12.9]",12.8,"[12.7--13]",1308
"Mammalia","Lynx canadensis","Female",1.9,"A",15,"[14.7--15.1]",14.9,"[13.7--16.1]",20.5,"[20.3--21]",20.4,"[19.3--21.9]",154
"Mammalia","Lynx canadensis","All",1.9,"A",15.1,"[15.1--15.2]",15,"[14.2--15.8]",20.2,"[20.2--20.3]",19.8,"[19--20.6]",310
"Mammalia","Lynx lynx","Male",2,"A",17.6,"[17.5--17.7]",17,"[16.5--17.6]",22.3,"[22.3--22.4]",23.4,"[22.7--24.3]",748
"Mammalia","Lynx lynx","All",1.4,"A",16.9,"[16.8--17]",16.6,"[16.1--17]",22.5,"[22.5--22.6]",23.5,"[22.9--24.2]",1700
"Mammalia","Lynx rufus","Male",2.3,"A",17.7,"[17.6--17.7]",17.2,"[16.2--18.1]",22.5,"[22.4--22.5]",22.8,"[22.1--23.7]",285
"Mammalia","Lynx rufus","Female",2,"A",18.4,"[18.2--18.7]",18.5,"[17.7--19.3]",23.5,"[23.5--23.6]",23.5,"[22.9--24.2]",264
"Mammalia","Lynx rufus","All",1.9,"A",18,"[17.9--18]",17.6,"[17--18.1]",22.6,"[22.6--22.7]",22.7,"[22.2--23.2]",559
"Mammalia","Macaca arctoides","All",2.6,"A",17.9,"[17.8--18]",17.5,"[15.1--20]",31.5,"[31--33.7]",34.5,"[29.6--41.2]",160
"Mammalia","Macaca cyclopis","Male",4.5,"A",20.3,"[19.4--21.7]",20.2,"[16.3--23.6]",26.5,"[26.3--26.6]",28.8,"[25.8--34.6]",34
"Mammalia","Macaca cyclopis","All",4.5,"A",20.4,"[20.3--21.7]",20,"[16.7--23]",26.7,"[26.6--26.8]",28.8,"[26.8--32.3]",63
"Mammalia","Macaca fascicularis","Male",1.4,"A",12.4,"[12.4--12.5]",12.3,"[11.3--13.3]",24.9,"[24--25.2]",24.9,"[22.7--27.9]",545
"Mammalia","Macaca fascicularis","Female",3.5,"A",20.3,"[20.3--20.4]",20,"[18.8--21.2]",33.5,"[32.7--33.7]",32.3,"[29.9--35.1]",557
"Mammalia","Macaca fascicularis","All",1.9,"A",17.4,"[17.3--17.5]",16.6,"[15.7--17.4]",33.3,"[32.7--33.5]",31.8,"[29.5--34.7]",1181
"Mammalia","Macaca fuscata","Male",3.1,"A",18.4,"[18.4--18.5]",17.5,"[16.6--18.5]",36.1,"[36--37.5]",34.1,"[31.7--37.1]",1079
"Mammalia","Macaca fuscata","Female",3.9,"A",23.1,"[23--23.2]",22.3,"[21.4--23.1]",34.1,"[34--34.1]",35.3,"[33.8--37.1]",1147
"Mammalia","Macaca mulatta","Female",2.6,"A",25.9,"[25.9--26]",25.8,"[24.6--27.2]",34.8,"[34.6--34.9]",34.7,"[33.1--36.8]",784
"Mammalia","Macaca mulatta","All",2.5,"A",25.4,"[25.4--25.5]",24.8,"[23.9--25.6]",30.4,"[30.3--30.4]",30.8,"[30--31.9]",1300
"Mammalia","Macaca nemestrina","Male",2.8,"A",18.4,"[18--19]",18.5,"[16.4--20.8]",32.3,"[31.7--34.4]",35.3,"[30.4--42]",228
"Mammalia","Macaca nemestrina","Female",3.2,"A",20.4,"[20.3--20.4]",19.6,"[17.8--21.4]",35.6,"[34.4--36.4]",38.1,"[33.6--43.7]",316
"Mammalia","Macaca nemestrina","All",2.8,"A",19,"[18.9--19.1]",18.6,"[17.2--19.9]",32.7,"[32.5--33]",32.8,"[30.3--36.2]",568
"Mammalia","Macaca nigra","Male",3.7,"A",15.1,"[15--15.1]",14.5,"[13.5--15.7]",27.1,"[27--27.3]",27.9,"[25.4--30.8]",381
"Mammalia","Macaca nigra","Female",4.6,"A",17.9,"[17.8--18]",17.9,"[16.9--18.8]",28,"[27.6--28.6]",28.3,"[26.5--30.4]",371
"Mammalia","Macaca nigra","All",3.3,"A",16.4,"[16.3--16.4]",16,"[15.2--16.8]",27.5,"[27.4--27.9]",28.1,"[26.6--29.8]",800
"Mammalia","Macaca radiata","Female",2.6,"A",17.8,"[17.4--20.7]",18.7,"[14.5--22.9]",27.8,"[27.7--27.8]",28.6,"[25.9--33.5]",89
"Mammalia","Macaca radiata","All",2.6,"A",17.8,"[17.4--20.7]",19.5,"[17--22.3]",29.9,"[29.6--30.3]",30.8,"[27.8--35.8]",166
"Mammalia","Macaca silenus","Male",4.3,"A",22.6,"[22.6--22.7]",21.3,"[20.1--22.5]",31.7,"[31.6--32.1]",32.8,"[31.6--34.2]",532
"Mammalia","Macaca silenus","Female",3.6,"A",23.8,"[23.7--23.9]",23.6,"[22.3--24.9]",35.5,"[35.3--35.7]",35.6,"[34.5--37]",601
"Mammalia","Macaca silenus","All",3.5,"A",23.3,"[23.2--23.4]",22.3,"[21.4--23.1]",33.8,"[33.7--33.9]",34.3,"[33.3--35.4]",1176
"Mammalia","Macaca sylvanus","Female",3.8,"A",17.7,"[17.5--17.8]",17.2,"[16.1--18.4]",31.4,"[31.2--32.1]",32.9,"[30.1--36.6]",609
"Mammalia","Macaca sylvanus","All",3,"A",16.9,"[16.9--17]",16.4,"[15.4--17.4]",32.6,"[32.3--32.8]",33.9,"[31.2--37.7]",1296
"Mammalia","Macaca tonkeana","Male",5.1,"A",18.4,"[18.3--18.6]",17.7,"[15.3--20.4]",28.7,"[27.6--29.1]",32.2,"[27.1--41]",79
"Mammalia","Macaca tonkeana","Female",5.3,"A",18.9,"[18.8--19.5]",20.2,"[16.9--23]",30.7,"[29.7--31.1]",30.4,"[28.3--33.1]",83
"Mammalia","Macaca tonkeana","All",5.1,"A",18.7,"[18.6--19]",19.5,"[17.6--21.4]",30.9,"[30.7--31.1]",30.8,"[29--33.3]",167
"Mammalia","Macroderma gigas","Male",1.1,"A",8.8,"[8.7--8.9]",8.4,"[6.7--10.3]",15.8,"[13.5--17.1]",16.6,"[13.8--22.1]",60
"Mammalia","Macroderma gigas","Female",1.1,"A",16.1,"[15.5--16.3]",15,"[11.8--17.3]",19.5,"[19.2--19.6]",19.7,"[19--20.7]",67
"Mammalia","Macroderma gigas","All",0.7,"A",10.1,"[10--10.2]",10.8,"[8.7--13]",19.2,"[18.9--19.6]",19.9,"[18.5--21.4]",136
"Mammalia","Macropus fuliginosus","Male",1.5,"A",7.4,"[7.3--7.4]",7.5,"[7--8.2]",15.7,"[15.6--15.7]",16.4,"[15.2--17.8]",639
"Mammalia","Macropus fuliginosus","Female",1.2,"A",10.9,"[10.9--11]",10.5,"[9.7--11.2]",19.2,"[19.2--19.3]",19.1,"[18.3--20.1]",807
"Mammalia","Macropus fuliginosus","All",1.1,"A",8.9,"[8.7--9]",8.7,"[8.2--9.2]",18,"[17.9--18]",18,"[17.3--18.8]",1547
"Mammalia","Macropus giganteus","Male",1,"A",8.3,"[8.3--8.4]",8.2,"[7.6--9]",17.7,"[17.6--17.7]",18.7,"[17.3--20.4]",1122
"Mammalia","Macropus giganteus","Female",1.1,"A",11.1,"[11--11.2]",11,"[10.3--11.7]",20.7,"[20.4--20.9]",20.6,"[19.8--21.5]",1204
"Mammalia","Macropus giganteus","All",0.8,"A",9.6,"[9.6--9.7]",9.4,"[8.9--9.9]",19.6,"[19.6--19.7]",19.8,"[19--20.7]",2505
"Mammalia","Macropus robustus","All",1.4,"A",5.4,"[5--6.8]",5.9,"[4.3--8]",11.6,"[10.2--13.1]",12.5,"[9.7--16.6]",32
"Mammalia","Macroscelides proboscideus","Male",0.4,"A",3.2,"[3.2--3.3]",3.2,"[3--3.4]",6.4,"[6.4--6.5]",6.6,"[6.3--7]",719
"Mammalia","Macroscelides proboscideus","Female",0.4,"A",2.7,"[2.7--2.8]",2.8,"[2.6--3]",6,"[5.9--6]",6,"[5.7--6.3]",705
"Mammalia","Macroscelides proboscideus","All",0.4,"A",2.9,"[2.9--3]",2.9,"[2.8--3.1]",6.2,"[6.2--6.3]",6.3,"[6--6.5]",1481
"Mammalia","Madoqua guentheri","Male",0.8,"A",8,"[7.6--8.7]",7.6,"[6--9.5]",14.3,"[14.1--14.5]",14.9,"[13.1--16.9]",80
"Mammalia","Madoqua guentheri","Female",0.8,"A",7.7,"[7.7--7.8]",7.6,"[6--9.1]",14.6,"[14.5--14.9]",14.3,"[13--15.7]",82
"Mammalia","Madoqua guentheri","All",0.8,"A",7.8,"[7.7--7.8]",7.7,"[6.7--8.9]",14.6,"[14.5--14.9]",14.6,"[13.5--15.7]",163
"Mammalia","Madoqua kirkii","Male",1,"A",5.2,"[5.1--5.2]",5.3,"[4.8--5.9]",13.9,"[13.8--13.9]",14.1,"[13--15.3]",485
"Mammalia","Madoqua kirkii","Female",1,"A",6.2,"[6.1--6.2]",6.2,"[5.6--6.9]",14.3,"[14.2--14.3]",14.1,"[13.2--14.8]",510
"Mammalia","Madoqua kirkii","All",0.9,"A",5.6,"[5.6--5.7]",5.6,"[5.2--6]",14.2,"[14.2--14.3]",14.2,"[13.4--14.8]",1044
"Mammalia","Madoqua saltiana","Male",0.9,"A",3.6,"[3--3.8]",3.3,"[2.6--4.3]",7.6,"[7--8.1]",7.4,"[5.9--9.7]",36
"Mammalia","Madoqua saltiana","Female",1.1,"A",3.8,"[3.7--4.2]",4.1,"[3.2--5.3]",9.9,"[9.8--9.9]",9.8,"[8.2--12.2]",46
"Mammalia","Madoqua saltiana","All",0.9,"A",3.8,"[3.7--3.8]",3.9,"[3.1--4.7]",9.3,"[9.1--9.8]",9.1,"[7.8--11]",84
"Mammalia","Mandrillus leucophaeus","Female",3.2,"A",26.9,"[26.7--27]",26.7,"[24.2--29.1]",34.3,"[33.3--35.2]",34.3,"[32.2--36.8]",156
"Mammalia","Mandrillus leucophaeus","All",3.4,"A",21.6,"[21.5--21.9]",22,"[20.1--23.8]",32.5,"[32.1--32.6]",32.2,"[30.2--34.6]",290
"Mammalia","Mandrillus sphinx","Male",9.3,"A",20.4,"[20.2--20.5]",19.8,"[19.1--20.5]",26.2,"[26.1--26.2]",26.8,"[25.9--27.9]",397
"Mammalia","Mandrillus sphinx","Female",8.3,"A",22.2,"[22.1--22.3]",21.5,"[20.6--22.3]",31.9,"[31.7--32.3]",32.3,"[31.1--33.7]",689
"Mammalia","Mandrillus sphinx","All",7.6,"A",20.6,"[20.5--20.6]",20.2,"[19.6--20.8]",30.7,"[30.6--30.8]",30.5,"[29.5--31.6]",1192
"Mammalia","Marmota bobak","All",3.2,"A",6.9,"[6.8--6.9]",6.9,"[5.8--8.2]",10.7,"[10.4--11]",10.7,"[9.9--11.9]",54
"Mammalia","Marmota marmota","Female",2,"A",7.5,"[7.5--7.6]",7.8,"[6.8--8.9]",10.9,"[10.7--11]",13,"[10.8--16.9]",99
"Mammalia","Marmota monax","Male",1.5,"A",7.3,"[7.2--7.6]",6.9,"[5.6--8.2]",10.6,"[10.6--10.7]",11.7,"[9.8--14.5]",36
"Mammalia","Marmota monax","Female",1.5,"A",6.1,"[6.1--6.2]",6.1,"[5.2--6.9]",9.5,"[9.5--9.7]",9.8,"[8.6--11.4]",53
"Mammalia","Marmota monax","All",1.5,"A",6.1,"[6.1--6.2]",5.9,"[5.2--6.6]",9.7,"[9.7--9.8]",10.3,"[9.2--11.7]",114
"Mammalia","Martes flavigula","Male",2.5,"A",13.2,"[13.1--13.3]",12.5,"[11.3--13.6]",15.9,"[15.6--16.5]",16.9,"[15.6--19]",73
"Mammalia","Martes flavigula","Female",2,"A",13.1,"[12.7--13.2]",13,"[12.1--13.8]",16.8,"[16.5--17.2]",16.3,"[15.5--17.3]",100
"Mammalia","Martes flavigula","All",2,"A",13.2,"[13.2--13.3]",13.2,"[12.4--13.9]",16.5,"[16.5--16.6]",16.5,"[15.9--17.2]",181
"Mammalia","Martes martes","Male",1.2,"A",12.5,"[11.5--13]",12.7,"[9.2--15.7]",18.5,"[17.7--19.4]",19.5,"[17--24.6]",35
"Mammalia","Martes martes","All",1.3,"A",11.3,"[11--11.5]",10.5,"[8.7--12.4]",18.1,"[17.7--19.4]",19.2,"[16.3--24.1]",83
"Mammalia","Martes pennanti","Male",1,"A",10.2,"[10.1--10.3]",9.4,"[7.7--10.7]",12.1,"[12--12.3]",12.2,"[11.4--13.4]",36
"Mammalia","Martes pennanti","Female",1.1,"A",7,"[6.8--7.3]",7.1,"[5.5--8.7]",12.5,"[12.1--12.7]",12.4,"[10.3--15.3]",31
"Mammalia","Martes pennanti","All",1.1,"A",8.6,"[8.2--9]",8.4,"[7.3--9.5]",12.4,"[12.3--12.7]",12.8,"[11.7--14.4]",69
"Mammalia","Martes zibellina","All",1.2,"A",13.1,"[12--13.2]",13.1,"[10--15.7]",17.4,"[17.2--18.3]",18.4,"[16.7--20.7]",35
"Mammalia","Mazama americana","Female",1,"A",7,"[6.6--7.1]",6.6,"[4.8--9]",16.6,"[16.4--16.9]",16.4,"[13.5--20.2]",43
"Mammalia","Mazama gouazoubira","All",1,"A",7.3,"[7.3--7.4]",7.5,"[5.7--9.6]",15.6,"[14.9--16.8]",16.4,"[13.9--21.9]",68
"Mammalia","Mazama temama","Male",1.9,"A",6.2,"[6.1--6.3]",6.1,"[5.1--7.3]",11.1,"[11--11.1]",12,"[10.3--14.6]",75
"Mammalia","Mazama temama","Female",1.6,"A",6.2,"[6.1--6.8]",6.2,"[5.1--7.2]",12,"[10.4--12.2]",11.5,"[9.8--14.2]",65
"Mammalia","Mazama temama","All",1.3,"A",6,"[5.8--6.1]",5.9,"[5.2--6.7]",11.1,"[11.1--11.2]",12.1,"[10.8--14]",155
"Mammalia","Meles meles","Male",2.6,"A",11.9,"[11.5--12.1]",11.8,"[10--13.4]",18.4,"[17.4--19.1]",19,"[16.4--22.7]",62
"Mammalia","Meles meles","Female",3.1,"A",13.8,"[13.6--14.3]",13.6,"[12.1--15.1]",17,"[17--17.2]",18,"[17--19.3]",64
"Mammalia","Meles meles","All",2.9,"A",13,"[12.8--13.4]",12.8,"[11.7--13.9]",18.2,"[17.6--18.3]",19.3,"[17.7--21.4]",128
"Mammalia","Melursus ursinus","Male",4.7,"A",16.4,"[16.1--17]",17,"[15--19.1]",25.9,"[25.6--26]",25.9,"[24--28.6]",96
"Mammalia","Melursus ursinus","Female",2.9,"A",20.2,"[20.2--20.3]",19.7,"[16.9--22.3]",28.2,"[28.2--28.3]",28.9,"[26.8--31.6]",94
"Mammalia","Melursus ursinus","All",2.9,"A",18.8,"[18.3--19.2]",18.8,"[17.2--20.3]",28.1,"[27.9--28.2]",27.9,"[26.4--29.7]",199
"Mammalia","Mephitis mephitis","Male",0.8,"A",6.8,"[6.8--6.9]",6.8,"[6.6--7.1]",9.4,"[9.4--9.5]",9.4,"[9--9.7]",484
"Mammalia","Mephitis mephitis","Female",0.9,"A",7.1,"[7--7.1]",7,"[6.7--7.3]",10.2,"[10.1--10.2]",10.6,"[10.1--11.1]",542
"Mammalia","Mephitis mephitis","All",0.8,"A",6.9,"[6.8--6.9]",6.9,"[6.7--7.1]",9.6,"[9.5--9.6]",9.6,"[9.3--9.8]",1039
"Mammalia","Meriones arimalius","Male",0.3,"A",1.5,"[1.4--1.6]",1.5,"[1.2--1.9]",3,"[2.9--3.1]",3.3,"[2.9--3.9]",65
"Mammalia","Meriones arimalius","Female",0.3,"A",1.6,"[1.5--1.6]",1.8,"[1.4--2.2]",4,"[3.8--4.1]",3.9,"[3.4--4.6]",74
"Mammalia","Meriones arimalius","All",0.3,"A",1.3,"[1.2--1.3]",1.3,"[1.2--1.5]",3.1,"[3.1--3.2]",3.3,"[3--3.8]",218
"Mammalia","Meriones crassus","Female",0.2,"A",2.2,"[2.1--2.2]",2.4,"[2--2.7]",3.4,"[3.3--3.4]",3.5,"[3.2--3.9]",61
"Mammalia","Meriones crassus","All",0.2,"A",1,"[1--1.1]",1.1,"[0.8--1.5]",3.1,"[3.1--3.2]",3.3,"[3--3.5]",212
"Mammalia","Meriones libycus","Male",0.2,"A",5.8,"[4.6--6.1]",4.7,"[3.3--6.4]",12.3,"[12--12.9]",11.5,"[9--15.3]",50
"Mammalia","Meriones libycus","Female",0.2,"A",5,"[4.7--5.1]",4.8,"[3.6--6.2]",11.4,"[10.2--12]",10.6,"[8.3--14.2]",50
"Mammalia","Meriones libycus","All",0.2,"A",4.7,"[4.6--5]",4.6,"[3.7--5.6]",11.7,"[11.5--12]",10.7,"[9--13]",106
"Mammalia","Meriones meridianus","Male",0.7,"A",3.9,"[3.8--3.9]",4,"[3.6--4.5]",5.7,"[5.6--5.7]",5.9,"[5.5--6.3]",96
"Mammalia","Meriones meridianus","Female",0.6,"A",4.5,"[4.4--4.6]",4.6,"[4.2--5]",6.2,"[6.1--6.3]",6.3,"[6--6.7]",98
"Mammalia","Meriones meridianus","All",0.6,"A",4.1,"[4--4.2]",4.2,"[3.9--4.4]",5.8,"[5.8--5.9]",6,"[5.7--6.3]",208
"Mammalia","Meriones shawi","All",0.3,"A",2.1,"[2.1--2.2]",2.3,"[1.8--2.7]",3.6,"[3.5--3.7]",3.7,"[3.1--4.4]",31
"Mammalia","Meriones unguiculatus","Male",0.6,"A",3.3,"[3.2--3.4]",3.4,"[3.1--3.6]",5.6,"[5.6--5.9]",5.3,"[4.9--5.9]",166
"Mammalia","Meriones unguiculatus","Female",0.5,"A",3.4,"[3.3--3.5]",3.8,"[3.5--4.2]",6.6,"[6.5--6.8]",7.2,"[6.5--8]",207
"Mammalia","Mesocricetus auratus","Male",0.3,"A",2.1,"[2--2.2]",2.1,"[2--2.4]",3.3,"[3.2--3.3]",3.5,"[3.1--3.9]",128
"Mammalia","Mesocricetus auratus","Female",0.3,"A",2,"[1.9--2]",1.9,"[1.8--2.1]",2.7,"[2.6--2.7]",2.8,"[2.7--3]",171
"Mammalia","Mico argentatus","Male",2.1,"A",8.3,"[8.2--8.3]",8.2,"[7.5--8.9]",13.8,"[13.7--13.9]",14,"[13--15.2]",233
"Mammalia","Mico argentatus","Female",1.7,"A",7.7,"[7.6--7.8]",7.7,"[6.9--8.5]",15.1,"[14.8--15.6]",16.9,"[15--19.5]",257
"Mammalia","Mico argentatus","All",1.8,"A",8.1,"[8.1--8.2]",8,"[7.5--8.5]",14.6,"[14.5--14.7]",16.5,"[15.1--18.2]",507
"Mammalia","Mico melanurus","Female",1.9,"A",7.3,"[7.3--7.4]",7.1,"[6.1--8.2]",14.3,"[14.1--14.4]",14.9,"[12.4--18.9]",103
"Mammalia","Micromys minutus","Female",0.2,"A",1.9,"[1.9--2]",2,"[1.7--2.2]",4.7,"[4.5--4.8]",4.8,"[4.2--5.5]",220
"Mammalia","Micromys minutus","All",0.2,"A",2.5,"[2.5--2.6]",2.6,"[2.4--2.8]",7.6,"[7.5--7.6]",7.5,"[6.8--8.3]",856
"Mammalia","Microtus pennsylvanicus","Male",0.3,"A",1,"[0.9--1]",0.9,"[0.8--1.1]",1.9,"[1.8--2]",2.2,"[1.8--2.8]",144
"Mammalia","Microtus pennsylvanicus","All",0.3,"A",1,"[0.9--1]",1,"[0.8--1.1]",2.1,"[2--2.1]",2.3,"[2--2.6]",317
"Mammalia","Miopithecus talapoin","Female",4.4,"A",15,"[14.3--15.5]",13.5,"[10.6--16.3]",25,"[21.3--30.2]",24.5,"[20.4--30.6]",36
"Mammalia","Miopithecus talapoin","All",5,"A",15.5,"[14.9--16]",14.6,"[12.3--16.9]",26.5,"[26.2--26.7]",26.7,"[23.2--31.6]",68
"Mammalia","Mirza coquereli","All",0.8,"A",11.8,"[11.7--12.6]",11.1,"[8.6--13]",15,"[14.9--15.2]",15.4,"[14.5--16.4]",32
"Mammalia","Monodelphis domestica","Male",0.5,"A",3,"[2.9--3]",3.1,"[2.9--3.2]",4.1,"[4--4.1]",4.1,"[4--4.2]",310
"Mammalia","Monodelphis domestica","Female",0.4,"A",3.2,"[3.1--3.2]",3.2,"[3--3.4]",4.4,"[4.4--4.5]",4.5,"[4.3--4.7]",301
"Mammalia","Moschus moschiferus","Male",2,"A",6.9,"[6.8--7.1]",6.9,"[5.8--8.2]",12.8,"[12.4--14.6]",14.8,"[12.3--18.6]",76
"Mammalia","Mungos mungo","Male",1,"A",10.2,"[10.1--10.3]",10,"[9.5--10.6]",17.3,"[17.2--17.4]",17.1,"[16.2--18.3]",901
"Mammalia","Mungos mungo","Female",0.9,"A",9.8,"[9.7--9.9]",9.9,"[9.3--10.4]",17.1,"[17--17.4]",17.7,"[16.6--19]",952
"Mammalia","Mungos mungo","All",0.8,"A",9.6,"[9.5--9.7]",9.7,"[9.3--10]",16.1,"[16.1--16.2]",16.1,"[15.6--16.6]",2093
"Mammalia","Muntiacus muntjak","Female",1.4,"A",8.3,"[8.1--8.5]",8.7,"[7.5--9.8]",16,"[16--16.1]",15.7,"[14.6--17]",263
"Mammalia","Muntiacus muntjak","All",0.7,"A",8.2,"[8.1--8.2]",8.4,"[7.7--9.1]",16,"[16--16.1]",15.4,"[14.6--16.2]",666
"Mammalia","Muntiacus reevesi","Male",1,"A",9.1,"[9--9.2]",8.8,"[8.3--9.4]",18,"[18--18.1]",17.9,"[17--19]",1491
"Mammalia","Muntiacus reevesi","Female",1.1,"A",9.7,"[9.6--9.7]",9.4,"[8.9--9.8]",17.9,"[17.8--17.9]",18.1,"[17.5--18.9]",1619
"Mammalia","Muntiacus reevesi","All",0.9,"A",9.3,"[9.2--9.3]",8.8,"[8.5--9.2]",17.9,"[17.8--17.9]",18.1,"[17.6--18.6]",3357
"Mammalia","Muntiacus vaginalis","Male",1.2,"A",8.3,"[8.2--8.6]",8.4,"[6.3--11]",17.1,"[16.3--18.3]",18.5,"[15.4--22.8]",68
"Mammalia","Muntiacus vaginalis","Female",1.2,"A",11.1,"[10.2--11.4]",10.1,"[7.7--12.7]",16.5,"[16.2--16.9]",16.5,"[15.3--17.9]",68
"Mammalia","Muntiacus vaginalis","All",1.2,"A",9.7,"[9.6--9.7]",9.5,"[7.7--11.2]",17,"[16.9--17]",17.7,"[16.1--19.6]",139
"Mammalia","Mus minutoides","Male",0.1,"A",0.7,"[0.7--0.8]",0.8,"[0.7--1]",2.8,"[2.3--2.9]",2.5,"[2--3]",102
"Mammalia","Mus minutoides","Female",0.1,"A",0.9,"[0.8--1]",0.9,"[0.7--1.1]",2.5,"[2.4--2.9]",2.5,"[2.1--2.9]",119
"Mammalia","Muscardinus avellanarius","Male",0.6,"A",3.6,"[3.5--3.7]",3.6,"[3--4.1]",6.1,"[6.1--6.2]",6.4,"[5.6--7.5]",275
"Mammalia","Muscardinus avellanarius","All",0.3,"A",3.5,"[3.4--3.5]",3.6,"[3.2--4]",6.4,"[6.2--6.7]",6.7,"[6--7.7]",588
"Mammalia","Mustela erminea","Male",1.9,"A",6.5,"[6.3--6.6]",6.3,"[4.8--7.6]",8.7,"[8.5--8.9]",8.9,"[8.2--9.8]",39
"Mammalia","Mustela erminea","Female",0.9,"A",4.4,"[4.3--4.5]",4.8,"[3.8--5.9]",10.2,"[9.9--11.6]",10.7,"[8.7--14]",73
"Mammalia","Mustela erminea","All",1.4,"A",5.8,"[5.7--5.8]",5.5,"[4.6--6.7]",13,"[11.6--14.7]",15.3,"[12.6--19]",117
"Mammalia","Mustela eversmanii","Male",1,"A",5.8,"[5.7--5.8]",5.4,"[4.4--6.5]",7.3,"[7.1--7.4]",8.3,"[7.1--10.2]",41
"Mammalia","Mustela eversmanii","All",0.8,"A",5.4,"[5.2--5.7]",5.4,"[4.8--6]",6.7,"[6.6--6.7]",6.8,"[6.5--7.4]",108
"Mammalia","Mustela lutreola","Male",0.9,"A",6.6,"[6.5--6.8]",6.6,"[6.3--7]",9.1,"[9--9.1]",8.9,"[8.7--9.2]",599
"Mammalia","Mustela lutreola","Female",1,"A",7.6,"[7.6--7.7]",7.6,"[7.3--7.9]",9.5,"[9.4--9.6]",9.6,"[9.3--9.9]",608
"Mammalia","Mustela lutreola","All",0.9,"A",7.1,"[7--7.1]",7.2,"[6.9--7.4]",9.3,"[9.3--9.4]",9.2,"[9.1--9.4]",1240
"Mammalia","Mustela nigripes","Female",0.9,"A",6.3,"[6.2--6.3]",6.2,"[6--6.4]",8.2,"[8.2--8.3]",8.2,"[8--8.5]",1284
"Mammalia","Mustela nigripes","All",0.9,"A",5.9,"[5.9--6]",6,"[5.9--6.1]",7.8,"[7.7--7.8]",7.7,"[7.6--7.8]",2219
"Mammalia","Mustela nivalis","All",0.3,"A",5.3,"[5.3--5.4]",4.7,"[3.4--5.9]",7.6,"[7.6--7.7]",7.8,"[7--9]",82
"Mammalia","Mustela sibirica","Male",1,"A",5.3,"[5.2--5.4]",5.2,"[4.5--5.9]",8.6,"[8.4--8.6]",9.2,"[8.1--10.6]",134
"Mammalia","Mustela sibirica","Female",0.9,"A",6,"[5.9--6.1]",5.6,"[4.9--6.3]",9.1,"[8.3--9.2]",9.4,"[8.5--10.7]",150
"Mammalia","Mustela sibirica","All",0.9,"A",5.5,"[5.4--5.6]",5.3,"[4.8--5.8]",9.1,"[9.1--9.2]",9.4,"[8.7--10.3]",299
"Mammalia","Myocastor coypus","Female",0.6,"A",3.4,"[3.4--3.5]",3.4,"[3--3.7]",7,"[6.9--7.1]",7.6,"[7--8.1]",503
"Mammalia","Myocastor coypus","All",0.4,"A",1.7,"[1.7--1.8]",1.7,"[1.5--1.9]",6.2,"[6.2--6.3]",6.5,"[6.2--6.9]",1367
"Mammalia","Myoprocta acouchy","All",0.8,"A",3.3,"[2.8--3.5]",3.2,"[2.3--4.4]",9.5,"[9.5--9.6]",9.1,"[6.5--13.4]",32
"Mammalia","Myoprocta pratti","Male",1,"A",6.6,"[6.6--6.7]",6.2,"[5.6--6.8]",11.7,"[11.7--11.8]",11.8,"[10.9--12.7]",281
"Mammalia","Myoprocta pratti","Female",1,"A",5.7,"[5.6--5.7]",5.4,"[4.9--5.9]",10.8,"[10.6--10.9]",10.7,"[9.8--11.8]",257
"Mammalia","Myoprocta pratti","All",0.7,"A",5.8,"[5.8--5.9]",5.5,"[5.1--5.9]",11,"[10.9--11]",11,"[10.6--11.5]",587
"Mammalia","Myrmecobius fasciatus","Female",1,"A",6.4,"[6.4--6.5]",6.2,"[4.6--7.5]",9,"[8.5--9.2]",9,"[8.2--10.2]",30
"Mammalia","Myrmecobius fasciatus","All",1,"A",6.4,"[6.4--6.5]",6.2,"[4.9--7.3]",9,"[8.5--9.2]",8.9,"[8.3--9.8]",51
"Mammalia","Myrmecophaga tridactyla","Female",1.8,"A",19.5,"[19.3--19.7]",19.2,"[17.5--21.1]",27.6,"[27.5--27.7]",27.4,"[25.7--29.7]",261
"Mammalia","Myrmecophaga tridactyla","All",1.8,"A",19,"[19--19.1]",19,"[17.6--20.4]",27.7,"[27.7--28]",27.5,"[26.1--29.5]",523
"Mammalia","Naemorhedus goral","Male",1.5,"A",10.8,"[9.9--11]",9.8,"[7.6--12.2]",17.3,"[16--18.7]",17.2,"[14--22.3]",44
"Mammalia","Naemorhedus goral","Female",1.5,"A",8,"[7.7--8.1]",7.6,"[6--9.3]",11.6,"[10.7--12]",13.1,"[10.7--17.5]",40
"Mammalia","Naemorhedus goral","All",1.5,"A",9.5,"[9.3--9.8]",9.1,"[7.6--10.7]",16.1,"[14.1--16.9]",15.7,"[13.4--18.7]",85
"Mammalia","Naemorhedus griseus","Male",1.5,"A",10.2,"[10--10.5]",10.3,"[8.5--12]",19.1,"[19--19.2]",18.8,"[17.1--20.4]",125
"Mammalia","Naemorhedus griseus","Female",1.7,"A",11.6,"[11.4--11.8]",12.2,"[10.1--14.2]",18.6,"[18--18.8]",18.5,"[17.8--19.2]",139
"Mammalia","Naemorhedus griseus","All",1.3,"A",11,"[10.9--11.1]",11.4,"[10.1--12.6]",19,"[18.9--19]",18.8,"[18.1--19.6]",267
"Mammalia","Nanger dama","Male",1.7,"A",6.8,"[6.8--6.9]",6.7,"[6.2--7.1]",14.2,"[14.2--14.3]",14.2,"[13.4--15.3]",1067
"Mammalia","Nanger dama","Female",1.5,"A",9.2,"[9.2--9.3]",9.1,"[8.7--9.4]",15.3,"[15.2--15.4]",15.5,"[15--15.9]",1564
"Mammalia","Nanger dama","All",1.4,"A",8.2,"[8.1--8.2]",8,"[7.7--8.3]",14.8,"[14.8--14.9]",15,"[14.6--15.5]",2764
"Mammalia","Nanger granti","Male",1.7,"A",4,"[3.9--4.1]",4,"[3.5--4.5]",7.2,"[7.1--7.2]",7.8,"[6.7--9.4]",170
"Mammalia","Nanger soemmerringii","Male",2.1,"A",4.4,"[4.4--4.5]",4.2,"[3.8--4.7]",7.1,"[6.9--7.1]",7.3,"[6.8--7.9]",142
"Mammalia","Nanger soemmerringii","Female",1.5,"A",7.5,"[7.5--7.6]",7.6,"[6.9--8.4]",14.8,"[14.3--15.5]",16,"[14.2--18.2]",263
"Mammalia","Nasalis larvatus","All",4,"A",13,"[12.8--13.1]",13.3,"[11.1--15.7]",24,"[21.4--24.5]",23.2,"[19.1--29.1]",54
"Mammalia","Nasua narica","Male",1.6,"A",12,"[11.9--12.1]",12,"[11.2--12.7]",16.3,"[16.2--16.5]",17.2,"[16.3--18.4]",251
"Mammalia","Nasua narica","All",1.4,"A",13.6,"[13.5--13.6]",13.1,"[12.5--13.6]",17.7,"[17.7--17.8]",19.2,"[18.3--20.2]",576
"Mammalia","Neofelis nebulosa","Male",1.6,"A",13.8,"[13.7--13.9]",13.5,"[13--14.1]",17.9,"[17.8--18]",18.4,"[17.8--19.2]",378
"Mammalia","Neofelis nebulosa","Female",1.9,"A",14.5,"[14.4--14.6]",14.2,"[13.5--14.7]",18.8,"[18.8--19]",19.3,"[18.6--20.2]",415
"Mammalia","Neofelis nebulosa","All",1.6,"A",14,"[14--14.1]",13.9,"[13.5--14.3]",18.6,"[18.5--18.7]",18.9,"[18.4--19.5]",800
"Mammalia","Neotoma floridana","Male",0.3,"A",4.5,"[4.4--4.6]",4.3,"[3.4--5.1]",7.1,"[6.4--7.3]",7,"[6--8.5]",45
"Mammalia","Neotoma floridana","All",0.7,"A",4.8,"[4.6--5]",4.9,"[4.4--5.4]",7.5,"[7.3--7.5]",7.3,"[6.6--8.2]",89
"Mammalia","Neotragus moschatus","Male",1,"A",5.2,"[5.1--5.3]",4.8,"[4.1--5.7]",10.5,"[10.4--11.4]",10.6,"[9.3--12.3]",132
"Mammalia","Neotragus moschatus","Female",1.2,"A",5.7,"[5.6--5.8]",5.4,"[4.6--6.2]",10.1,"[10--10.1]",10.3,"[9.6--11.3]",144
"Mammalia","Neotragus moschatus","All",1,"A",5.5,"[5.3--5.6]",5.1,"[4.6--5.7]",10.6,"[10.5--10.6]",10.9,"[9.9--11.9]",288
"Mammalia","Neotragus pygmaeus","All",1.6,"A",4.6,"[4.6--4.7]",4,"[3.2--5]",7.2,"[6.3--8.9]",7.8,"[6.4--9.8]",33
"Mammalia","Neovison vison","Male",1,"A",6.3,"[6.3--6.4]",6.5,"[5.3--7.7]",9.5,"[8.7--9.7]",9.5,"[8.8--10.5]",44
"Mammalia","Neovison vison","All",1,"A",6.5,"[6.3--6.6]",6.4,"[5.4--7.3]",11.1,"[10.7--11.4]",11.3,"[10--13.2]",88
"Mammalia","Notamacropus agilis","Male",1.1,"A",3.9,"[3.9--4]",4.1,"[3.6--4.6]",9,"[8.6--9.2]",8.8,"[8--9.9]",247
"Mammalia","Notamacropus eugenii","Male",0.9,"A",5.5,"[5.4--5.5]",5.3,"[4.8--5.7]",11.9,"[11.8--11.9]",11.7,"[10.8--12.8]",518
"Mammalia","Notamacropus eugenii","Female",0.7,"A",5.9,"[5.9--6]",5.9,"[5.5--6.3]",12,"[11.9--12]",11.9,"[11.1--12.9]",596
"Mammalia","Notamacropus eugenii","All",0.7,"A",5.5,"[5.4--5.5]",5.3,"[5--5.6]",11.7,"[11.6--11.8]",11.6,"[11--12.2]",1215
"Mammalia","Notamacropus parma","Male",0.7,"A",5.3,"[5.2--5.4]",5.2,"[4.9--5.5]",11.1,"[11--11.2]",11.2,"[10.6--11.9]",1161
"Mammalia","Notamacropus parma","Female",0.7,"A",5.8,"[5.7--5.8]",5.8,"[5.5--6.1]",10.4,"[10.4--10.5]",10.5,"[10.2--10.8]",1299
"Mammalia","Notamacropus parryi","Female",2,"A",5.8,"[5.7--5.8]",5.6,"[4.7--6.5]",8.7,"[8.6--8.8]",9,"[7.8--10.6]",36
"Mammalia","Notamacropus parryi","All",2.2,"A",5.1,"[5--5.6]",5.2,"[4.5--6]",8.8,"[8.6--9]",8.8,"[7.9--9.9]",64
"Mammalia","Notomys alexis","Male",0.3,"A",2.9,"[2.9--3]",2.8,"[2.6--3]",4.7,"[4.7--4.8]",4.7,"[4.5--5]",419
"Mammalia","Notomys alexis","Female",0.2,"A",2.9,"[2.9--3]",3.1,"[2.8--3.4]",5.2,"[5.2--5.3]",5.4,"[5.2--5.6]",412
"Mammalia","Notomys alexis","All",0.2,"A",2.6,"[2.6--2.7]",2.7,"[2.5--2.9]",4.9,"[4.9--5]",5,"[4.8--5.1]",1005
"Mammalia","Nyctereutes procyonoides","Female",1,"A",8.6,"[8.5--8.6]",8.5,"[7.9--9]",12.3,"[12.3--12.4]",12.7,"[11.9--13.8]",230
"Mammalia","Nyctereutes procyonoides","All",1,"A",9,"[9--9.1]",8.8,"[8.4--9.1]",12.3,"[12.2--12.3]",12.7,"[12.2--13.3]",557
"Mammalia","Nycticebus coucang","Male",2.1,"A",12.4,"[12.3--12.5]",12.5,"[11--14]",19.3,"[19.2--19.3]",19.7,"[18.4--21.1]",113
"Mammalia","Nycticebus coucang","Female",1.9,"A",11.4,"[11.3--11.9]",11.7,"[9.6--13.5]",18.2,"[18.1--18.4]",18.3,"[17.2--19.5]",92
"Mammalia","Nycticebus coucang","All",1.8,"A",11.8,"[11.6--11.9]",11.6,"[10.5--12.6]",19.2,"[19.2--19.3]",19.8,"[18.5--21.4]",222
"Mammalia","Nycticebus pygmaeus","Male",1.8,"A",12.4,"[12.3--12.4]",12.4,"[11.5--13.1]",18.2,"[17.9--18.3]",18.3,"[17.3--19.7]",228
"Mammalia","Nycticebus pygmaeus","Female",1.9,"A",11.8,"[11.8--11.9]",11.9,"[10.9--12.7]",17.3,"[17.1--17.5]",17.4,"[16.7--18.3]",224
"Mammalia","Nycticebus pygmaeus","All",1.8,"A",12.3,"[12.2--12.3]",12.1,"[11.5--12.7]",17.8,"[17.7--17.8]",17.9,"[17.3--18.6]",460
"Mammalia","Octodon degus","Male",0.5,"A",4.1,"[4.1--4.2]",4,"[3.7--4.4]",9,"[8.9--9]",9.2,"[8.4--10.2]",525
"Mammalia","Octodon degus","Female",0.3,"A",4.5,"[4.5--4.6]",4.4,"[4--4.8]",10.2,"[9.9--10.4]",10.8,"[9.7--12.3]",605
"Mammalia","Odocoileus hemionus","Male",1.9,"A",6.8,"[6.7--7.1]",6.5,"[5.4--7.9]",13.3,"[13.2--13.3]",13.5,"[12.3--15.7]",100
"Mammalia","Odocoileus hemionus","Female",1.9,"A",11,"[10.8--11.1]",10.7,"[9.2--12.4]",22.7,"[20.5--24.2]",24.2,"[20.8--29.4]",167
"Mammalia","Odocoileus hemionus","All",1,"A",9.3,"[9.2--9.4]",8.1,"[7.1--9.2]",21.8,"[20.5--24.2]",23.9,"[20.8--27.4]",344
"Mammalia","Odocoileus virginianus","Male",1,"A",8.2,"[8.1--8.3]",7.8,"[7.2--8.5]",19.4,"[19.3--19.5]",20.1,"[18.5--22]",964
"Mammalia","Odocoileus virginianus","Female",1,"A",9.9,"[9.8--10]",9.5,"[8.9--10.2]",21,"[20.4--21.2]",21.1,"[20.1--22.3]",1195
"Mammalia","Odocoileus virginianus","All",1,"A",9.1,"[9--9.1]",8.9,"[8.4--9.3]",21,"[20.6--21.2]",21,"[19.9--22.1]",2364
"Mammalia","Okapia johnstoni","Male",3.5,"A",17.8,"[17.7--17.9]",16.7,"[15.2--18.3]",28.8,"[28--29.2]",27.2,"[25.1--30]",187
"Mammalia","Okapia johnstoni","Female",3.3,"A",16.1,"[16--16.4]",16.4,"[15.1--17.7]",26.3,"[25.8--27]",25.2,"[23.5--27.5]",192
"Mammalia","Okapia johnstoni","All",3.3,"A",17.2,"[17.1--17.2]",16.7,"[15.8--17.7]",27.4,"[27.3--27.4]",26.2,"[24.9--27.8]",381
"Mammalia","Onychogalea fraenata","Female",0.5,"A",5.9,"[5.7--6.7]",6.8,"[5.9--7.7]",9.6,"[9.5--9.8]",9.9,"[9.2--10.7]",80
"Mammalia","Onychogalea fraenata","All",0.6,"A",5.4,"[5.3--5.6]",6.1,"[5.6--6.7]",9.4,"[9.4--9.5]",9.8,"[9.1--10.6]",161
"Mammalia","Onychomys leucogaster","All",0.3,"A",2.8,"[2.8--2.9]",3,"[2.5--3.3]",4,"[4--4.2]",4.1,"[3.8--4.5]",34
"Mammalia","Oreamnos americanus","Male",2,"A",8.9,"[8.8--9.2]",8.6,"[7.8--9.4]",14.2,"[14.2--14.3]",14.5,"[13.7--15.5]",207
"Mammalia","Oreamnos americanus","Female",2,"A",10.3,"[10.2--10.3]",10.1,"[9.2--11]",16.4,"[16.1--16.5]",16.9,"[16.1--17.6]",297
"Mammalia","Oreamnos americanus","All",1.9,"A",9.5,"[9.4--9.5]",9.4,"[8.8--10.1]",15.8,"[15.7--16.1]",16.1,"[15.5--16.7]",516
"Mammalia","Oreotragus oreotragus","Male",1.4,"A",10.4,"[10.2--10.7]",10.4,"[8.2--13.2]",21.6,"[21.4--22.3]",23.7,"[20.9--29.8]",101
"Mammalia","Oreotragus oreotragus","Female",1.8,"A",10.5,"[10.5--10.6]",9.8,"[7.8--12]",19.6,"[19.3--20]",19.5,"[17.6--21.7]",99
"Mammalia","Oreotragus oreotragus","All",1.6,"A",10.6,"[10.5--10.6]",10.3,"[8.6--12]",21.3,"[21.1--21.3]",21.7,"[19.9--23.8]",200
"Mammalia","Orycteropus afer","All",2,"A",20.7,"[20.4--20.8]",20.6,"[17.6--23.9]",29.7,"[28.8--29.8]",29.6,"[28--31.4]",157
"Mammalia","Oryctolagus cuniculus","Male",0.4,"A",6.5,"[6.5--6.6]",6.5,"[6.3--6.8]",11.3,"[11.3--11.4]",11.1,"[10.9--11.4]",2838
"Mammalia","Oryctolagus cuniculus","Female",0.4,"A",5.7,"[5.7--5.8]",5.7,"[5.5--5.8]",10.3,"[10.3--10.4]",10.4,"[10.2--10.7]",3612
"Mammalia","Oryctolagus cuniculus","All",0.4,"A",6,"[5.9--6]",5.9,"[5.8--6.1]",10.7,"[10.7--10.8]",10.7,"[10.5--10.9]",6711
"Mammalia","Oryx dammah","Male",1.8,"A",10.6,"[10.6--10.7]",10.4,"[10--10.9]",19.5,"[19.5--19.6]",20.1,"[19.3--21]",2043
"Mammalia","Oryx dammah","All",1.7,"A",13.4,"[13.3--13.4]",13.3,"[13--13.6]",20.8,"[20.7--20.8]",21.4,"[20.9--21.8]",5380
"Mammalia","Oryx gazella","Male",2.2,"A",11.3,"[11.3--11.4]",10.5,"[9.6--11.4]",18.7,"[18.5--18.8]",20.5,"[18.9--22.7]",501
"Mammalia","Oryx gazella","Female",1.9,"A",12.4,"[12.4--12.5]",12,"[11.3--12.6]",19.7,"[19.7--19.8]",20.2,"[19.3--21.3]",890
"Mammalia","Oryx gazella","All",1.7,"A",11.9,"[11.9--12]",11.4,"[10.9--11.9]",19.3,"[19.3--19.4]",19.9,"[19.1--20.8]",1569
"Mammalia","Oryx leucoryx","Male",1.9,"A",9.4,"[9.4--9.5]",9.6,"[9.1--10]",16.4,"[16.3--16.5]",16.1,"[15.7--16.6]",1743
"Mammalia","Osphranter antilopinus","All",2,"A",6.7,"[6.5--6.8]",6.5,"[5.2--8.1]",14.6,"[14.4--14.6]",14.8,"[12.2--17.9]",53
"Mammalia","Osphranter robustus","Male",1.8,"A",7.7,"[7.6--7.8]",7.4,"[6.7--8]",14.5,"[14.4--14.7]",14.7,"[13.4--16.4]",352
"Mammalia","Osphranter robustus","Female",1.1,"A",9.3,"[9.3--9.4]",8.7,"[8.1--9.4]",18,"[17.8--18.2]",18,"[16.6--19.7]",493
"Mammalia","Osphranter robustus","All",0.9,"A",8,"[7.9--8.1]",7.7,"[7.2--8.2]",17.4,"[17.3--17.5]",16.6,"[15.6--17.8]",967
"Mammalia","Osphranter rufus","Male",1.2,"A",6.6,"[6.6--6.7]",6.4,"[6.2--6.6]",12.8,"[12.7--12.8]",13.1,"[12.6--13.6]",2854
"Mammalia","Osphranter rufus","All",0.9,"A",7,"[6.9--7.1]",6.9,"[6.8--7.1]",14.8,"[14.7--14.8]",14.9,"[14.6--15.3]",7151
"Mammalia","Otaria byronia","Male",5,"A",17.4,"[17.1--17.6]",16.4,"[13.4--19.7]",24.7,"[24.3--25.1]",25.2,"[23.1--30.2]",68
"Mammalia","Otaria byronia","Female",3.6,"A",15.6,"[15.2--15.9]",15.1,"[13.4--16.8]",24,"[23.6--24.1]",25.5,"[22.8--29.4]",123
"Mammalia","Otaria byronia","All",3.6,"A",16.1,"[15.7--16.2]",15.7,"[14--17.4]",25.3,"[25.2--25.8]",25.1,"[23.4--27.3]",201
"Mammalia","Otocolobus manul","Male",0.9,"A",8.4,"[8.3--8.6]",8.2,"[7.6--8.8]",13.8,"[13.7--13.8]",13.4,"[12.7--14.3]",318
"Mammalia","Otocolobus manul","Female",1.1,"A",8.7,"[8.6--8.8]",8.9,"[8.3--9.4]",13.4,"[13.2--13.5]",13.2,"[12.6--13.9]",286
"Mammalia","Otocolobus manul","All",1,"A",8.6,"[8.5--8.6]",8.7,"[8.2--9.1]",13.7,"[13.7--13.8]",13.4,"[12.9--13.8]",607
"Mammalia","Otocyon megalotis","Male",1.6,"A",12.7,"[12.6--12.9]",12.3,"[11.4--13.2]",16.1,"[16--16.1]",17.5,"[16.3--19.3]",170
"Mammalia","Otocyon megalotis","Female",1,"A",11,"[10.9--11.3]",11.1,"[10.5--11.8]",14.3,"[14.3--14.4]",14.2,"[13.7--14.9]",187
"Mammalia","Otocyon megalotis","All",1,"A",12,"[12--12.1]",11.8,"[11.3--12.4]",15.6,"[15.6--15.7]",16.1,"[15.5--16.9]",391
"Mammalia","Otolemur crassicaudatus","Male",1.7,"A",12.7,"[12.6--12.8]",11.9,"[10.6--13.2]",16.7,"[16.3--16.7]",16.8,"[15.8--18.1]",137
"Mammalia","Otolemur crassicaudatus","Female",1.3,"A",12.1,"[11.9--12.3]",11.2,"[9.6--12.8]",18.9,"[18.4--19]",19.1,"[17.2--22.1]",126
"Mammalia","Otolemur crassicaudatus","All",0.8,"A",12.3,"[12.2--12.4]",11.3,"[10.3--12.3]",18.2,"[18.2--18.3]",18.8,"[17.3--20.4]",321
"Mammalia","Otolemur garnettii","Male",1.4,"A",15.3,"[15.2--15.4]",15.1,"[13.8--16.4]",19.8,"[19.6--20]",20.3,"[19.2--21.6]",167
"Mammalia","Otolemur garnettii","Female",1.4,"A",14.1,"[14--14.1]",13.6,"[12.1--15]",17.7,"[17.2--18.3]",17.8,"[16.8--19.2]",121
"Mammalia","Otolemur garnettii","All",1.3,"A",14.5,"[14.4--14.6]",14.4,"[13.3--15.4]",19.5,"[19.4--19.6]",19.7,"[18.8--20.7]",295
"Mammalia","Ourebia ourebi","All",1,"A",5.5,"[5.4--5.6]",4.2,"[3.1--5.5]",10.2,"[8.7--11.4]",9.6,"[7.6--12.5]",34
"Mammalia","Ovibos moschatus","Male",2,"A",9.4,"[9.3--9.5]",9.3,"[8.6--10]",15.3,"[15.2--15.4]",15.3,"[14.3--16.5]",237
"Mammalia","Ovibos moschatus","Female",2,"A",13.1,"[13--13.2]",12.4,"[11.5--13.3]",19.2,"[18.9--19.3]",19.9,"[18.9--21.3]",288
"Mammalia","Ovibos moschatus","All",1.9,"A",11.3,"[11.2--11.3]",10.9,"[10.3--11.6]",18.5,"[18.4--18.5]",19.2,"[18.1--20.4]",533
"Mammalia","Ovis aries","Female",0.9,"A",10.3,"[10.3--10.4]",10.3,"[10.1--10.4]",16.4,"[16.4--16.5]",16.4,"[16.2--16.6]",10999
"Mammalia","Ovis aries","All",0.8,"A",9.5,"[9.4--9.5]",9.5,"[9.3--9.7]",15.9,"[15.8--15.9]",15.8,"[15.7--16]",18232
"Mammalia","Ovis canadensis","Male",1.4,"A",8,"[7.9--8.1]",7.7,"[7--8.4]",15.2,"[15.1--15.2]",15.6,"[14.3--17.1]",444
"Mammalia","Ovis canadensis","Female",1.7,"A",10.3,"[10.2--10.3]",10.1,"[9.3--10.8]",17.3,"[17.3--17.4]",17.3,"[16.5--18.1]",469
"Mammalia","Ovis canadensis","All",1.1,"A",9,"[9--9.1]",8.7,"[8.1--9.2]",17.3,"[17.2--17.3]",17.3,"[16.4--18.2]",1001
"Mammalia","Ovis dalli","Male",1.2,"A",8.6,"[8.5--8.7]",7.9,"[7--8.7]",14.2,"[14.1--14.2]",14.5,"[13.4--15.8]",304
"Mammalia","Ovis dalli","Female",1.1,"A",10,"[9.9--10.1]",9.6,"[8.9--10.3]",16.4,"[16.3--16.4]",16.9,"[16--17.9]",444
"Mammalia","Ovis dalli","All",1.1,"A",9.2,"[9.2--9.3]",9,"[8.4--9.5]",15.3,"[15.3--15.4]",15.3,"[14.8--16]",749
"Mammalia","Ovis gmelini","Male",1,"A",6.6,"[6.3--6.8]",6.4,"[5--7.7]",9.6,"[9.6--9.8]",9.9,"[9--11.2]",80
"Mammalia","Ovis gmelini","Female",1.1,"A",6,"[5.6--6.1]",6.1,"[5.1--7]",10.3,"[9.6--10.4]",10.8,"[9.3--13.1]",87
"Mammalia","Ovis gmelini","All",1,"A",6.1,"[6--6.4]",6.2,"[5.5--6.9]",10.8,"[10.7--12.3]",10.9,"[9.8--12.5]",172
"Mammalia","Ovis vignei","Male",1.9,"A",6.7,"[6.6--6.8]",6.6,"[5.9--7.3]",13.6,"[12.8--14.1]",13.7,"[12.4--15.4]",404
"Mammalia","Ovis vignei","Female",1,"A",9.4,"[9.3--9.5]",9.1,"[8.4--9.8]",15.7,"[15.7--15.8]",16.5,"[15.7--17.5]",761
"Mammalia","Ovis vignei","All",1,"A",8.2,"[8.2--8.3]",8,"[7.5--8.7]",15.5,"[15.4--15.5]",15.9,"[15.1--16.7]",1399
"Mammalia","Ozotoceros bezoarticus","All",1,"A",4.3,"[4.2--4.6]",4.1,"[3--5.5]",8.9,"[8--9.9]",9.4,"[7.5--12]",32
"Mammalia","Pachyuromys duprasi","Female",0.2,"A",2.8,"[2.7--2.8]",2.9,"[2.6--3.2]",5.1,"[5--5.1]",5.1,"[4.7--5.6]",148
"Mammalia","Pachyuromys duprasi","All",0.1,"A",3,"[2.9--3]",3.1,"[2.9--3.3]",5.2,"[5.2--5.3]",5.3,"[5--5.6]",410
"Mammalia","Pan troglodytes","Male",7.2,"A",37.4,"[37.3--37.5]",37.3,"[35.3--39.1]",47.9,"[47.2--48.1]",52.3,"[48.8--57.3]",930
"Mammalia","Pan troglodytes","Female",8,"A",43.8,"[43.7--43.9]",44.6,"[43--46.2]",57.4,"[57.2--57.4]",56.6,"[54.5--59.8]",1150
"Mammalia","Panthera onca","Male",2.4,"A",18.5,"[18.5--18.6]",18.1,"[17.7--18.6]",22.4,"[22.3--22.4]",22.7,"[22.2--23.3]",605
"Mammalia","Panthera onca","Female",2.6,"A",18.2,"[18.2--18.3]",17.8,"[17.3--18.3]",23,"[22.6--23.1]",23.8,"[23.1--24.6]",655
"Mammalia","Panthera uncia","Male",2.8,"A",14.6,"[14.5--14.6]",14.4,"[14--14.9]",19.2,"[19.2--19.3]",19.5,"[19--20]",720
"Mammalia","Panthera uncia","Female",2.9,"A",15.1,"[15--15.1]",14.7,"[14.3--15.1]",19.6,"[19.5--19.6]",20.1,"[19.6--20.6]",766
"Mammalia","Panthera uncia","All",2.2,"A",14.7,"[14.6--14.8]",14.6,"[14.3--14.9]",19.3,"[19.2--19.3]",19.8,"[19.4--20.1]",1543
"Mammalia","Papio anubis","Male",3.7,"A",20.8,"[20.6--22]",19.8,"[16.8--22.6]",30.1,"[27.7--30.7]",29.7,"[28.3--31.4]",181
"Mammalia","Papio anubis","Female",5,"A",21.1,"[20.7--21.2]",21.4,"[19.6--23.1]",39.2,"[39.1--40.2]",36.3,"[32.5--41]",227
"Mammalia","Papio anubis","All",3.6,"A",21,"[21--21.1]",20.2,"[18.8--21.7]",32.4,"[31.6--33.9]",35.3,"[32.5--39.1]",428
"Mammalia","Papio hamadryas","Male",4.3,"A",18.1,"[18.1--18.2]",18,"[17.2--18.7]",29.9,"[29.8--30]",29.5,"[28.5--30.5]",1581
"Mammalia","Papio hamadryas","Female",3.5,"A",21.9,"[21.8--22]",21.7,"[21.1--22.3]",33,"[32.8--33.1]",33.4,"[32.6--34.4]",1892
"Mammalia","Papio hamadryas","All",3.1,"A",19.8,"[19.7--19.9]",19.3,"[18.8--19.8]",31,"[31--31.1]",31.8,"[31.1--32.4]",3809
"Mammalia","Papio papio","Male",1.9,"A",17.8,"[17.7--18]",17.5,"[16.1--18.8]",27.4,"[27.3--27.5]",26.8,"[25.2--28.8]",359
"Mammalia","Papio papio","Female",3.8,"A",21.8,"[21.7--21.8]",21.8,"[20.5--23.1]",31.9,"[31.8--32.4]",31,"[29.4--32.9]",348
"Mammalia","Papio papio","All",3.4,"A",20.1,"[20--20.1]",20,"[19.1--21]",30,"[29.9--30]",29.5,"[28.3--31]",678
"Mammalia","Paradoxurus hermaphroditus","Male",1.5,"A",13.4,"[13.2--13.6]",12.5,"[11.1--13.9]",17.5,"[16.9--17.9]",18.5,"[16.5--21.6]",86
"Mammalia","Paradoxurus hermaphroditus","Female",1.7,"A",11.8,"[11.4--12.4]",11.8,"[9.9--13.5]",17.6,"[17.5--17.6]",17.1,"[15.7--19.2]",83
"Mammalia","Paradoxurus hermaphroditus","All",1.4,"A",13.4,"[13.3--13.5]",12.5,"[11.3--13.7]",17.9,"[17.8--17.9]",19.7,"[17.7--22.7]",193
"Mammalia","Parahyaena brunnea","All",2.7,"A",14.5,"[14.3--14.6]",13.5,"[12.1--14.9]",19.3,"[19--19.7]",19.2,"[17.6--21.1]",60
"Mammalia","Paraxerus cepapi","All",0.5,"A",4,"[3.8--4.6]",3.9,"[2.7--5]",7.2,"[7.1--7.2]",7.6,"[6.2--10]",34
"Mammalia","Pecari tajacu","Male",1.3,"A",13.8,"[13.7--13.9]",12.9,"[11.7--14]",25.1,"[25--25.2]",25.4,"[24--27.1]",930
"Mammalia","Pecari tajacu","Female",0.6,"A",11.3,"[11.2--11.5]",10.7,"[10--11.5]",23.8,"[23.3--24.6]",23.7,"[22.4--25.1]",1261
"Mammalia","Pecari tajacu","All",0.9,"A",11.1,"[11.1--11.2]",10.6,"[9.9--11.3]",24.5,"[24.1--24.6]",24.1,"[23.2--25]",2485
"Mammalia","Pedetes capensis","Male",1.7,"A",10.7,"[10.1--11.4]",9.4,"[7.6--11.1]",16.7,"[16.5--17.2]",17.6,"[15.3--21.4]",72
"Mammalia","Pedetes capensis","Female",1.2,"A",8.3,"[8.2--9.5]",8,"[6.3--10.2]",17.7,"[16.9--18.1]",17.8,"[15.6--20.1]",71
"Mammalia","Pedetes capensis","All",0.9,"A",9.1,"[8.9--9.5]",8.4,"[6.9--9.9]",17.6,"[17.4--18.1]",17.8,"[16.3--19.4]",155
"Mammalia","Perameles bougainville","Male",0.4,"A",3.1,"[2.7--3.2]",3,"[2--4.1]",5.4,"[5.2--5.4]",6.2,"[5.1--8.9]",30
"Mammalia","Perameles gunnii","Male",0.7,"A",3.8,"[3.8--3.9]",3.8,"[3.6--4.1]",5.1,"[5--5.1]",5.2,"[5--5.4]",301
"Mammalia","Perameles gunnii","Female",0.3,"A",3.9,"[3.8--4.1]",4.2,"[3.9--4.5]",5.4,"[5.4--5.5]",5.4,"[5.2--5.6]",465
"Mammalia","Perameles gunnii","All",0.4,"A",3.8,"[3.8--3.9]",4,"[3.8--4.2]",5.3,"[5.3--5.4]",5.3,"[5.2--5.5]",845
"Mammalia","Perodicticus potto","Male",1.5,"A",12.5,"[12--13]",12.4,"[8.7--17]",26.8,"[25.7--30]",29.8,"[22.4--41.6]",31
"Mammalia","Perodicticus potto","All",1.5,"A",13,"[12.6--13.1]",12.4,"[10--15.2]",25.9,"[25.7--26.3]",26.8,"[21.7--34.8]",59
"Mammalia","Perognathus longimembris","Male",0.6,"A",5.2,"[5.1--5.3]",5.4,"[4.9--6]",7.4,"[7.3--7.5]",7.3,"[6.8--8]",268
"Mammalia","Peromyscus eremicus","Female",0.4,"A",3.6,"[3.4--3.7]",3.7,"[3.4--4.1]",4.7,"[4.7--4.8]",4.8,"[4.5--5.1]",54
"Mammalia","Peromyscus eremicus","All",0.2,"A",3.5,"[3.4--3.5]",3.6,"[3.3--3.8]",4.8,"[4.7--4.8]",4.8,"[4.6--5.1]",144
"Mammalia","Peromyscus maniculatus","Female",0.1,"A",1.8,"[1.7--2.1]",1.7,"[1.3--2.3]",3.8,"[3.6--4]",4,"[3.5--4.7]",57
"Mammalia","Peromyscus maniculatus","All",0.1,"A",2,"[1.8--2.1]",2,"[1.6--2.4]",3.8,"[3.7--3.8]",4,"[3.7--4.4]",107
"Mammalia","Petaurus australis","All",2,"A",10,"[9.1--10.9]",10.6,"[7.8--13]",14.6,"[14.4--14.6]",15.3,"[13.6--17.8]",39
"Mammalia","Petaurus breviceps","Female",0.6,"A",7,"[6.9--7]",6.9,"[6.6--7.2]",12.8,"[12.8--12.9]",13,"[12.4--13.8]",1012
"Mammalia","Petaurus norfolcensis","Female",0.9,"A",8.5,"[8.4--8.6]",8.2,"[7.3--9.1]",12.3,"[12.1--12.4]",12.1,"[11.5--12.8]",206
"Mammalia","Petaurus norfolcensis","All",0.5,"A",7.7,"[7.6--7.8]",8.1,"[7.4--8.7]",11.7,"[11.5--11.7]",11.9,"[11.5--12.4]",412
"Mammalia","Petrogale penicillata","Female",1.2,"A",9,"[9--9.1]",8.6,"[7.9--9.5]",17.4,"[17--17.9]",16,"[14--18.5]",247
"Mammalia","Petrogale penicillata","All",0.9,"A",7.7,"[7.7--7.8]",7.6,"[7--8.3]",13.4,"[13.2--14]",14.4,"[12.8--16.4]",511
"Mammalia","Petrogale xanthopus","Male",1.3,"A",5.4,"[5.3--5.5]",5.6,"[5.2--6]",10.3,"[10.2--10.4]",10.2,"[9.5--11]",365
"Mammalia","Petrogale xanthopus","Female",0.8,"A",7.3,"[7.3--7.4]",7.3,"[6.8--7.9]",13.4,"[13.4--13.5]",13.1,"[12.6--13.8]",514
"Mammalia","Petrogale xanthopus","All",0.8,"A",6.1,"[6--6.2]",6.3,"[6--6.7]",12.3,"[12.2--12.3]",12.2,"[11.7--12.7]",927
"Mammalia","Phacochoerus aethiopicus","Male",1.6,"A",12.5,"[11.6--12.8]",12.2,"[10.4--13.4]",14.4,"[14.3--14.6]",15.2,"[14.3--16.2]",38
"Mammalia","Phacochoerus aethiopicus","Female",1.6,"A",12.8,"[12.5--13.4]",12.7,"[10.5--14.3]",17.4,"[15.7--17.7]",16.9,"[15.7--18.6]",36
"Mammalia","Phacochoerus aethiopicus","All",1.6,"A",12.7,"[12.5--12.8]",12.7,"[11.4--13.7]",16.3,"[15.7--16.7]",16.5,"[15.7--17.4]",75
"Mammalia","Phacochoerus africanus","Male",1.8,"A",11.4,"[11.3--11.5]",10.9,"[10.2--11.6]",16.1,"[16.1--16.2]",16.6,"[15.8--17.6]",355
"Mammalia","Phacochoerus africanus","Female",1.9,"A",12.3,"[12.2--12.4]",11.8,"[11.2--12.4]",16.2,"[16.1--16.2]",16.6,"[16--17.4]",374
"Mammalia","Phacochoerus africanus","All",1.7,"A",11.8,"[11.7--11.8]",11.4,"[11--11.9]",16.2,"[16.1--16.2]",16.6,"[16--17.2]",746
"Mammalia","Phalanger gymnotis","Male",1.4,"A",8.3,"[8.1--8.6]",8.4,"[6.7--10.2]",15.7,"[14--16]",15.7,"[14.4--17]",98
"Mammalia","Phalanger gymnotis","Female",1.3,"A",9.2,"[9.1--9.3]",8.8,"[7.4--10.5]",16.4,"[16.3--16.5]",16.1,"[14.7--18.2]",108
"Mammalia","Phalanger gymnotis","All",1,"A",8.9,"[8.9--9]",8.5,"[7.3--9.6]",16.4,"[16.3--16.4]",16,"[14.9--17.1]",223
"Mammalia","Phascogale calura","Male",0.9,"A",1,"[1--1.1]",1.1,"[1.1--1.2]",4.3,"[4.2--4.5]",4.5,"[4--4.9]",273
"Mammalia","Phascogale calura","All",0.8,"A",1.4,"[1.4--1.5]",1.8,"[1.6--1.9]",5.2,"[5.1--5.2]",5.2,"[5--5.4]",788
"Mammalia","Phascogale tapoatafa","Male",0.8,"A",1.5,"[1.3--1.5]",1.5,"[1.4--1.7]",3.3,"[3.3--3.4]",3.2,"[2.7--3.8]",85
"Mammalia","Phascogale tapoatafa","Female",0.8,"A",3.3,"[3.3--3.4]",3.4,"[3.1--3.8]",4.8,"[4.7--4.9]",4.9,"[4.5--5.4]",96
"Mammalia","Phascogale tapoatafa","All",0.7,"A",2.4,"[2.3--2.4]",2.3,"[2--2.7]",4.5,"[4.4--4.6]",4.7,"[4.3--5.1]",207
"Mammalia","Phascolarctos cinereus","Male",1.8,"A",8.8,"[8.7--8.8]",9,"[8.6--9.4]",16.2,"[16.1--16.2]",16.3,"[15.6--17]",1003
"Mammalia","Phascolarctos cinereus","Female",1.8,"A",10.2,"[10.2--10.3]",10.3,"[9.9--10.7]",16.8,"[16.7--16.9]",16.9,"[16.4--17.4]",1135
"Mammalia","Phascolarctos cinereus","All",1.6,"A",9.7,"[9.7--9.8]",9.7,"[9.4--10]",16.6,"[16.5--16.7]",16.6,"[16.1--17.1]",2203
"Mammalia","Philantomba maxwellii","Male",1.2,"A",6.3,"[6.1--6.7]",5.1,"[4--6.4]",12,"[11.9--12.9]",11.4,"[9.7--13.3]",76
"Mammalia","Philantomba maxwellii","Female",1.3,"A",5.1,"[5--5.2]",4.7,"[3.9--5.5]",8.7,"[8.2--8.9]",8.5,"[7.6--9.8]",72
"Mammalia","Philantomba maxwellii","All",1.1,"A",5.5,"[5.4--5.6]",4.6,"[4--5.3]",9.9,"[9.8--10]",10.3,"[9.2--11.6]",161
"Mammalia","Philantomba monticola","Male",1.4,"A",7.8,"[7.6--7.9]",7.8,"[7--8.8]",16.6,"[16.5--16.6]",17,"[15.2--19.6]",279
"Mammalia","Philantomba monticola","Female",1.2,"A",7.2,"[7.2--7.3]",6.9,"[6.2--7.8]",19.3,"[19.2--19.3]",20,"[17.5--23]",324
"Mammalia","Philantomba monticola","All",1.1,"A",7.4,"[7.4--7.5]",7.2,"[6.7--7.8]",18.4,"[18.3--18.6]",18,"[16.4--20.1]",644
"Mammalia","Phloeomys pallidus","Male",0.9,"A",7.9,"[7.5--8]",8.1,"[7--9.2]",13,"[13--13.1]",13,"[11.8--14.5]",173
"Mammalia","Phloeomys pallidus","Female",0.7,"A",7.8,"[7.8--7.9]",8,"[7.1--8.8]",12.9,"[12.8--12.9]",12.4,"[11.5--13.6]",200
"Mammalia","Phloeomys pallidus","All",0.8,"A",7.9,"[7.8--7.9]",8.1,"[7.4--8.7]",13,"[13--13.1]",12.9,"[12.1--13.9]",383
"Mammalia","Phoca vitulina","Male",5,"A",21.8,"[21.7--23.3]",22.3,"[20--24.9]",34.4,"[34.3--34.6]",34.4,"[32.9--36.5]",294
"Mammalia","Phoca vitulina","Female",3.8,"A",22.1,"[22--22.1]",21.7,"[19.4--24.4]",38,"[37.1--39]",40.1,"[36.7--46.9]",355
"Mammalia","Phoca vitulina","All",3,"A",21,"[20.9--21]",20.5,"[19.1--22]",35.5,"[35.4--35.6]",37.8,"[35.2--41.5]",708
"Mammalia","Phodopus roborovskii","Female",0.7,"A",2.1,"[2.1--2.2]",2.2,"[1.8--2.7]",4.4,"[4.3--4.5]",4.4,"[3.9--5]",61
"Mammalia","Phodopus roborovskii","All",0.7,"A",2.1,"[2.1--2.2]",2.2,"[1.9--2.5]",4.1,"[4--4.1]",4.1,"[3.9--4.4]",159
"Mammalia","Phyllostomus hastatus","Male",2,"A",9.2,"[9--9.4]",8.7,"[7.3--9.9]",13.7,"[13.6--13.9]",14.5,"[12.9--16.9]",74
"Mammalia","Phyllostomus hastatus","Female",1.2,"A",10.7,"[10.5--10.9]",11.2,"[9.3--13.3]",19.1,"[18.3--20.1]",20.6,"[17.2--26.1]",107
"Mammalia","Phyllostomus hastatus","All",1,"A",9.4,"[9--9.7]",9,"[7.9--10.1]",17.9,"[17.1--18.3]",17.7,"[15.7--20.5]",202
"Mammalia","Pithecia pithecia","Male",2.8,"A",16.9,"[16.8--17.1]",16.2,"[14.7--17.8]",32.3,"[32.1--32.4]",32.9,"[30.5--37]",515
"Mammalia","Pithecia pithecia","Female",3.1,"A",15.2,"[15.1--15.2]",14.8,"[13.2--16.7]",30.6,"[30.5--30.7]",31.7,"[29--38.2]",424
"Mammalia","Pithecia pithecia","All",2.7,"A",16.1,"[16--16.1]",15.4,"[14.3--16.5]",32.9,"[32.7--33]",33.8,"[31.6--37]",973
"Mammalia","Planigale maculata","All",0.8,"A",3,"[2.3--3.2]",2.8,"[2.1--3.4]",4.4,"[4.3--4.4]",4.4,"[3.9--5.3]",37
"Mammalia","Plecturocebus cupreus","All",2.4,"A",16.4,"[16.1--16.5]",16.5,"[14.8--18.5]",27.3,"[26.5--27.7]",28.8,"[25.4--33.8]",213
"Mammalia","Plecturocebus donacophilus","All",1.8,"A",15.7,"[15.6--15.8]",14.4,"[12.4--16.6]",29,"[28.5--29.9]",28.6,"[24.8--34.2]",150
"Mammalia","Pongo pygmaeus","All",8,"A",38.4,"[38.3--38.5]",37.8,"[35.4--40.2]",54.7,"[54.5--54.8]",57.5,"[53.8--62.5]",587
"Mammalia","Potamochoerus porcus","Male",1.7,"A",13,"[12.9--13.1]",12.5,"[11.8--13.3]",18,"[17.9--18.3]",20,"[18.7--21.9]",452
"Mammalia","Potamochoerus porcus","Female",1.9,"A",12.9,"[12.9--13]",12.7,"[12--13.3]",18.9,"[18.8--18.9]",19.3,"[18.2--20.5]",510
"Mammalia","Potamochoerus porcus","All",1.7,"A",12.9,"[12.9--13]",12.7,"[12.2--13.2]",18.7,"[18.7--18.8]",19.2,"[18.4--20.1]",967
"Mammalia","Potorous tridactylus","Male",1,"A",7.1,"[7--7.3]",7.3,"[6.6--8.1]",14.5,"[14.4--14.7]",16,"[14.3--18.1]",397
"Mammalia","Potorous tridactylus","Female",0.7,"A",7.1,"[7.1--7.2]",7.2,"[6.4--8]",11.6,"[11.5--11.6]",11.4,"[11.1--11.8]",408
"Mammalia","Potorous tridactylus","All",0.6,"A",7.2,"[7.1--7.2]",7,"[6.5--7.6]",13.8,"[13.7--13.8]",15.8,"[14.7--17.2]",909
"Mammalia","Potos flavus","Female",1.8,"A",23.8,"[23.6--23.9]",23.8,"[21.8--26]",32,"[31.7--32.5]",32.8,"[30.4--36.1]",259
"Mammalia","Potos flavus","All",1.3,"A",23.8,"[23.8--23.9]",23.9,"[22.1--25.9]",32.8,"[32.5--33.1]",34,"[31.9--37.1]",498
"Mammalia","Prionailurus bengalensis","Male",1,"A",10,"[10--10.1]",10.3,"[9.6--11]",16.4,"[16.4--16.5]",16.6,"[15.9--17.3]",545
"Mammalia","Prionailurus bengalensis","Female",0.9,"A",8.6,"[8.5--8.6]",8.2,"[7.5--9]",17.5,"[17.4--17.5]",18.8,"[17.3--20.7]",538
"Mammalia","Prionailurus bengalensis","All",0.9,"A",9.4,"[9.3--9.4]",9.2,"[8.7--9.8]",16.9,"[16.7--17]",18.5,"[17.4--19.7]",1137
"Mammalia","Prionailurus rubiginosus","Male",1,"A",12.4,"[12.1--12.5]",12.6,"[10.9--13.7]",16.6,"[16.3--16.6]",16.6,"[15.7--18.1]",84
"Mammalia","Prionailurus rubiginosus","Female",1.5,"A",12.9,"[12.7--13]",13.2,"[11.7--14.6]",17.5,"[17.3--17.6]",17.6,"[16.7--19]",77
"Mammalia","Prionailurus rubiginosus","All",1,"A",12.6,"[12.5--12.7]",12.9,"[11.8--13.9]",17.3,"[17.2--17.3]",17.3,"[16.6--18.1]",170
"Mammalia","Prionailurus viverrinus","Male",1.4,"A",11.1,"[11--11.2]",10.9,"[10.4--11.3]",14.3,"[14.2--14.4]",14.4,"[14--15]",303
"Mammalia","Prionailurus viverrinus","Female",1.2,"A",12.8,"[12.7--12.8]",12.6,"[12--13.1]",15.7,"[15.6--15.8]",16.3,"[15.8--16.7]",318
"Mammalia","Prionailurus viverrinus","All",1.2,"A",11.8,"[11.8--11.9]",11.6,"[11.2--12]",15.4,"[15.2--15.5]",16.1,"[15.6--16.6]",648
"Mammalia","Procavia capensis","Female",1.1,"A",5.3,"[5.2--5.3]",5.3,"[5--5.6]",10.8,"[10.7--10.8]",10.8,"[10.4--11.3]",1074
"Mammalia","Procyon cancrivorus","All",1.2,"A",9.8,"[9.7--9.8]",10.1,"[8.8--11.5]",13.9,"[12.8--14.2]",13.6,"[12.6--15.1]",61
"Mammalia","Procyon lotor","Male",1,"A",11.9,"[11.8--11.9]",11.9,"[11.4--12.5]",17.9,"[17.7--18]",17.8,"[17.1--18.8]",782
"Mammalia","Procyon lotor","Female",1,"A",12.8,"[12.7--12.8]",12.7,"[12.2--13.2]",18.1,"[18--18.1]",18.5,"[17.9--19.2]",847
"Mammalia","Procyon lotor","All",1,"A",12.3,"[12.2--12.3]",12.3,"[11.9--12.6]",18,"[17.9--18]",18.1,"[17.7--18.7]",1753
"Mammalia","Propithecus coquereli","Male",4.3,"A",15.3,"[14.9--15.6]",15.1,"[11.8--19.3]",27.8,"[27.3--28.2]",29.7,"[25.3--39.4]",53
"Mammalia","Propithecus coquereli","All",3.1,"A",15.6,"[15.4--15.8]",15.6,"[13.3--17.9]",27.2,"[27--27.3]",27.9,"[24.1--34]",106
"Mammalia","Proteles cristata","All",1.7,"A",11.1,"[10.5--11.5]",10.8,"[8.4--13.2]",17.5,"[17.5--18]",17.9,"[16.8--19.2]",63
"Mammalia","Pseudocheirus peregrinus","Male",1,"A",4.6,"[4.3--4.8]",4.7,"[3.9--5.6]",7.5,"[7.2--9.2]",7.9,"[6.6--9.8]",44
"Mammalia","Pseudocheirus peregrinus","Female",1,"A",5.7,"[5.7--5.8]",5.7,"[4.6--6.8]",8.2,"[8.2--8.3]",8.7,"[8--9.9]",59
"Mammalia","Pseudocheirus peregrinus","All",1,"A",5,"[4.8--5.3]",5.3,"[4.6--5.9]",8.6,"[8.3--8.9]",8.7,"[7.8--10.1]",104
"Mammalia","Pseudois nayaur","Male",2,"A",11.6,"[11.3--12.2]",10.7,"[9.4--12.3]",19.3,"[18.4--19.8]",19.4,"[17.9--21.5]",273
"Mammalia","Pseudois nayaur","Female",1,"A",11.6,"[11.4--12]",11.5,"[10.4--12.6]",18.1,"[17.5--18.5]",18.6,"[17.6--19.9]",354
"Mammalia","Pseudois nayaur","All",1,"A",10.8,"[10.7--10.9]",10.6,"[9.6--11.6]",18.4,"[18.4--18.5]",18.5,"[17.7--19.4]",712
"Mammalia","Pseudomys australis","Male",0.2,"A",2.5,"[2.4--2.5]",2.5,"[2.1--2.9]",7.1,"[6.8--7.5]",6.7,"[5.7--8.1]",311
"Mammalia","Pseudomys australis","Female",0.3,"A",3.4,"[3.3--3.4]",3.5,"[3.1--3.9]",7.4,"[7.3--7.4]",7.2,"[6.4--8.4]",282
"Mammalia","Pseudomys australis","All",0.2,"A",2.8,"[2.8--2.9]",2.8,"[2.5--3.1]",7.5,"[7.4--7.5]",7.5,"[6.7--8.6]",695
"Mammalia","Pseudomys novaehollandiae","All",0.3,"A",3.4,"[3.4--3.5]",3.5,"[3.1--3.8]",4.8,"[4.8--4.9]",4.8,"[4.5--5.2]",192
"Mammalia","Pteromys volans","Male",0.8,"A",5.3,"[5--5.4]",5.2,"[4.4--6.2]",8.6,"[7.7--8.9]",8.6,"[7.2--10.6]",50
"Mammalia","Pteromys volans","Female",0.8,"A",6.3,"[6.2--6.4]",6.2,"[4.9--7.4]",8.9,"[8.2--9.1]",9,"[8.1--10.2]",48
"Mammalia","Pteromys volans","All",0.8,"A",6,"[5.9--6.1]",5.7,"[5--6.4]",9,"[8.9--9.1]",9.1,"[8.1--10.6]",113
"Mammalia","Pteronura brasiliensis","All",2.2,"A",14.4,"[14.3--14.4]",14.7,"[13.1--16.2]",19.3,"[18.8--19.4]",19.6,"[18.5--21.2]",175
"Mammalia","Pteropus giganteus","Male",1.9,"A",10.9,"[10.5--10.9]",10.3,"[9.3--11.3]",21.6,"[21.5--21.7]",21.4,"[19.8--23.3]",351
"Mammalia","Pteropus giganteus","Female",1.1,"A",11,"[10.9--11.1]",10.6,"[9.3--12]",25,"[24.7--25.2]",25.2,"[23.3--27.3]",349
"Mammalia","Pteropus giganteus","All",1,"A",9.9,"[9.8--9.9]",9.4,"[8.6--10.2]",22.8,"[22.7--22.8]",22.7,"[21.5--24]",788
"Mammalia","Pteropus hypomelanus","Female",2.1,"A",23.4,"[23.3--23.7]",23.6,"[20.9--25.9]",29.6,"[28.6--30.1]",30.4,"[28.7--32.8]",86
"Mammalia","Pteropus hypomelanus","All",1.8,"A",21.1,"[20.9--21.6]",20.4,"[17.9--22.9]",28.9,"[28.6--29.6]",29.9,"[28.3--32]",189
"Mammalia","Pteropus livingstonii","Male",1.8,"A",15.6,"[15.6--15.7]",15.3,"[13--17.6]",21.5,"[21--22.1]",22.2,"[20.2--25.1]",83
"Mammalia","Pteropus livingstonii","All",1.4,"A",15.9,"[15.8--16.5]",16.2,"[14.5--18]",21.7,"[21.1--22.1]",22.5,"[21--24.6]",149
"Mammalia","Pteropus lylei","Male",1.8,"A",14,"[13.7--14.1]",13.5,"[12.2--15]",24.9,"[24.7--25.6]",27.3,"[23.9--32.2]",384
"Mammalia","Pteropus lylei","Female",1.9,"A",14,"[13.9--14.4]",14.6,"[12.6--16.8]",30.2,"[28.8--32.3]",34.3,"[28.6--45.9]",324
"Mammalia","Pteropus lylei","All",1.3,"A",13.7,"[13.6--13.7]",13.6,"[12.5--14.8]",27.4,"[27.2--28.8]",27.8,"[25.8--30.7]",806
"Mammalia","Pteropus poliocephalus","Male",1.1,"A",10,"[9.8--10.2]",10,"[7.9--12.5]",18.4,"[18.4--18.5]",18.7,"[17--21]",116
"Mammalia","Pteropus poliocephalus","Female",1.1,"A",15.8,"[15.6--17.6]",15.8,"[14--17.5]",22.6,"[21.4--23.4]",24.1,"[21.8--28.5]",124
"Mammalia","Pteropus poliocephalus","All",1.1,"A",13.6,"[13.6--13.7]",13.6,"[12--15.2]",21.3,"[21.2--21.3]",21.9,"[20.6--23.6]",247
"Mammalia","Pteropus rodricensis","Male",1.1,"A",10.3,"[10.2--10.3]",10.2,"[9.7--10.7]",19.3,"[19.2--19.3]",19.6,"[18.8--20.5]",1174
"Mammalia","Pteropus rodricensis","Female",0.8,"A",11.4,"[11.3--11.5]",11.5,"[10.7--12.2]",25.1,"[25.1--25.2]",24.7,"[23.5--26.1]",1162
"Mammalia","Pteropus rodricensis","All",0.7,"A",10.5,"[10.4--10.5]",10.5,"[10.1--10.9]",22.7,"[22.7--22.8]",22,"[21.2--22.8]",2456
"Mammalia","Pteropus scapulatus","Male",1.5,"A",5.4,"[5.2--6.3]",5.8,"[4.4--8]",14.3,"[13.9--14.9]",14.7,"[11.2--19.6]",32
"Mammalia","Pteropus scapulatus","Female",1.5,"A",7.1,"[5.8--8.4]",8,"[5.8--10.4]",15.7,"[15.7--15.8]",15.9,"[14.2--17.6]",44
"Mammalia","Pteropus scapulatus","All",1.3,"A",5.9,"[5.4--6.3]",6.8,"[5.5--8.6]",15.7,"[15.7--15.8]",15.9,"[14.1--17.8]",85
"Mammalia","Pteropus vampyrus","Female",2.6,"A",16.1,"[15.9--16.3]",16.3,"[13.6--19.2]",24.9,"[24.6--25]",25.6,"[24.2--27.7]",180
"Mammalia","Pudu puda","Male",1.4,"A",6.4,"[6.3--6.4]",6.3,"[5.6--6.9]",12.7,"[12.6--12.8]",12.7,"[12.1--13.4]",344
"Mammalia","Pudu puda","Female",1.2,"A",6.4,"[6.3--6.6]",6.4,"[5.7--7.1]",14.5,"[14.5--14.6]",14.2,"[13.3--15.1]",377
"Mammalia","Pudu puda","All",1.1,"A",6.3,"[6.2--6.3]",6.2,"[5.8--6.7]",13.7,"[13.7--13.8]",13.4,"[12.9--14]",767
"Mammalia","Puma concolor","Female",1.8,"A",16.2,"[16.2--16.3]",15.6,"[15.2--16.1]",20.1,"[20--20.1]",21,"[20.4--21.7]",678
"Mammalia","Pygathrix nemaeus","Male",3.7,"A",11.9,"[11.8--12]",11.7,"[9.9--13.8]",21.5,"[21.2--21.7]",22.1,"[19.6--25.5]",89
"Mammalia","Pygathrix nemaeus","Female",3.5,"A",12.7,"[12--13]",12,"[10.1--14.1]",21.1,"[21.1--21.2]",22,"[20--25.4]",112
"Mammalia","Pygathrix nemaeus","All",3.3,"A",11.9,"[11.9--12]",11.7,"[10.4--13.2]",21.2,"[21.1--21.2]",22.2,"[20.6--24]",211
"Mammalia","Rangifer tarandus","Male",1.2,"A",6.4,"[6.3--6.4]",6.3,"[6--6.6]",12.5,"[12.5--12.6]",13.1,"[12.5--13.7]",1672
"Mammalia","Raphicerus campestris","Male",1.2,"A",5.5,"[5.2--5.6]",5.5,"[4.2--7]",10.9,"[10.7--11]",12.8,"[9.8--18.4]",65
"Mammalia","Raphicerus campestris","All",0.7,"A",4.7,"[4.6--4.7]",4.7,"[3.9--5.6]",13.1,"[12.6--13.6]",12.7,"[10.7--15.8]",163
"Mammalia","Rattus rattus","Male",0.3,"A",2,"[1.9--2]",1.9,"[1.6--2.3]",3.1,"[3--3.4]",3.3,"[2.9--3.8]",44
"Mammalia","Rattus rattus","Female",0.3,"A",2.3,"[2.2--2.3]",2.3,"[2.2--2.5]",3.1,"[3--3.1]",3.2,"[3.1--3.3]",233
"Mammalia","Rattus rattus","All",0.3,"A",2.2,"[2.2--2.3]",2.3,"[2.1--2.4]",3.3,"[3.2--3.3]",3.5,"[3.3--3.7]",294
"Mammalia","Redunca fulvorufula","Male",1.9,"A",6.6,"[6.4--6.8]",6.8,"[5.5--8.4]",13,"[12.6--13.5]",13.6,"[11.1--17.8]",45
"Mammalia","Redunca fulvorufula","Female",1.5,"A",6.1,"[6--6.4]",6,"[5.1--7]",11.9,"[11.1--12.6]",11.9,"[10.5--13.7]",98
"Mammalia","Redunca fulvorufula","All",0.9,"A",5.5,"[5.4--5.6]",5.4,"[4.6--6.3]",12.5,"[12--12.6]",12.2,"[11.1--13.6]",182
"Mammalia","Rhinoceros unicornis","Female",4.2,"A",32.4,"[32--33]",31.9,"[28.5--35.3]",40.3,"[40.3--40.5]",42.5,"[39.2--47.4]",108
"Mammalia","Rhinoceros unicornis","All",4.2,"A",30.3,"[30.1--30.4]",29.5,"[27.3--31.7]",40.5,"[40.3--40.5]",40.7,"[38.4--43.6]",235
"Mammalia","Rhynchocyon petersi","Female",0.6,"A",3.1,"[3--3.2]",3.2,"[2.6--3.9]",6.6,"[6.5--7]",6.7,"[5.7--8]",77
"Mammalia","Romerolagus diazi","Male",0.3,"A",1.3,"[1.3--1.4]",1.4,"[1.2--1.6]",5,"[4.8--5.1]",4.2,"[3.5--5]",156
"Mammalia","Romerolagus diazi","Female",0.3,"A",2,"[2--2.1]",2.1,"[1.8--2.4]",5.9,"[5.5--6.1]",5.6,"[5--6.5]",214
"Mammalia","Romerolagus diazi","All",0.3,"A",1.6,"[1.5--1.6]",1.7,"[1.5--1.9]",5.3,"[5.2--5.4]",5.1,"[4.6--5.7]",380
"Mammalia","Rousettus aegyptiacus","Male",1.1,"A",9.1,"[9.1--9.2]",8.9,"[8.4--9.3]",16.5,"[16.4--16.5]",16.2,"[15.3--17.2]",930
"Mammalia","Rousettus aegyptiacus","Female",1.1,"A",9.1,"[9--9.1]",9,"[8.6--9.5]",18.7,"[18.3--18.8]",17.8,"[16.7--19]",1025
"Mammalia","Rousettus lanosus","Male",1,"A",11.4,"[11.2--11.5]",11.4,"[10.6--12.2]",15.7,"[15.7--15.9]",15.7,"[15.2--16.4]",183
"Mammalia","Rousettus lanosus","Female",1.5,"A",11.9,"[11.8--12]",12.3,"[11.3--13.4]",18.3,"[18.3--18.5]",18.2,"[17.4--19.2]",207
"Mammalia","Rousettus lanosus","All",0.9,"A",11.6,"[11.6--11.7]",11.5,"[10.9--12.2]",17.3,"[17.3--17.5]",17.3,"[16.7--18]",403
"Mammalia","Rousettus leschenaultii","Male",1.2,"A",8.7,"[8.5--9.2]",8.3,"[7.3--9.3]",13.1,"[12.6--13.2]",14.8,"[12.9--17.8]",187
"Mammalia","Rousettus leschenaultii","Female",0.6,"A",7.6,"[7.1--7.8]",7.6,"[6.6--8.6]",13.9,"[13.6--14]",14.1,"[12.9--15.4]",270
"Mammalia","Rousettus leschenaultii","All",0.9,"A",7,"[6.9--7.1]",7.1,"[6.3--7.9]",13,"[12.9--13.2]",12.9,"[12.3--13.5]",565
"Mammalia","Rucervus duvaucelii","Male",1.6,"A",8.3,"[8.3--8.4]",8,"[7.5--8.6]",15.4,"[15.2--15.6]",17.5,"[16--19.2]",662
"Mammalia","Rucervus duvaucelii","Female",1.9,"A",12.3,"[12.3--12.4]",11.8,"[11.2--12.4]",19.6,"[19.6--19.7]",20.4,"[19.4--21.5]",858
"Mammalia","Rucervus duvaucelii","All",1.8,"A",10.6,"[10.5--10.7]",10.2,"[9.7--10.6]",19.1,"[19.1--19.2]",19.8,"[18.9--20.9]",1538
"Mammalia","Rucervus eldii","Male",1.9,"A",9.1,"[9--9.1]",9.1,"[8.5--9.6]",16.8,"[16.7--16.8]",17.1,"[16.3--18.1]",704
"Mammalia","Rucervus eldii","Female",1.8,"A",12.3,"[12.2--12.3]",12.5,"[11.7--13.2]",20.8,"[20.8--20.9]",21.1,"[20.4--21.8]",978
"Mammalia","Rucervus eldii","All",1.6,"A",11,"[10.9--11]",10.8,"[10.4--11.3]",19.9,"[19.9--20]",19.8,"[19.2--20.3]",1853
"Mammalia","Rupicapra pyrenaica","All",1.8,"A",8.6,"[8.3--8.8]",8,"[6--10.7]",15.7,"[15.7--15.8]",17.5,"[14.1--25.5]",54
"Mammalia","Rupicapra rupicapra","Male",1.4,"A",7.6,"[7.4--7.7]",7.8,"[6.4--9.3]",15.5,"[15.3--15.6]",15.6,"[14.3--17]",186
"Mammalia","Rupicapra rupicapra","Female",1.9,"A",10.2,"[10.2--10.3]",10.2,"[9.3--11.2]",16.2,"[16.1--16.3]",16.2,"[15.4--17.3]",262
"Mammalia","Rupicapra rupicapra","All",1.8,"A",9.9,"[9.8--10]",9.7,"[9--10.6]",16.2,"[16.1--16.3]",16.2,"[15.4--17]",416
"Mammalia","Rusa alfredi","Male",1.7,"A",7.6,"[7.5--7.7]",7.7,"[6.4--9]",17.7,"[16.6--18.5]",17.9,"[16.1--20.3]",185
"Mammalia","Rusa alfredi","Female",1.6,"A",10.8,"[10.7--11.2]",10.6,"[9--12]",21.5,"[20.8--21.9]",21,"[19--23.4]",189
"Mammalia","Rusa alfredi","All",1.3,"A",9.2,"[9.2--9.3]",8.8,"[7.8--9.9]",20.1,"[20--20.2]",19.8,"[18.3--21.5]",410
"Mammalia","Rusa timorensis","Male",2.5,"A",13.1,"[12.8--13.3]",13.2,"[11.6--14.8]",18.3,"[17.9--18.4]",19.6,"[17.5--24.2]",277
"Mammalia","Rusa unicolor","Male",2,"A",10.8,"[10.7--10.9]",11.1,"[10--12.3]",20.8,"[20.3--21]",20.8,"[19.2--23.1]",384
"Mammalia","Rusa unicolor","Female",1.8,"A",14.4,"[14.3--14.5]",14.4,"[13.3--15.5]",26.1,"[26--26.4]",26.2,"[24.1--29.1]",552
"Mammalia","Rusa unicolor","All",1.6,"A",12.2,"[12.2--12.3]",12.8,"[12--13.6]",23.1,"[22.9--23.3]",23.8,"[22.2--25.8]",1047
"Mammalia","Saguinus bicolor","Male",1.9,"A",10.5,"[10.4--10.6]",10.5,"[9.3--11.6]",20,"[19.9--20.5]",19.5,"[17.6--22.2]",209
"Mammalia","Saguinus bicolor","Female",2.1,"A",11.2,"[11.1--11.3]",10.4,"[9.2--11.5]",19.2,"[18.9--19.3]",19.9,"[17.9--22.7]",210
"Mammalia","Saguinus bicolor","All",1.8,"A",10.4,"[10.3--10.5]",10.4,"[9.6--11.3]",20,"[19.9--20.5]",19.6,"[18.4--20.9]",429
"Mammalia","Saguinus geoffroyi","Male",1.8,"A",9.7,"[9.4--9.8]",9.5,"[8--11.2]",15.7,"[15.6--15.8]",15.9,"[15.1--16.8]",122
"Mammalia","Saguinus geoffroyi","Female",1.9,"A",8.7,"[8.6--8.7]",8.4,"[7.3--9.7]",15.8,"[15.7--16]",14.9,"[13.8--16.2]",128
"Mammalia","Saguinus geoffroyi","All",1.6,"A",8.8,"[8.8--8.9]",8.6,"[7.5--9.6]",15.9,"[15.8--16]",15.6,"[14.9--16.3]",263
"Mammalia","Saguinus imperator","Male",2.3,"A",10.2,"[10.2--10.3]",10,"[9.3--10.6]",19.2,"[19.1--19.3]",19.1,"[18.2--20]",837
"Mammalia","Saguinus imperator","Female",2.1,"A",8.9,"[8.8--8.9]",8.8,"[8.3--9.3]",17.4,"[17.3--17.4]",17.3,"[16.4--18.4]",841
"Mammalia","Saguinus imperator","All",2.1,"A",9.3,"[9.3--9.4]",9.3,"[8.9--9.6]",18.2,"[18.1--18.2]",18.2,"[17.6--18.9]",1713
"Mammalia","Saguinus labiatus","Female",1.8,"A",8.3,"[8.2--8.3]",8.1,"[7.3--8.9]",19.5,"[19.3--19.7]",21.5,"[18.9--24.6]",427
"Mammalia","Saguinus leucopus","Male",1.5,"A",9.2,"[9.2--9.3]",8.4,"[6.7--10.1]",14.9,"[14.3--15.1]",15.2,"[12.6--19.9]",45
"Mammalia","Saguinus leucopus","Female",1.5,"A",5.4,"[5.3--5.6]",5.4,"[4.3--6.8]",12.2,"[12--12.5]",12.5,"[10--16.3]",51
"Mammalia","Saguinus leucopus","All",1.5,"A",6.9,"[6.8--7.3]",6.9,"[5.7--8.2]",14.4,"[12.8--15.1]",14.1,"[12.6--17.6]",98
"Mammalia","Saguinus midas","Male",1.7,"A",10.4,"[10.3--10.5]",10.3,"[9.5--11.1]",22.1,"[21.9--22.2]",22,"[20.1--24.3]",592
"Mammalia","Saguinus midas","Female",1.7,"A",9.8,"[9.7--9.9]",9.7,"[9--10.4]",19.8,"[19.3--20.1]",19.9,"[18.2--22]",593
"Mammalia","Saguinus midas","All",1.5,"A",9.9,"[9.8--9.9]",9.8,"[9.3--10.3]",21.8,"[21.7--21.9]",20.7,"[19.2--22.1]",1257
"Mammalia","Saguinus mystax","Female",1.4,"A",8.4,"[7.6--8.6]",8.1,"[6.7--9.5]",13.8,"[13.3--14]",14.1,"[12.1--16.6]",49
"Mammalia","Saguinus mystax","All",2,"A",9.1,"[9.1--9.2]",8.8,"[7.7--10.1]",16.1,"[15.5--16.5]",16.2,"[14.1--18.9]",91
"Mammalia","Saguinus oedipus","Male",2,"A",12.4,"[12.3--12.4]",12.1,"[11.6--12.5]",21.7,"[21.6--21.8]",22.8,"[21.9--23.9]",2401
"Mammalia","Saguinus oedipus","Female",1.8,"A",10.6,"[10.6--10.7]",10.5,"[10.1--11]",22.1,"[22--22.1]",22.6,"[21.6--23.7]",2316
"Mammalia","Saguinus oedipus","All",1.6,"A",11.1,"[11.1--11.2]",11.1,"[10.8--11.5]",21.7,"[21.7--21.8]",22.5,"[21.8--23.2]",4996
"Mammalia","Saiga tatarica","Male",2,"A",3.6,"[3.5--3.9]",3.6,"[3.1--4.2]",6.6,"[5.9--7.1]",6.6,"[5.7--7.7]",51
"Mammalia","Saiga tatarica","Female",1,"A",3.4,"[3.3--3.5]",3.4,"[3--4]",7.7,"[7.5--7.8]",7.5,"[6.8--8.1]",135
"Mammalia","Saiga tatarica","All",1,"A",3.2,"[3.1--3.2]",3.1,"[2.8--3.5]",7.3,"[7.1--7.4]",7.1,"[6.5--7.8]",228
"Mammalia","Saimiri boliviensis","Male",3.1,"A",13.9,"[13.9--14]",13.7,"[12.8--14.5]",27.4,"[27.2--27.7]",28.1,"[26.5--30.3]",1160
"Mammalia","Saimiri boliviensis","Female",3.2,"A",15.8,"[15.8--15.9]",15.9,"[15.2--16.6]",27.5,"[27.4--27.5]",29,"[27.6--30.6]",1359
"Mammalia","Saimiri boliviensis","All",2.8,"A",15,"[14.9--15]",14.7,"[14.1--15.2]",27.4,"[27.4--27.5]",28.9,"[27.8--30.1]",2636
"Mammalia","Saimiri sciureus","Male",2.5,"A",12.5,"[12.5--12.6]",11.7,"[11.1--12.5]",28.3,"[28--28.4]",30.9,"[27.6--34.5]",1460
"Mammalia","Saimiri sciureus","Female",2.3,"A",13.9,"[13.8--13.9]",13.9,"[13.2--14.6]",26.4,"[26.3--26.4]",26.5,"[25.4--27.9]",1543
"Mammalia","Saimiri sciureus","All",2.1,"A",12.8,"[12.8--12.9]",12.5,"[12--13.1]",26.5,"[26.5--26.6]",27.1,"[26--28.2]",3266
"Mammalia","Sapajus apella","Male",3.7,"A",25.4,"[24.7--25.5]",24.8,"[23.2--26.6]",41.4,"[40.4--42.9]",42.6,"[39.6--47.1]",938
"Mammalia","Sapajus apella","All",2.4,"A",25.6,"[25.5--25.6]",25.6,"[24.3--27]",43.5,"[43--45.2]",46.2,"[43--50.4]",2019
"Mammalia","Sciurus lis","Male",0.8,"A",4.6,"[4.5--4.8]",4.7,"[4.2--5.1]",6.3,"[6.2--6.4]",6.7,"[6--7.6]",97
"Mammalia","Sciurus lis","Female",0.8,"A",5.6,"[5.5--5.6]",5.6,"[4.9--6.3]",8.1,"[7.9--8.1]",9.9,"[8.5--11.9]",141
"Mammalia","Sciurus lis","All",0.8,"A",5.3,"[5.2--5.3]",5.2,"[4.8--5.7]",10.1,"[10.1--10.2]",9.6,"[8.5--11.1]",262
"Mammalia","Sciurus vulgaris","Male",0.9,"A",4.4,"[4.4--4.5]",4.2,"[3.8--4.6]",7.8,"[7.7--8]",8,"[7.5--8.7]",355
"Mammalia","Sciurus vulgaris","Female",0.7,"A",4.3,"[4.2--4.3]",4.3,"[3.9--4.7]",8.9,"[8.7--9.2]",8.6,"[8--9.3]",363
"Mammalia","Sciurus vulgaris","All",0.7,"A",4.3,"[4.3--4.4]",4.2,"[3.9--4.5]",8.6,"[8.5--8.6]",8.2,"[7.9--8.6]",837
"Mammalia","Sekeetamys calurus","Male",0.3,"A",3.7,"[3.6--3.7]",3.8,"[3.2--4.3]",5.7,"[5.7--5.8]",5.6,"[5.3--6]",88
"Mammalia","Sekeetamys calurus","Female",0.2,"A",3.4,"[3.4--3.5]",3.4,"[3--3.9]",5.5,"[5.4--5.5]",5.4,"[4.9--6.1]",85
"Mammalia","Semnopithecus entellus","Male",4.4,"A",14.5,"[13.9--14.6]",14.6,"[12.5--17.5]",25.6,"[25.3--25.8]",25.8,"[24.1--28.5]",143
"Mammalia","Semnopithecus entellus","Female",3.3,"A",14.9,"[14.8--15.5]",15.8,"[14.2--17.5]",27.1,"[26.8--27.6]",26.6,"[24.7--29.1]",208
"Mammalia","Semnopithecus entellus","All",3.2,"A",14.6,"[14.5--14.6]",15.1,"[13.8--16.6]",26.3,"[26.1--26.6]",26.8,"[25.2--28.8]",379
"Mammalia","Setifer setosus","Female",0.7,"A",4.6,"[4.6--4.7]",4.4,"[3.5--5.4]",9.9,"[9.7--10]",9.4,"[8.5--10.3]",106
"Mammalia","Setifer setosus","All",0.6,"A",5.1,"[5.1--5.2]",4.6,"[4--5.2]",9.8,"[9.8--10]",9.5,"[8.8--10.2]",251
"Mammalia","Setonix brachyurus","Female",0.8,"A",8.1,"[7.6--8.4]",8,"[6.9--9.1]",12.9,"[12.8--12.9]",12.9,"[12.2--13.8]",145
"Mammalia","Setonix brachyurus","All",0.7,"A",8,"[8--8.2]",7.8,"[6.8--8.8]",13.1,"[12.9--13.7]",13.4,"[12.7--14.2]",247
"Mammalia","Sminthopsis crassicaudata","Male",0.5,"A",2.1,"[2.1--2.2]",2.2,"[2.1--2.4]",3.4,"[3.3--3.4]",3.6,"[3.4--3.9]",295
"Mammalia","Sminthopsis crassicaudata","All",0.4,"A",2.1,"[2--2.1]",2.1,"[2--2.2]",3.3,"[3.3--3.4]",3.6,"[3.4--3.8]",649
"Mammalia","Speothos venaticus","Male",1.2,"A",9,"[8.9--9.1]",9.1,"[8.5--9.6]",12.8,"[12.7--12.8]",12.7,"[12.3--13]",408
"Mammalia","Speothos venaticus","Female",1.1,"A",8.2,"[8.1--8.2]",8.2,"[7.7--8.7]",12,"[12--12.1]",12,"[11.6--12.4]",397
"Mammalia","Speothos venaticus","All",1.1,"A",8.4,"[8.4--8.5]",8.5,"[8.1--8.8]",12.3,"[12.2--12.3]",12.1,"[11.9--12.4]",806
"Mammalia","Suncus etruscus","All",0.2,"A",1.6,"[1.5--1.6]",1.7,"[1.5--1.8]",3.8,"[3.6--4]",3.7,"[3.3--4.2]",366
"Mammalia","Suncus murinus","Male",0.3,"A",1.8,"[1.8--1.9]",1.8,"[1.7--2]",2.5,"[2.5--2.6]",2.6,"[2.5--2.8]",117
"Mammalia","Suncus murinus","Female",0.3,"A",1.9,"[1.8--2]",1.9,"[1.7--2]",2.6,"[2.6--2.7]",2.7,"[2.6--2.8]",115
"Mammalia","Suncus murinus","All",0.2,"A",1.8,"[1.8--1.9]",1.8,"[1.7--1.9]",2.6,"[2.5--2.6]",2.7,"[2.6--2.8]",274
"Mammalia","Sus barbatus","Female",2.9,"A",8.5,"[8.4--8.6]",9.1,"[7.5--10.8]",16.3,"[15.7--16.4]",16.9,"[15--19.7]",69
"Mammalia","Sus barbatus","All",2,"A",7.8,"[7.7--7.9]",7.9,"[6.8--9]",15.4,"[15.1--15.5]",14.8,"[13.5--16.1]",168
"Mammalia","Sus cebifrons","Male",1.6,"A",14.9,"[14.8--15.1]",14.8,"[13.7--15.7]",18.2,"[17.9--18.5]",18.8,"[18--20]",204
"Mammalia","Sus cebifrons","Female",2,"A",15.3,"[15.1--15.8]",16,"[14.8--17.3]",20.8,"[20.6--20.9]",21,"[19.8--22.8]",197
"Mammalia","Sus cebifrons","All",1.2,"A",15,"[14.9--15.1]",15.1,"[14.3--15.9]",20.7,"[20.6--20.9]",20.1,"[19.3--21]",443
"Mammalia","Sus scrofa","Female",0.7,"A",10.1,"[10.1--10.2]",9.8,"[9.4--10.1]",16.7,"[16.6--16.7]",17.4,"[16.7--18.1]",3060
"Mammalia","Sus scrofa","All",0.6,"A",9.1,"[9.1--9.2]",8.8,"[8.5--9.2]",16.8,"[16.8--16.9]",17.6,"[17.1--18.2]",6393
"Mammalia","Sylvicapra grimmia","Male",1.4,"A",10.5,"[9.5--10.6]",9.1,"[6.5--12.3]",15.7,"[14--16.5]",16.6,"[14.8--20.2]",61
"Mammalia","Sylvicapra grimmia","Female",1.4,"A",7,"[6.9--7.6]",6.8,"[5.5--8.4]",13.5,"[12.9--14]",15.7,"[12.2--21.2]",75
"Mammalia","Sylvicapra grimmia","All",1.4,"A",8.4,"[8.3--8.5]",7.9,"[6.4--9.8]",16,"[14.8--16.5]",16.5,"[14.9--21]",140
"Mammalia","Syncerus caffer","Male",2.7,"A",15.8,"[15.8--15.9]",14.5,"[13--16.1]",27.1,"[27--27.7]",27.8,"[25.5--31]",445
"Mammalia","Syncerus caffer","Female",3.1,"A",19.8,"[19.7--19.8]",18.6,"[17.5--19.6]",29.4,"[29.2--29.5]",29.4,"[27.9--31.4]",636
"Mammalia","Syncerus caffer","All",2.5,"A",17.7,"[17.6--17.8]",17.2,"[16.2--18.1]",29.1,"[29.1--29.2]",28.8,"[27.6--30.3]",1154
"Mammalia","Tamandua tetradactyla","Male",1.3,"A",10.3,"[10.2--10.4]",10.8,"[8.8--13.1]",20.4,"[19.9--20.6]",21.1,"[18.6--26.7]",144
"Mammalia","Tamandua tetradactyla","Female",1.3,"A",11,"[10.7--11.1]",11.2,"[9.8--12.6]",17.9,"[16.7--18.2]",19.8,"[17.2--23.8]",144
"Mammalia","Tamandua tetradactyla","All",1,"A",10.7,"[10.6--10.8]",10.8,"[9.7--12]",20.3,"[19.9--20.6]",20.9,"[18.8--24.2]",313
"Mammalia","Tamiasciurus hudsonicus","All",0.9,"A",4.9,"[4.6--5.9]",5.6,"[4.3--7.2]",9,"[8.6--9.1]",11.1,"[8.3--16.7]",73
"Mammalia","Tamiops swinhoei","Male",0.7,"A",2.7,"[2.6--2.8]",2.8,"[2.4--3.3]",7.7,"[7.3--8.2]",7.9,"[6.5--9.8]",153
"Mammalia","Tamiops swinhoei","Female",0.3,"A",2.7,"[2.7--2.8]",2.8,"[2.4--3.2]",6.9,"[6.3--7.1]",7,"[5.9--8.8]",208
"Mammalia","Tamiops swinhoei","All",0.3,"A",2.7,"[2.7--2.8]",2.8,"[2.5--3.1]",7.4,"[7.3--7.5]",7.9,"[6.8--9.3]",464
"Mammalia","Tapirus bairdii","All",2.7,"A",25.4,"[25.2--25.6]",25.7,"[22.9--28.2]",32.5,"[31.5--35]",33.5,"[31.5--35.9]",100
"Mammalia","Tapirus indicus","Male",3.2,"A",20.3,"[20.2--20.4]",20.3,"[18.3--22.4]",29.3,"[28.7--30.7]",30.7,"[29--32.9]",182
"Mammalia","Tapirus indicus","Female",3.1,"A",17.3,"[17.2--17.4]",17.9,"[16.2--19.4]",30.1,"[30--30.2]",30.6,"[28.1--33.7]",213
"Mammalia","Tapirus indicus","All",3,"A",19.1,"[19--19.1]",18.8,"[17.6--20]",30.2,"[30--30.7]",31.2,"[29.3--33.4]",404
"Mammalia","Tapirus terrestris","Male",2.9,"A",19,"[18.9--19]",18.1,"[16.9--19.4]",32.3,"[32.2--32.4]",34,"[31.4--37.6]",570
"Mammalia","Tapirus terrestris","Female",2.5,"A",17.5,"[17.4--17.5]",17.2,"[16.1--18.4]",32.2,"[32.2--32.3]",32.4,"[30--35.4]",577
"Mammalia","Tapirus terrestris","All",2.5,"A",18.1,"[18.1--18.2]",17.6,"[16.7--18.5]",32.3,"[32.2--32.3]",32.9,"[31.2--34.9]",1170
"Mammalia","Tenrec ecaudatus","Male",0.5,"A",2.5,"[2.5--2.6]",2.6,"[2.1--3.2]",5.3,"[4.7--6.2]",5.9,"[4.8--7.6]",61
"Mammalia","Tenrec ecaudatus","Female",0.5,"A",4,"[3.7--4.1]",3.7,"[3--4.4]",5.9,"[5.8--5.9]",6.1,"[5.6--6.7]",68
"Mammalia","Tenrec ecaudatus","All",0.5,"A",2.9,"[2.8--2.9]",3,"[2.6--3.4]",5.8,"[5.8--5.9]",6,"[5.4--6.8]",151
"Mammalia","Tetracerus quadricornis","Male",2.1,"A",4.8,"[4.7--4.9]",4.9,"[4--5.9]",10.5,"[10--10.7]",10.4,"[8.8--12.3]",57
"Mammalia","Tetracerus quadricornis","Female",2,"A",6.8,"[6.6--6.9]",6.8,"[5.8--7.8]",10.8,"[10.3--10.9]",11,"[10.2--12]",71
"Mammalia","Tetracerus quadricornis","All",0.9,"A",5.4,"[5.4--5.5]",5.2,"[4.4--6]",10.5,"[10.3--10.7]",10.7,"[9.9--11.5]",153
"Mammalia","Theropithecus gelada","Male",6.2,"A",16.9,"[16.7--17]",16.9,"[16--17.9]",24,"[23.9--24]",24.1,"[22.6--25.8]",274
"Mammalia","Theropithecus gelada","Female",4,"A",22.3,"[22.2--22.8]",22.4,"[21.4--23.5]",29,"[28.1--29.2]",29.1,"[28--30.3]",355
"Mammalia","Theropithecus gelada","All",4,"A",19.6,"[19.5--19.8]",19.7,"[18.9--20.6]",27.6,"[27.6--27.7]",27.5,"[26.5--28.5]",682
"Mammalia","Thrichomys apereoides","Male",0.5,"A",1,"[1--1.1]",1.3,"[1--1.6]",4,"[4--4.2]",3.9,"[2.9--5.3]",73
"Mammalia","Thrichomys apereoides","Female",0.5,"A",1.6,"[1.5--1.6]",1.6,"[1.2--2.1]",4,"[3.9--4.1]",3.9,"[3.2--4.9]",50
"Mammalia","Thrichomys apereoides","All",0.5,"A",1.1,"[1.1--1.2]",1.3,"[1.1--1.6]",4,"[4--4.1]",4.1,"[3.4--5]",129
"Mammalia","Thylogale billardierii","All",1.2,"A",3.3,"[3.2--3.3]",3.2,"[2.8--3.7]",6.9,"[6.9--7]",6.6,"[5.8--7.6]",97
"Mammalia","Thylogale brunii","Male",0.6,"A",4.5,"[4.4--4.6]",4.1,"[3.4--4.9]",8.5,"[8.3--8.6]",8.4,"[7--10.4]",87
"Mammalia","Thylogale brunii","Female",0.6,"A",4.9,"[4.8--5.4]",4.6,"[3.5--5.7]",8.7,"[8.4--9]",9.4,"[7.6--12.3]",63
"Mammalia","Thylogale brunii","All",0.6,"A",4.6,"[4.5--4.7]",4.4,"[3.8--5.1]",9.3,"[9.3--9.4]",9.4,"[8.1--11.4]",156
"Mammalia","Thylogale stigmatica","Male",0.7,"A",4.9,"[4.6--5.5]",4.2,"[3.1--5.4]",8.7,"[8.6--8.7]",9.2,"[7.4--11.9]",47
"Mammalia","Thylogale stigmatica","Female",1,"A",5.7,"[5.6--5.8]",5.1,"[4--6.1]",7.9,"[7.6--8]",9.3,"[7.7--12]",47
"Mammalia","Thylogale stigmatica","All",0.7,"A",5.7,"[5.6--5.7]",5,"[4.2--5.8]",10.5,"[9.7--11.1]",9.9,"[8.6--11.8]",100
"Mammalia","Thylogale thetis","Male",1.6,"A",5.5,"[5.3--5.9]",5.2,"[3.7--7]",8.9,"[8.6--9]",9.6,"[8.5--11.8]",35
"Mammalia","Thylogale thetis","Female",1.6,"A",5.3,"[5.2--6.1]",5.1,"[4.2--6.3]",9.2,"[9.1--9.6]",10.3,"[8.3--13.9]",60
"Mammalia","Thylogale thetis","All",1.6,"A",5.5,"[5.5--5.6]",5.2,"[4.3--6.4]",9.2,"[9.1--9.6]",10,"[9--11.7]",97
"Mammalia","Tolypeutes matacus","Female",1.1,"A",17.1,"[16.9--18.8]",18.3,"[16.1--20.4]",28.1,"[27.7--28.2]",28.4,"[25.7--32.6]",249
"Mammalia","Tolypeutes matacus","All",0.9,"A",17.6,"[17.5--17.7]",17.9,"[16.5--19.4]",27.7,"[27.7--27.8]",28.1,"[26--31.2]",560
"Mammalia","Trachypithecus auratus","Male",4,"A",11.4,"[11.3--11.8]",11.4,"[9.9--13.3]",22.6,"[22.4--23.3]",24.4,"[21.3--30.9]",168
"Mammalia","Trachypithecus auratus","Female",3.5,"A",14.4,"[14.3--14.4]",14,"[12.9--15.2]",23.9,"[23.9--24]",25.3,"[23--28.2]",286
"Mammalia","Trachypithecus auratus","All",3,"A",12.6,"[12.5--12.6]",12.9,"[12--13.9]",24.8,"[24.8--24.9]",25.4,"[23.4--28.1]",491
"Mammalia","Trachypithecus cristatus","Male",3.1,"A",13.2,"[12.9--13.3]",12.4,"[10.3--14.7]",22.5,"[22.3--23.2]",23.5,"[20.1--29.1]",87
"Mammalia","Trachypithecus cristatus","All",2.5,"A",13.3,"[13.2--13.4]",13.6,"[12.1--15.3]",25.2,"[25--25.4]",27.1,"[24--31.5]",249
"Mammalia","Trachypithecus francoisi","Male",4.8,"A",14.9,"[14.8--15]",14.8,"[13.3--16.3]",24.8,"[24.8--24.9]",24.7,"[22.1--28.7]",134
"Mammalia","Trachypithecus francoisi","Female",4.2,"A",17.1,"[16.8--17.2]",17.2,"[14.8--19.8]",28.1,"[28.1--28.2]",28.6,"[26.6--31.7]",143
"Mammalia","Trachypithecus francoisi","All",4.4,"A",15.8,"[15.7--15.8]",15.9,"[14.6--17.2]",27.7,"[27.7--27.8]",28.2,"[25.8--31.7]",281
"Mammalia","Trachypithecus obscurus","Male",3.5,"A",14.6,"[14.5--14.8]",14.1,"[12.2--16.2]",23.5,"[23.2--23.9]",23.8,"[22--25.9]",109
"Mammalia","Trachypithecus obscurus","Female",3.9,"A",14.4,"[14.2--14.6]",13.9,"[12.1--15.9]",25.1,"[24.9--25.9]",25.1,"[22.5--28.6]",98
"Mammalia","Trachypithecus obscurus","All",3.8,"A",14.7,"[14.6--14.8]",14.3,"[12.9--15.6]",24.9,"[24.2--25.3]",25,"[23.4--26.8]",208
"Mammalia","Tragelaphus angasii","Male",1.6,"A",5.6,"[5.6--5.7]",5.5,"[5.2--5.8]",11.3,"[11.2--11.3]",11.4,"[10.7--12.1]",989
"Mammalia","Tragelaphus angasii","Female",1.4,"A",9.6,"[9.6--9.7]",9.4,"[9--9.8]",16,"[16--16.1]",16.3,"[15.8--17]",1451
"Mammalia","Tragelaphus derbianus","Male",2.9,"A",8.1,"[8--8.1]",7.7,"[7--8.5]",10.9,"[10.7--11]",11.4,"[10.5--12.6]",84
"Mammalia","Tragelaphus derbianus","Female",2.3,"A",10,"[9.9--10.1]",10,"[8.8--11.1]",13.9,"[13.8--14.2]",14.7,"[13.7--16.1]",88
"Mammalia","Tragelaphus derbianus","All",2,"A",8.6,"[8.5--8.6]",8.5,"[7.8--9.2]",13.3,"[13.2--13.6]",13.7,"[12.8--14.9]",179
"Mammalia","Tragelaphus eurycerus","Male",2.1,"A",9.1,"[9.1--9.2]",8.9,"[8.5--9.3]",14.2,"[14.2--14.3]",15,"[14.3--15.9]",683
"Mammalia","Tragelaphus eurycerus","Female",2,"A",11.5,"[11.3--11.5]",11.5,"[11--11.9]",18.2,"[18.2--18.3]",18.3,"[17.8--18.7]",975
"Mammalia","Tragelaphus eurycerus","All",1.9,"A",10.3,"[10.2--10.3]",10.3,"[9.9--10.7]",17.5,"[17.4--17.5]",17.3,"[16.8--17.8]",1693
"Mammalia","Tragelaphus imberbis","Male",1.9,"A",7.5,"[7.4--7.5]",7.1,"[6.3--7.9]",13.3,"[13.2--13.8]",13.7,"[12.9--14.7]",300
"Mammalia","Tragelaphus imberbis","Female",2,"A",9.9,"[9.8--10]",9.4,"[8.7--10.1]",15.9,"[15.7--16.1]",16.5,"[15.5--17.6]",395
"Mammalia","Tragelaphus imberbis","All",1.9,"A",8.7,"[8.7--8.8]",8.5,"[8--9]",15.2,"[15.1--15.3]",15.4,"[14.7--16.2]",701
"Mammalia","Tragelaphus oryx","Male",1.8,"A",10.4,"[10.4--10.5]",10,"[9.6--10.3]",16.5,"[16.5--16.6]",17.5,"[16.7--18.3]",2052
"Mammalia","Tragelaphus oryx","Female",1.8,"A",13.2,"[13.2--13.3]",13.2,"[12.9--13.5]",20,"[20--20.1]",19.8,"[19.3--20.3]",3131
"Mammalia","Tragelaphus oryx","All",1.7,"A",12.5,"[12.4--12.5]",12.4,"[12.1--12.6]",19.4,"[19.3--19.4]",19.1,"[18.7--19.6]",5507
"Mammalia","Tragelaphus scriptus","Female",1.2,"A",6.7,"[6.6--6.8]",6.3,"[5.3--7.4]",11.5,"[11.1--11.6]",12.1,"[10.6--14]",96
"Mammalia","Tragelaphus scriptus","All",0.8,"A",6.4,"[6.2--6.5]",5.8,"[5--6.5]",13,"[11.1--13.5]",12.3,"[10.9--14.2]",225
"Mammalia","Tragelaphus spekii","Male",3.3,"A",7.6,"[7.6--7.7]",7.6,"[7.2--8]",14,"[13.9--14.2]",13.4,"[12.9--14]",679
"Mammalia","Tragelaphus spekii","Female",3.8,"A",11,"[11--11.1]",10.9,"[10.5--11.2]",18.9,"[18.9--19]",18.9,"[18.2--19.7]",1279
"Mammalia","Tragulus javanicus","Male",1.1,"A",4.8,"[4.7--4.9]",4.5,"[4--5]",11.3,"[11.3--11.4]",12.5,"[11.2--14]",317
"Mammalia","Tragulus javanicus","Female",0.8,"A",4.6,"[4.6--4.7]",4.6,"[4--5.3]",13.3,"[13.2--13.4]",15.2,"[13.2--18]",316
"Mammalia","Tragulus javanicus","All",0.7,"A",4.8,"[4.7--4.9]",4.6,"[4.2--5]",15.9,"[15.9--16]",18.3,"[16--21.6]",758
"Mammalia","Tragulus napu","Male",1.1,"A",7.1,"[6.9--7.2]",7.2,"[6.3--8.1]",14.5,"[14.4--14.8]",13.8,"[12.9--15]",159
"Mammalia","Tragulus napu","Female",0.8,"A",7.6,"[7.5--7.6]",7.7,"[7--8.4]",13,"[12.8--13.1]",12.5,"[11.8--13.2]",205
"Mammalia","Tragulus napu","All",0.8,"A",7.2,"[7.2--7.3]",7.4,"[6.7--8]",13.6,"[13.5--13.6]",13.1,"[12.5--13.7]",394
"Mammalia","Tremarctos ornatus","Male",4,"A",26.5,"[26.5--26.6]",25.6,"[24.5--26.6]",30.6,"[30.4--30.8]",31.1,"[30.2--32.2]",143
"Mammalia","Tremarctos ornatus","Female",3.1,"A",27.1,"[26.9--27.3]",26.2,"[25--27.5]",31.7,"[31.6--31.7]",32.5,"[31.4--33.8]",130
"Mammalia","Tremarctos ornatus","All",3,"A",26.5,"[26.5--26.6]",25.9,"[25.1--26.7]",30.8,"[30.5--31]",31,"[30.5--31.7]",276
"Mammalia","Trichosurus vulpecula","Male",0.9,"A",7.3,"[7.2--7.5]",7.1,"[5.9--8.5]",15.3,"[14.8--16]",15.7,"[13--20.3]",149
"Mammalia","Trichosurus vulpecula","Female",0.9,"A",6.6,"[6.5--6.8]",6.7,"[5.6--8]",15.9,"[15.4--16.3]",16.5,"[13.5--21.1]",160
"Mammalia","Trichosurus vulpecula","All",0.6,"A",6.5,"[6.4--6.6]",6.3,"[5.5--7.2]",16.1,"[16--16.3]",16.1,"[13.9--19.3]",345
"Mammalia","Tupaia belangeri","Female",0.4,"A",5.6,"[5.6--5.7]",5.4,"[5--5.8]",9.4,"[9.3--9.5]",10.5,"[9.8--11.3]",507
"Mammalia","Tupaia glis","Male",0.6,"A",5.2,"[5.1--5.3]",5,"[4.5--5.5]",8.7,"[8.6--8.7]",8.7,"[8.1--9.4]",203
"Mammalia","Tupaia glis","Female",0.5,"A",5,"[5--5.1]",4.8,"[4.4--5.3]",8.1,"[8.1--8.2]",8.3,"[7.8--8.9]",234
"Mammalia","Tupaia glis","All",0.4,"A",4.7,"[4.6--4.7]",4.6,"[4.2--5]",8,"[7.9--8]",8,"[7.7--8.3]",472
"Mammalia","Tupaia minor","Male",0.2,"A",2.8,"[2.7--2.9]",3.2,"[2.3--4.3]",8,"[7.9--8.1]",8.3,"[6.8--10.3]",52
"Mammalia","Tupaia minor","Female",0.2,"A",2.7,"[2.6--2.8]",3.1,"[2.3--4.1]",7.3,"[7.2--7.5]",7.5,"[6--9.7]",41
"Mammalia","Tupaia minor","All",0.6,"A",3.2,"[3.1--3.3]",3.7,"[2.9--4.5]",8.2,"[8.1--8.6]",8.4,"[7.4--9.6]",86
"Mammalia","Tupaia tana","Male",0.8,"A",5.7,"[5.3--6.2]",5.2,"[3.8--6.6]",9.2,"[9.2--9.3]",9.6,"[8.6--10.7]",48
"Mammalia","Tupaia tana","Female",0.9,"A",3.8,"[3.7--4.2]",4.1,"[3.3--5.2]",8.7,"[8.6--8.8]",8.6,"[7.8--9.4]",64
"Mammalia","Tupaia tana","All",0.5,"A",4,"[3.7--4.2]",4.2,"[3.4--5.1]",8.9,"[8.8--9]",9,"[8.3--9.7]",126
"Mammalia","Urocyon cinereoargenteus","Female",1.2,"A",10,"[9.9--10.2]",9.5,"[7.2--12]",15.9,"[15.2--16.7]",17,"[14.1--22.2]",44
"Mammalia","Urocyon cinereoargenteus","All",1.1,"A",10,"[9.9--10.2]",9.8,"[8.3--11.4]",15.6,"[15.2--15.8]",16.4,"[14.3--19.3]",76
"Mammalia","Ursus americanus","Male",2.3,"A",21.6,"[21.6--21.7]",21.3,"[20.1--22.5]",30.3,"[30.3--30.4]",30.3,"[28.5--32.7]",257
"Mammalia","Ursus americanus","Female",2.9,"A",23.3,"[23.2--23.3]",23.2,"[22.1--24.4]",31.9,"[31.9--32]",31.2,"[29.7--33.1]",282
"Mammalia","Ursus americanus","All",2,"A",22.5,"[22.5--22.6]",22.4,"[21.5--23.2]",32,"[31.9--32]",32.3,"[30.6--34.5]",575
"Mammalia","Ursus arctos","Male",3.1,"A",24.9,"[24.7--25]",24,"[22.9--25.3]",35.9,"[35.8--36.2]",35.9,"[34.4--37.6]",565
"Mammalia","Ursus arctos","Female",3.1,"A",28.2,"[28.2--28.3]",27.6,"[26.5--28.6]",37.1,"[37--37.4]",37.2,"[36.4--38.2]",688
"Mammalia","Ursus arctos","All",3,"A",27.2,"[27.2--27.3]",25.9,"[25.1--26.7]",37,"[36.9--37]",36.8,"[35.8--37.8]",1276
"Mammalia","Ursus maritimus","Male",5.4,"A",23.3,"[23--23.5]",22.7,"[21.2--24.2]",32.2,"[32.1--32.5]",31.2,"[29.9--32.7]",207
"Mammalia","Ursus maritimus","Female",5,"A",26.6,"[26.5--26.7]",26.1,"[24.6--27.5]",35.1,"[34.9--35.6]",34.5,"[33.5--35.7]",263
"Mammalia","Ursus maritimus","All",4.9,"A",24.9,"[24.8--24.9]",24.5,"[23.4--25.5]",34,"[33.9--34.2]",33.6,"[32.8--34.5]",475
"Mammalia","Ursus thibetanus","Male",2.5,"A",21.4,"[21.2--21.6]",20.9,"[19.2--22.7]",31.4,"[30.9--32.1]",32.3,"[29.7--35.7]",188
"Mammalia","Ursus thibetanus","Female",2.8,"A",26.7,"[26.4--26.9]",26.1,"[24.1--28.2]",39,"[38.7--39]",38.2,"[36.2--40.9]",216
"Mammalia","Ursus thibetanus","All",2.7,"A",24.9,"[24.9--25]",23.8,"[22.4--25.3]",38.7,"[36.7--39]",37.1,"[35--40]",410
"Mammalia","Varecia rubra","Male",2.1,"A",21.3,"[21.2--21.3]",21.1,"[20.2--22.1]",31.1,"[31--31.2]",31.2,"[29.9--32.8]",757
"Mammalia","Varecia rubra","Female",2.1,"A",20.5,"[20.4--20.6]",20.4,"[19.4--21.5]",29.9,"[29.7--29.9]",30.3,"[29.2--31.7]",656
"Mammalia","Varecia rubra","All",2,"A",21,"[21--21.1]",20.9,"[20.2--21.6]",30.6,"[30.4--30.8]",30.6,"[29.8--31.4]",1426
"Mammalia","Varecia variegata","Male",2.2,"A",18,"[18--18.1]",18,"[17.2--18.7]",30.7,"[30.5--30.8]",30.7,"[29.5--32.2]",1376
"Mammalia","Varecia variegata","Female",2,"A",18.3,"[18.2--18.4]",18.2,"[17.3--19]",30.9,"[30.8--31]",31.6,"[30.1--33.7]",1133
"Mammalia","Varecia variegata","All",2,"A",18,"[18--18.1]",18,"[17.5--18.6]",30.8,"[30.5--30.8]",31.1,"[30.1--32.1]",2580
"Mammalia","Vicugna pacos","Male",2.1,"A",16,"[16--16.1]",15.8,"[15.3--16.3]",22.6,"[22.5--22.7]",23,"[22--24.3]",1254
"Mammalia","Vicugna pacos","Female",1.8,"A",16.8,"[16.7--16.9]",16.3,"[15.8--16.9]",23.8,"[23.7--23.8]",24.7,"[23.7--25.8]",1651
"Mammalia","Vicugna pacos","All",1.6,"A",16.3,"[16.2--16.3]",16.1,"[15.8--16.5]",23.4,"[23.2--23.6]",24,"[23.3--24.9]",3120
"Mammalia","Vicugna vicugna","Male",2.9,"A",12,"[11.9--12]",11.4,"[10.3--12.5]",21.1,"[21--21.2]",23.3,"[21.1--26.3]",315
"Mammalia","Vicugna vicugna","Female",2.1,"A",15.5,"[15.4--15.7]",15.3,"[14.1--16.5]",23.6,"[23.4--23.8]",23.5,"[22.4--24.7]",391
"Mammalia","Vicugna vicugna","All",1.9,"A",13.7,"[13.5--13.8]",12.9,"[12.1--13.9]",22.5,"[22.3--22.7]",23.2,"[22.1--24.5]",758
"Mammalia","Vormela peregusna","Male",1.9,"A",6.5,"[6.5--6.6]",6.1,"[5.5--6.6]",7.7,"[7.7--7.9]",8.2,"[7.6--9]",51
"Mammalia","Vormela peregusna","Female",1,"A",4.9,"[4.7--5]",4.5,"[3.5--5.6]",8.1,"[7.8--8.5]",8.6,"[7.6--9.8]",55
"Mammalia","Vormela peregusna","All",1,"A",5.7,"[5.5--5.8]",5.5,"[4.8--6.1]",8,"[7.9--8.1]",8.4,"[7.9--8.9]",121
"Mammalia","Vulpes corsac","Male",1,"A",8.6,"[8.5--8.7]",8.7,"[8.1--9.4]",12,"[11.9--12.3]",12.4,"[11.8--13.2]",167
"Mammalia","Vulpes corsac","Female",1,"A",9,"[8.9--9.1]",8.9,"[8.1--9.6]",12.3,"[12.2--12.3]",13.3,"[12.4--14.4]",170
"Mammalia","Vulpes corsac","All",0.9,"A",8.7,"[8.7--8.8]",8.8,"[8.3--9.3]",12.2,"[12.2--12.3]",12.6,"[12.2--13.2]",348
"Mammalia","Vulpes lagopus","Male",0.9,"A",8.3,"[8.2--8.3]",7.7,"[7.1--8.3]",12.9,"[12.9--13]",13.8,"[12.8--15]",475
"Mammalia","Vulpes lagopus","Female",1,"A",8.5,"[8.4--8.6]",8.2,"[7.6--8.8]",13.5,"[13.4--13.5]",13.6,"[12.9--14.5]",487
"Mammalia","Vulpes lagopus","All",0.9,"A",8.2,"[8.2--8.3]",7.9,"[7.5--8.3]",12.6,"[12.6--12.7]",12.8,"[12.4--13.3]",981
"Mammalia","Vulpes macrotis","All",1,"A",12.4,"[12.3--12.6]",11.9,"[10.7--12.8]",14.4,"[14.1--14.5]",14.2,"[13.7--14.9]",45
"Mammalia","Vulpes rueppellii","Male",1,"A",11.8,"[10.4--12.9]",11.3,"[8.9--13.1]",14.8,"[14.5--15.1]",15.2,"[14.2--16.5]",42
"Mammalia","Vulpes rueppellii","Female",1,"A",12.1,"[12--12.1]",11.9,"[9.8--13.4]",14.9,"[14.1--15.2]",15.1,"[13.9--16.8]",31
"Mammalia","Vulpes rueppellii","All",1,"A",12.4,"[12.1--12.9]",11.9,"[10.5--13.2]",15.4,"[15.1--15.5]",15.6,"[14.7--16.7]",74
"Mammalia","Vulpes velox","Female",1,"A",11.9,"[11.6--12]",11.2,"[10.5--11.9]",15.6,"[15.4--15.8]",15.4,"[14.3--17.1]",155
"Mammalia","Vulpes velox","All",1,"A",11.9,"[11.7--12]",11.4,"[10.8--11.9]",16.4,"[16.3--17]",15.7,"[14.8--16.8]",302
"Mammalia","Vulpes vulpes","Male",0.9,"A",11.1,"[11.1--11.2]",11,"[10.3--11.6]",16,"[15.8--16.2]",16.3,"[15.2--17.6]",337
"Mammalia","Vulpes vulpes","Female",0.9,"A",10.8,"[10.8--10.9]",10.7,"[10--11.4]",13,"[12.9--13]",13.3,"[12.9--13.8]",325
"Mammalia","Vulpes vulpes","All",0.9,"A",11.3,"[11.2--11.3]",10.9,"[10.4--11.4]",18,"[17.9--18.3]",17.7,"[16.6--19.1]",724
"Mammalia","Vulpes zerda","Male",0.8,"A",11,"[10.9--11.1]",10.8,"[10.5--11.2]",13.9,"[13.8--13.9]",14.1,"[13.8--14.4]",622
"Mammalia","Vulpes zerda","Female",0.8,"A",10.8,"[10.8--10.9]",10.5,"[10.2--10.8]",13.6,"[13.6--13.7]",14.6,"[14.1--15.2]",581
"Mammalia","Wallabia bicolor","Male",0.4,"A",5.8,"[5.7--5.9]",5.7,"[5.1--6.3]",14.6,"[14.5--14.6]",15.5,"[13.9--18]",607
"Mammalia","Wallabia bicolor","Female",0.8,"A",8.7,"[8.6--8.8]",8.7,"[8--9.6]",15.3,"[15.2--15.3]",16,"[15.1--17.1]",530
"Mammalia","Wallabia bicolor","All",0.5,"A",6.8,"[6.8--6.9]",6.7,"[6.1--7.2]",15.1,"[14.9--15.2]",15.4,"[14.7--16.3]",1226
"Mammalia","Xerus inauris","Male",1,"A",5,"[4.9--5.1]",5.1,"[4.2--5.9]",8.8,"[8.7--8.9]",9.3,"[8.5--12.1]",117
"Mammalia","Xerus inauris","Female",1,"A",5.1,"[4.9--5.3]",5.3,"[4.3--6.5]",14.9,"[11.1--15.5]",12.8,"[9.9--17.4]",100
"Mammalia","Xerus inauris","All",1,"A",4.9,"[4.8--4.9]",5.1,"[4.5--5.7]",8.7,"[8.4--8.9]",8.8,"[8.2--9.9]",233
"Mammalia","Zalophus californianus","Male",3,"A",20.8,"[20.6--21]",20.8,"[19.6--22.1]",29.5,"[29.3--29.6]",29.3,"[28.5--30.3]",589
"Mammalia","Zalophus californianus","Female",4,"A",22.9,"[22.9--23]",22.7,"[21.8--23.6]",30.1,"[30.1--30.2]",30.4,"[29.6--31.2]",714
"Mammalia","Zalophus californianus","All",3.1,"A",22,"[22--22.1]",21.8,"[21.1--22.5]",30,"[30--30.1]",30,"[29.4--30.6]",1338
"Aves","Acanthis flammea","All",1,"A",3.1,"[3.1--3.3]",2.9,"[2.4--3.4]",5.1,"[5.1--5.5]",5.1,"[4.6--5.9]",63
"Aves","Acridotheres melanopterus","All",0.2,"A",8,"[7.8--8.1]",8.3,"[7.3--9.6]",16.5,"[16.1--16.6]",18.1,"[15.6--21.4]",539
"Aves","Acryllium vulturinum","Male",1.3,"A",5.7,"[5.6--5.7]",5.8,"[5.3--6.3]",13.4,"[13.3--13.5]",13.6,"[12.7--14.5]",530
"Aves","Acryllium vulturinum","Female",1,"A",3.9,"[3.9--4]",4,"[3.7--4.3]",10.5,"[10.4--10.6]",10.6,"[9.8--11.4]",609
"Aves","Acryllium vulturinum","All",1,"A",4.5,"[4.5--4.6]",4.4,"[4.2--4.7]",12,"[11.9--12]",12.2,"[11.6--12.8]",1524
"Aves","Aegolius funereus","Male",1.9,"A",7.9,"[7.8--8]",7.7,"[6.6--8.7]",13.3,"[13.2--13.5]",13.2,"[11.6--15.5]",90
"Aves","Aegolius funereus","All",0.9,"A",7,"[6.9--7]",7.3,"[6.5--8.1]",13,"[12.9--13]",12.3,"[11.5--13.4]",214
"Aves","Afropavo congensis","Male",1.9,"A",9.3,"[9.2--9.4]",8.6,"[7.8--9.5]",17,"[16.9--17.2]",17.2,"[15.9--18.8]",239
"Aves","Afropavo congensis","Female",1.2,"A",6.3,"[6.2--6.6]",6.1,"[5.5--6.9]",14.2,"[14.2--14.3]",14.3,"[13.2--15.5]",247
"Aves","Afropavo congensis","All",1.2,"A",7.3,"[7.3--7.4]",7.1,"[6.5--7.7]",15.7,"[15.6--15.8]",15.5,"[14.7--16.6]",508
"Aves","Agapornis nigrigenis","Male",0.6,"A",5.6,"[5.6--5.7]",5.6,"[5--6.2]",12.7,"[12.5--12.9]",12.7,"[11.9--13.4]",757
"Aves","Agapornis nigrigenis","Female",0.5,"A",5.7,"[5.6--5.7]",5.8,"[5.3--6.3]",13.1,"[13--13.2]",12.6,"[11.2--14.6]",724
"Aves","Agapornis nigrigenis","All",0.2,"A",5.2,"[5.1--5.2]",5.2,"[4.9--5.5]",11.5,"[11.5--11.6]",11.3,"[10.8--11.9]",2945
"Aves","Agapornis personatus","Male",0.9,"A",5.9,"[5.9--6]",5.7,"[4.8--6.8]",9.8,"[9.7--9.9]",10.3,"[9.6--11.7]",143
"Aves","Agapornis personatus","Female",1.1,"A",5.8,"[5.3--5.9]",5.4,"[4.5--6.3]",11.2,"[11.1--11.2]",11.7,"[10.1--14.1]",130
"Aves","Agapornis personatus","All",0.9,"A",5.8,"[5.7--5.8]",5.5,"[5.1--6]",11.9,"[11.8--11.9]",12.4,"[11.4--13.4]",839
"Aves","Agapornis roseicollis","Male",0.7,"A",6.6,"[6.6--6.7]",7.3,"[6.6--8.2]",15.1,"[14.7--15.2]",14.7,"[13--17.4]",273
"Aves","Agapornis taranta","Female",1,"A",8.2,"[7.8--9.2]",7.7,"[6.1--9.3]",14.6,"[14.4--15.1]",14.4,"[12--18.2]",61
"Aves","Agapornis taranta","All",1.1,"A",9.1,"[8.2--9.4]",8.1,"[6.9--9.5]",15.3,"[15.1--15.5]",16,"[13.6--19.9]",139
"Aves","Aix sponsa","Male",3.9,"A",9.4,"[9.4--9.5]",9.3,"[9--9.6]",18.8,"[18.7--18.8]",18.6,"[17.6--19.8]",2124
"Aves","Aix sponsa","Female",3.5,"A",8.7,"[8.7--8.8]",8.9,"[8.5--9.3]",24.2,"[24.2--24.3]",22.3,"[20.7--24.5]",1791
"Aves","Alectoris chukar","Male",0.9,"A",3.6,"[3.6--3.7]",3.6,"[3--4.4]",8.2,"[7.9--8.3]",8.2,"[7.3--9.3]",108
"Aves","Alectoris chukar","Female",0.7,"A",2.3,"[2.2--2.4]",2.7,"[2.3--3]",7.1,"[7.1--7.2]",7.3,"[6.3--8.4]",162
"Aves","Alectoris chukar","All",0.9,"A",2.9,"[2.9--3]",3,"[2.7--3.3]",7.3,"[7.2--7.3]",7.3,"[6.8--7.9]",403
"Aves","Alectoris graeca","Male",1,"A",4.7,"[4.5--4.9]",4.4,"[3.6--5.3]",8.3,"[8.1--8.4]",9.5,"[7.8--12.6]",89
"Aves","Alectoris graeca","Female",0.9,"A",2.9,"[2.9--3]",2.9,"[2.4--3.6]",7.2,"[6.9--7.3]",7.4,"[6.1--9.3]",91
"Aves","Alectoris rufa","Male",1,"A",3.9,"[3.3--4.3]",3.9,"[2.8--5.5]",9.2,"[9--9.7]",9.3,"[7.2--12.5]",30
"Aves","Alectoris rufa","Female",1,"A",2.7,"[1.9--3]",2.7,"[2.1--3.5]",6.5,"[5.7--7.2]",7,"[5.2--9.4]",38
"Aves","Alectoris rufa","All",1,"A",3.3,"[3.3--3.4]",3.4,"[2.9--4]",8.2,"[7.4--8.8]",8.3,"[7.1--9.5]",117
"Aves","Alectura lathami","Male",1.1,"A",11.6,"[11.3--11.7]",11.3,"[8.6--14.4]",23.2,"[22.1--24.3]",24.8,"[21.9--29.4]",88
"Aves","Alectura lathami","Female",1.1,"A",7.9,"[7.7--8.2]",7.5,"[5.7--9.5]",19.8,"[19.7--20.4]",18.9,"[15.1--25]",76
"Aves","Alectura lathami","All",1.1,"A",9.5,"[9.2--9.6]",9.1,"[7.5--11.2]",22,"[22--22.1]",23.1,"[20.3--26.7]",184
"Aves","Alisterus scapularis","Male",1,"A",12.3,"[12--12.6]",11.9,"[9.4--14.8]",22.2,"[22--22.3]",23,"[20.9--26.2]",131
"Aves","Alisterus scapularis","All",1,"A",7.8,"[7.7--7.8]",8.8,"[7.5--10.3]",22.2,"[22--22.3]",22,"[20.1--25.1]",252
"Aves","Alopecoenas jobiensis","Male",1.2,"A",6.9,"[6.8--7.5]",7.6,"[6.4--8.9]",13.9,"[13.3--14.1]",15,"[12.8--18.7]",78
"Aves","Alopecoenas jobiensis","Female",1.2,"A",4.8,"[4.7--4.8]",5.2,"[4.3--6.4]",11.2,"[10.7--12.3]",13.5,"[10.7--17.5]",77
"Aves","Alopecoenas jobiensis","All",1.2,"A",6.9,"[6.8--7.5]",7.5,"[6.7--8.2]",14.8,"[14.7--15.1]",15,"[13.4--17]",348
"Aves","Alopecoenas xanthonurus","Male",0,"A",10.3,"[10.2--10.4]",9.6,"[6.8--12.1]",14.7,"[14.5--14.8]",15.6,"[14.4--17.9]",79
"Aves","Alopecoenas xanthonurus","All",0,"A",4.4,"[4.3--4.8]",6.2,"[4.7--8.2]",15.1,"[14.7--15.6]",15.9,"[14.6--19.1]",198
"Aves","Alopochen aegyptiaca","Male",0.9,"A",9.4,"[9.4--9.5]",9.2,"[8.5--9.9]",19.7,"[19.6--20]",20.7,"[19--22.5]",658
"Aves","Alopochen aegyptiaca","Female",1.9,"A",9.7,"[9.7--9.8]",9.9,"[9.2--10.6]",18.9,"[18.7--19]",18.7,"[17.7--19.8]",637
"Aves","Alopochen aegyptiaca","All",1.2,"A",8.8,"[8.7--8.9]",8.7,"[8.3--9.2]",21.4,"[21.4--21.5]",23.1,"[21.6--24.7]",2160
"Aves","Amazilia amazilia","Male",1,"A",4.4,"[4.3--4.5]",4.2,"[3.4--5.1]",7.5,"[7.4--8.2]",7.9,"[6.7--9.6]",77
"Aves","Amazilia amazilia","All",1,"A",3.7,"[3.5--3.8]",3.5,"[3--4]",7,"[7--7.3]",7,"[6.3--8.5]",167
"Aves","Amazonetta brasiliensis","Male",0.9,"A",7.6,"[7.6--7.7]",7.6,"[7--8.2]",16.7,"[16.5--18]",16.2,"[14.6--18.1]",549
"Aves","Ampeliceps coronatus","Male",1,"A",6.5,"[6.4--6.7]",6.7,"[5.4--8.2]",13.2,"[13--13.5]",13.4,"[12.2--14.9]",112
"Aves","Ampeliceps coronatus","Female",1,"A",6.7,"[6.5--6.8]",7.2,"[5.9--8.8]",14.7,"[14.3--15]",14.9,"[13.2--18.8]",115
"Aves","Ampeliceps coronatus","All",0.9,"A",6.6,"[6.5--6.7]",6.9,"[6--7.9]",15.3,"[15--15.8]",17.6,"[15--21.5]",256
"Aves","Anas acuta","Male",0.9,"A",8.7,"[8.7--8.8]",8.8,"[8.3--9.2]",17.9,"[17.8--18]",17.9,"[17--19.1]",1429
"Aves","Anas acuta","Female",0.9,"A",7,"[6.9--7]",7,"[6.7--7.4]",17.5,"[17.5--17.6]",17.8,"[16.6--19.1]",1512
"Aves","Anas acuta","All",0.9,"A",7.7,"[7.6--7.7]",7.7,"[7.4--8]",17.7,"[17.6--17.7]",18.1,"[17.3--18.9]",3116
"Aves","Anas bahamensis","Male",1.1,"A",9.5,"[9.4--9.5]",9.5,"[8.9--10.1]",23.4,"[23.3--24.3]",21.6,"[19.9--23.8]",868
"Aves","Anas bahamensis","All",0.9,"A",8.5,"[8.5--8.6]",8.4,"[8.1--8.9]",21.1,"[21--21.1]",20.6,"[19.4--21.9]",2116
"Aves","Anas bernieri","Male",0.8,"A",10.2,"[9.9--10.3]",9.5,"[8.3--10.6]",17.4,"[17.3--17.4]",17.1,"[16.2--18.3]",359
"Aves","Anas bernieri","Female",0.8,"A",7.9,"[7.9--8]",7.6,"[6.7--8.6]",16.5,"[16.5--16.6]",16.2,"[15.4--17]",442
"Aves","Anas bernieri","All",0.8,"A",8.3,"[8.2--8.3]",8.1,"[7.4--8.8]",16.7,"[16.6--16.7]",16.5,"[15.9--17.1]",867
"Aves","Anas capensis","Male",1.2,"A",9.1,"[9.1--9.2]",8.8,"[8.1--9.5]",16.8,"[16.5--17]",17.4,"[16.5--18.6]",547
"Aves","Anas capensis","Female",1.1,"A",7.7,"[7.6--7.8]",7.5,"[6.9--8.2]",16.2,"[16.1--16.2]",16.7,"[15.4--18.1]",562
"Aves","Anas capensis","All",1,"A",8,"[7.9--8]",7.8,"[7.4--8.3]",16.2,"[16.1--16.3]",16.6,"[15.7--17.5]",1324
"Aves","Anas castanea","Male",0.9,"A",8.5,"[8.5--8.6]",8.9,"[8.1--9.8]",19.5,"[19.3--19.6]",19.8,"[18--22.1]",573
"Aves","Anas castanea","Female",1,"A",7.5,"[7.4--7.5]",7.6,"[6.9--8.3]",18.2,"[17.9--18.4]",18.8,"[17--21.3]",588
"Aves","Anas castanea","All",0.7,"A",7.7,"[7.7--7.8]",7.9,"[7.4--8.4]",19.5,"[19.3--19.6]",20.2,"[18.8--22]",1440
"Aves","Anas crecca","Male",0.9,"A",7.1,"[7--7.2]",6.8,"[6.2--7.4]",15.9,"[15.8--16]",17.5,"[15.7--20]",612
"Aves","Anas crecca","Female",0.9,"A",6.7,"[6.6--6.7]",6.6,"[6--7.2]",15.1,"[15.1--15.4]",16.3,"[14.8--18.3]",621
"Aves","Anas crecca","All",0.9,"A",6.7,"[6.6--6.7]",6.6,"[6.2--7]",15.4,"[15.4--15.5]",16.6,"[15.4--18.3]",1301
"Aves","Anas erythrorhyncha","Male",2.1,"A",7.6,"[7.5--7.6]",7.9,"[7.2--8.7]",14.6,"[14.6--14.7]",14.4,"[13--16.1]",180
"Aves","Anas erythrorhyncha","Female",2.4,"A",9,"[8.8--9.2]",9.1,"[8.1--10.2]",15.2,"[14.9--15.5]",15.3,"[14.3--16.4]",183
"Aves","Anas erythrorhyncha","All",1.1,"A",7.5,"[7.5--7.6]",7.8,"[7.2--8.4]",14.5,"[14.4--14.5]",14.1,"[13.4--14.9]",444
"Aves","Anas flavirostris","Male",0.6,"A",9.6,"[9.5--9.7]",9.3,"[8--10.5]",16.9,"[16.8--17.2]",17.3,"[16.1--19.4]",322
"Aves","Anas flavirostris","Female",0.6,"A",7.1,"[7--7.3]",7.1,"[6--8.1]",14.7,"[14.7--14.8]",16.4,"[14.3--19.8]",303
"Aves","Anas flavirostris","All",0.6,"A",7.9,"[7.9--8]",7.8,"[7.1--8.6]",14.6,"[14.6--14.7]",14.8,"[14.3--15.6]",766
"Aves","Anas georgica","Female",0.9,"A",6.7,"[6.7--6.8]",6.8,"[6.1--7.8]",16.8,"[16.4--16.9]",15.8,"[13.7--18.7]",241
"Aves","Anas georgica","All",0.9,"A",8,"[8--8.1]",8.5,"[7.7--9.3]",17.6,"[17.1--18.5]",20,"[17.6--23.3]",548
"Aves","Anas laysanensis","Male",1,"A",7.9,"[7.8--7.9]",7.4,"[6.8--8]",15.3,"[15.2--15.3]",16.1,"[14.8--18]",684
"Aves","Anas laysanensis","Female",0.9,"A",6.1,"[6--6.1]",5.8,"[5.3--6.2]",13,"[12.9--13.1]",13.9,"[12.7--15.3]",775
"Aves","Anas laysanensis","All",0.9,"A",6.6,"[6.5--6.7]",6.3,"[5.9--6.6]",14.9,"[14.9--15]",15.2,"[14.2--16.4]",1651
"Aves","Anas luzonica","Male",1.2,"A",8.2,"[8.2--8.3]",7.9,"[7.2--8.8]",15.5,"[15.4--15.5]",15.9,"[14.4--17.9]",293
"Aves","Anas luzonica","Female",1.1,"A",6.7,"[6.6--6.7]",7,"[6.2--7.8]",14.8,"[14.8--14.9]",15.4,"[13.6--18]",294
"Aves","Anas luzonica","All",1,"A",7.3,"[7.2--7.4]",7.3,"[6.8--7.8]",15.7,"[15.5--15.8]",16.3,"[15--17.9]",694
"Aves","Anas melleri","Male",0.9,"A",5.7,"[5.5--5.8]",5.9,"[5.2--6.8]",13.6,"[13.2--13.8]",13.3,"[12.6--13.9]",303
"Aves","Anas melleri","Female",0.8,"A",5.6,"[5.6--5.7]",5.5,"[4.9--6.3]",12.1,"[11.9--12.2]",12,"[11.3--12.8]",341
"Aves","Anas melleri","All",0.8,"A",4.9,"[4.8--4.9]",5.1,"[4.6--5.6]",11.5,"[11.4--11.6]",11.5,"[11.1--12]",698
"Aves","Anas platyrhynchos","Male",0.7,"A",8.7,"[8.7--8.8]",8.6,"[8.1--9.2]",19.9,"[19.5--20]",19.6,"[18--21.7]",1417
"Aves","Anas platyrhynchos","Female",0.7,"A",6.6,"[6.5--6.6]",6.4,"[6.1--6.8]",20.5,"[20.1--20.8]",19.5,"[18.3--20.9]",1864
"Aves","Anas platyrhynchos","All",0.6,"A",6.8,"[6.8--6.9]",6.8,"[6.5--7.1]",13.7,"[13.7--13.8]",13.9,"[13.4--14.4]",4237
"Aves","Anas poecilorhyncha","Male",1.4,"A",7.7,"[7.6--7.8]",7.9,"[7.3--8.6]",15.2,"[15.2--15.4]",15.1,"[13.8--16.8]",306
"Aves","Anas poecilorhyncha","All",0.8,"A",6.8,"[6.7--6.9]",6.8,"[6.4--7.2]",15.4,"[15.3--15.4]",15.3,"[14.2--16.5]",956
"Aves","Anas rubripes","Male",0.9,"A",8.2,"[8--8.3]",8.8,"[7.5--10.2]",17,"[15.4--17.3]",16.9,"[15.4--18.9]",438
"Aves","Anas rubripes","Female",0.9,"A",9.9,"[9.6--10.2]",9.8,"[8.4--11.3]",15.9,"[14.9--16.5]",17.3,"[15.3--21.8]",376
"Aves","Anas rubripes","All",0.9,"A",9.1,"[9--9.4]",9.1,"[8.2--9.9]",16.6,"[16.5--16.9]",17.6,"[15.7--20.4]",837
"Aves","Anas sparsa","Male",4,"A",10.6,"[9.7--10.7]",10.1,"[8.7--11.8]",18,"[16.4--18.6]",19.1,"[15.5--25.3]",90
"Aves","Anas sparsa","Female",4,"A",10.9,"[10.6--11]",10.3,"[8.8--12.1]",16,"[15.2--18.9]",20,"[15.8--27.5]",74
"Aves","Anas sparsa","All",4,"A",10.8,"[10.7--10.9]",10.4,"[9.3--11.5]",18.9,"[18.8--18.9]",19.9,"[16.9--24.7]",176
"Aves","Anas superciliosa","Male",1.2,"A",8.3,"[8.2--8.8]",7.8,"[6.4--9.1]",14.7,"[14.6--14.7]",16,"[13.5--20]",90
"Aves","Anas superciliosa","Female",1.2,"A",8.9,"[8.8--9.9]",9,"[7.5--10.6]",15.5,"[15.5--15.7]",17.3,"[14.9--21.4]",97
"Aves","Anas superciliosa","All",1.2,"A",8.5,"[8.4--8.8]",8.1,"[7.1--9.1]",15.4,"[14.7--15.7]",16.8,"[14.9--19.4]",232
"Aves","Anas undulata","Male",0.7,"A",7.8,"[7.8--7.9]",7.4,"[6.7--8.2]",18.3,"[18--18.4]",18.4,"[16.3--21]",479
"Aves","Anas undulata","Female",0.9,"A",6.5,"[6.4--6.6]",6.4,"[5.8--7.1]",15.3,"[15.3--15.4]",15.9,"[14.1--17.9]",442
"Aves","Anas undulata","All",0.8,"A",6.6,"[6.6--6.7]",6.6,"[6.2--7.1]",18.1,"[18--18.2]",17.2,"[15.8--18.7]",1039
"Aves","Anastomus lamelligerus","All",1.6,"A",12.4,"[12.4--12.5]",11.8,"[9.3--14.8]",25.4,"[25.4--25.5]",29.7,"[23.7--41]",126
"Aves","Anser anser","Male",0.9,"A",12.5,"[12.4--12.6]",12.4,"[11.3--13.6]",26.5,"[26.3--27.3]",26.7,"[23.8--30.4]",512
"Aves","Anser anser","Female",1,"A",11,"[11--11.1]",10.8,"[10--11.7]",23.7,"[23.4--24.2]",22.7,"[20.7--25.3]",597
"Aves","Anser anser","All",0.9,"A",11.5,"[11.5--11.6]",11.5,"[10.9--12.1]",26.1,"[25.5--26.3]",25.7,"[23.9--27.8]",1776
"Aves","Anser caerulescens","Male",2.7,"A",11.9,"[11.8--12.1]",11.9,"[10.9--12.9]",23.5,"[23.4--24]",24.3,"[22.2--27.2]",361
"Aves","Anser caerulescens","Female",1.9,"A",10.4,"[10.3--10.5]",10.6,"[9.6--11.6]",22.5,"[22.3--22.5]",22.2,"[20.4--24.6]",430
"Aves","Anser caerulescens","All",2,"A",10.4,"[10.4--10.5]",10.5,"[9.9--11.2]",23.7,"[23.4--23.8]",23.9,"[22.4--25.7]",1063
"Aves","Anser canagicus","Male",2.4,"A",13.3,"[13.3--13.5]",13.1,"[11.9--14.2]",21.2,"[21--22.9]",21.5,"[20.3--22.9]",295
"Aves","Anser canagicus","Female",2,"A",11.9,"[11.9--12]",11.9,"[10.9--12.9]",19.8,"[19.7--19.8]",20.5,"[19.3--22]",299
"Aves","Anser canagicus","All",1.3,"A",12.2,"[12.1--12.2]",12.1,"[11.3--12.9]",22.4,"[22.3--22.6]",21.5,"[20.6--22.6]",715
"Aves","Anser cygnoid","Male",1,"A",13.5,"[13.5--13.6]",13.4,"[12.5--14.5]",26.3,"[26--26.8]",27.3,"[24.9--30]",516
"Aves","Anser cygnoid","Female",1.4,"A",14.1,"[13.9--14.2]",14,"[13.1--15.1]",25.3,"[25.2--26.1]",25.9,"[23.7--28.5]",494
"Aves","Anser cygnoid","All",1.1,"A",13.1,"[13--13.2]",13.1,"[12.5--13.7]",28.1,"[27.2--28.2]",27.3,"[25.5--29.5]",1272
"Aves","Anser erythropus","Male",2,"A",12.1,"[12--12.2]",12,"[10.9--13]",22.2,"[21.8--23.8]",21.8,"[19.8--24.4]",318
"Aves","Anser erythropus","Female",2,"A",11.3,"[11.3--11.4]",10.9,"[9.8--12.2]",24.5,"[21.8--25]",23.7,"[20.6--28.1]",282
"Aves","Anser erythropus","All",2,"A",11.6,"[11.6--11.7]",11.5,"[10.7--12.3]",23.2,"[22.2--23.8]",22.5,"[20.8--24.8]",641
"Aves","Anser fabalis","All",3,"A",15.1,"[14.7--15.7]",15.5,"[13.8--17.3]",20.9,"[20.8--21.1]",21,"[19.6--23]",82
"Aves","Anser indicus","Male",1,"A",14.4,"[14.4--14.5]",14.3,"[13.6--15.2]",25.1,"[25.1--25.2]",26,"[24.5--27.8]",829
"Aves","Anser indicus","Female",2.7,"A",14.9,"[14.8--14.9]",14.6,"[13.8--15.5]",27.9,"[27.9--28.1]",28.3,"[26.3--30.7]",789
"Aves","Anser indicus","All",1,"A",13.5,"[13.4--13.5]",13.2,"[12.7--13.7]",27.2,"[27--27.3]",28,"[26.5--29.6]",2662
"Aves","Anser rossii","Male",1,"A",10.7,"[9.7--11.1]",10.5,"[9.3--11.9]",22.5,"[22.2--22.7]",22.8,"[20.1--26.3]",247
"Aves","Anser rossii","Female",2.7,"A",12.7,"[12.5--12.9]",12.1,"[10.5--13.6]",19,"[19--19.1]",20.3,"[18.8--22.5]",182
"Aves","Anser rossii","All",1,"A",11.2,"[11.1--11.3]",10.6,"[9.8--11.5]",21.2,"[21.1--21.4]",21.8,"[20.1--23.9]",528
"Aves","Anseranas semipalmata","Female",2.9,"A",16,"[15.8--16.4]",14.7,"[12.9--16.6]",28.4,"[28.1--28.6]",32.3,"[27.6--39.4]",248
"Aves","Anseranas semipalmata","All",2.2,"A",14.4,"[14.4--14.5]",14.4,"[12.9--16.1]",27.2,"[27.1--27.4]",26.9,"[25.5--28.8]",493
"Aves","Anthochaera phrygia","Male",1,"A",6.1,"[5.9--6.2]",7,"[6--8.3]",15.9,"[14.7--17]",16,"[13--20.2]",255
"Aves","Anthochaera phrygia","Female",0.8,"A",7.8,"[7.7--7.9]",7.3,"[6.2--8.7]",13.4,"[13--13.6]",14.4,"[11.8--19.5]",302
"Aves","Anthochaera phrygia","All",0.8,"A",6.8,"[6.5--6.9]",7.1,"[6.4--8]",15.1,"[14.9--15.4]",15.4,"[13.5--18.4]",602
"Aves","Anthropoides paradiseus","Male",4,"A",17.9,"[17.8--17.9]",18.2,"[15.7--20.8]",37.1,"[36.7--37.3]",40.5,"[34--51]",196
"Aves","Anthropoides paradiseus","Female",4.1,"A",19.2,"[18.6--19.5]",19.5,"[17--22.3]",38.4,"[38.3--38.4]",43.9,"[36.9--55.6]",220
"Aves","Anthropoides paradiseus","All",3.9,"A",18.6,"[18.5--18.9]",19.2,"[17.3--21.2]",38.4,"[38.3--38.4]",44.7,"[39--53.7]",440
"Aves","Anthropoides virgo","Male",3,"A",14.7,"[14.5--14.8]",14.7,"[13.1--16.5]",35.5,"[35.3--35.8]",35.7,"[31.7--41.3]",376
"Aves","Anthropoides virgo","Female",2.4,"A",14.4,"[14.3--14.5]",13.3,"[11.8--15]",37.5,"[37.3--37.9]",36.1,"[31.9--42.1]",396
"Aves","Anthropoides virgo","All",2.3,"A",13.3,"[13.2--13.3]",13.3,"[12.3--14.3]",37.3,"[37.3--37.6]",35.6,"[32.9--38.5]",910
"Aves","Aplonis metallica","Male",0.8,"A",9.4,"[9.4--9.5]",9.1,"[8.2--10.1]",17.2,"[17.1--18.2]",18.8,"[16.7--21.7]",411
"Aves","Aplonis metallica","Female",0.8,"A",8.7,"[8.6--8.7]",8.5,"[7.6--9.4]",15.6,"[15.5--16]",17.7,"[15.8--20.6]",399
"Aves","Aplonis metallica","All",0.8,"A",8.6,"[8.5--8.7]",8.4,"[7.8--9.1]",17.1,"[17.1--17.2]",17.9,"[16.6--19.6]",880
"Aves","Aplonis panayensis","Female",1.1,"A",6.5,"[6.4--6.6]",6.7,"[5.8--7.8]",14.3,"[13.6--14.5]",14.2,"[11.9--17.4]",138
"Aves","Aplonis panayensis","All",1.1,"A",7.4,"[7.3--7.4]",7.2,"[6.7--7.9]",14.9,"[14.5--15.1]",15.1,"[13.5--17.1]",465
"Aves","Aprosmictus erythropterus","Female",2,"A",11.4,"[11.2--11.5]",10.6,"[7.8--14]",20.1,"[19.4--20.6]",21.1,"[18.2--29.2]",65
"Aves","Aprosmictus erythropterus","All",2,"A",13.1,"[12.9--13.3]",12.1,"[10.1--14.3]",21.2,"[20.6--21.4]",25.5,"[21--34]",135
"Aves","Aptenodytes patagonicus","Male",3,"A",25.7,"[25.6--25.8]",25.3,"[24--26.7]",36.2,"[36.1--36.2]",38.7,"[35.7--43.4]",582
"Aves","Aptenodytes patagonicus","Female",2.9,"A",24.2,"[24.1--24.4]",23.9,"[22.3--25.6]",35.5,"[35.3--35.9]",37.4,"[34.8--40.7]",485
"Aves","Aptenodytes patagonicus","All",2.9,"A",24.9,"[24.8--25.1]",24.6,"[23.6--25.7]",36.1,"[36.1--36.2]",36.9,"[35.3--39]",1136
"Aves","Apteryx mantelli","Male",2.8,"A",10.4,"[10.4--10.5]",10.4,"[9--12.1]",14.4,"[14.3--14.5]",15.3,"[13.9--17.8]",114
"Aves","Apteryx mantelli","All",2.8,"A",12.1,"[12--12.1]",11.3,"[10--12.8]",21.6,"[21.5--21.7]",23.8,"[20.1--30.2]",241
"Aves","Ara rubrogenys","Female",3.4,"A",24.3,"[24--24.4]",23,"[20.3--25.6]",31.3,"[31.1--31.4]",33,"[30.3--37.9]",174
"Aves","Aramides cajaneus","Male",1.1,"A",9.2,"[9.1--10.5]",9.6,"[7.5--12.2]",20.4,"[18.9--21.8]",21.8,"[17.6--29.4]",56
"Aves","Aramides cajaneus","Female",1.1,"A",8.4,"[7.4--8.5]",7.4,"[5.7--9.4]",16.3,"[16.1--16.9]",16.6,"[14.5--19]",66
"Aves","Aramides cajaneus","All",1.1,"A",7.3,"[7.2--7.4]",7.1,"[6.1--8.3]",18.4,"[18.1--18.5]",19.5,"[16.9--22.6]",203
"Aves","Aratinga nenday","Male",1.4,"A",20.4,"[19.6--21]",18.2,"[13.7--22.2]",26.8,"[25.9--28.3]",30.7,"[26.7--41.8]",66
"Aves","Aratinga nenday","Female",1.9,"A",13,"[12.6--13.7]",14,"[11.6--16.4]",20.3,"[20.1--21.5]",21.1,"[19.1--24.2]",68
"Aves","Aratinga nenday","All",1.7,"A",15.7,"[15.5--15.8]",14.8,"[13.4--16.4]",27.4,"[25.1--28.3]",29.2,"[25.9--34.3]",372
"Aves","Aratinga solstitialis","Male",0.9,"A",9.1,"[9.1--9.2]",9.1,"[8.5--9.6]",23.6,"[23.3--24.9]",23.1,"[21.1--25.6]",1240
"Aves","Aratinga solstitialis","Female",0.9,"A",8.5,"[8.4--8.5]",8.7,"[8.1--9.3]",21.1,"[20.6--21.3]",21.3,"[19.6--23.2]",1111
"Aves","Arborophila gingica","Female",0.8,"A",4.4,"[4.3--4.7]",4.2,"[3.2--5.4]",10.3,"[10.1--10.8]",11.1,"[8.6--14.6]",68
"Aves","Arborophila gingica","All",0.8,"A",5.2,"[5--5.3]",5.3,"[4.4--6.5]",14,"[12.3--15.2]",14,"[11.7--17.4]",153
"Aves","Ardea alba","All",1.9,"A",9.6,"[9.2--10]",9.2,"[7.3--11.3]",16.6,"[16.5--17.3]",17.8,"[15--21.9]",44
"Aves","Ardea cinerea","All",2,"A",13,"[12.1--14]",13.3,"[9.4--18.4]",27.1,"[25.8--27.6]",28.2,"[24.5--36.1]",54
"Aves","Ardea purpurea","All",2,"A",11,"[8.6--11.8]",10.2,"[7.5--13.5]",19,"[17.8--19.3]",22.1,"[16.3--33]",34
"Aves","Ardeotis kori","Male",4.3,"A",11.5,"[11.1--12]",11.3,"[9.8--13]",18.3,"[17.1--19.4]",18.3,"[16.1--21.4]",52
"Aves","Ardeotis kori","Female",5.3,"A",11.8,"[11.2--12.4]",12.9,"[10.5--16]",21.3,"[20.9--21.6]",21.8,"[19.8--25.8]",52
"Aves","Ardeotis kori","All",4.8,"A",11.5,"[11.2--12]",12,"[10.6--13.3]",20.7,"[20.7--20.8]",20.9,"[18.6--23.5]",107
"Aves","Argusianus argus","Male",1.9,"A",11.6,"[11.3--11.9]",11.2,"[9.9--12.5]",23.9,"[23.8--24.1]",25.5,"[21.6--30.5]",248
"Aves","Argusianus argus","Female",2.1,"A",11.8,"[11.6--12.1]",12,"[10.7--13.3]",22.7,"[22.4--22.9]",24.2,"[21.6--28.2]",268
"Aves","Argusianus argus","All",1.9,"A",11.9,"[11.8--11.9]",11.7,"[10.8--12.7]",24.4,"[24.3--24.9]",26,"[23.4--29.2]",558
"Aves","Artamus leucorhynchus","All",0.9,"A",10,"[9.7--10.1]",9,"[7.7--10.5]",20.7,"[20.6--20.8]",21.7,"[17.6--28]",246
"Aves","Artamus superciliosus","Male",1.8,"A",9.1,"[9--9.3]",8.7,"[7.3--10.3]",20.3,"[19.8--20.6]",20.7,"[16.6--27.6]",121
"Aves","Artamus superciliosus","Female",1.8,"A",8.9,"[8.8--9]",7.9,"[6.6--9.4]",15.6,"[14.9--15.8]",18.9,"[14.8--24.9]",119
"Aves","Artamus superciliosus","All",0.9,"A",6.5,"[6.2--6.7]",6.3,"[5.4--7.3]",17,"[16.7--17]",18.9,"[16--23]",338
"Aves","Asarcornis scutulata","Male",1.9,"A",8.9,"[8.8--9]",8.7,"[8--9.3]",13.1,"[13.1--13.2]",13.3,"[12.6--14.1]",276
"Aves","Asarcornis scutulata","Female",1,"A",8.7,"[8.6--8.8]",8.3,"[7.7--9.1]",15.7,"[15.7--16.2]",17.4,"[15.7--19.3]",403
"Aves","Asarcornis scutulata","All",1.1,"A",8.4,"[8.3--8.5]",8.5,"[7.9--9]",13.3,"[13.2--13.3]",13.3,"[12.9--13.7]",726
"Aves","Asio otus","Male",1.2,"A",10.4,"[10.2--11.1]",9.9,"[7.8--12.3]",20.3,"[19.4--21.1]",20.6,"[16.6--26.6]",68
"Aves","Asio otus","All",1.6,"A",11,"[10.9--11.1]",10.8,"[9.4--12.4]",20.5,"[20.3--21.1]",21.4,"[18.5--25.3]",176
"Aves","Athene cunicularia","Male",0.9,"A",9,"[8.9--9.1]",8.7,"[8.2--9.2]",13.7,"[13.6--13.8]",14.3,"[13.6--15.1]",619
"Aves","Athene cunicularia","Female",0.9,"A",8.1,"[8--8.1]",7.9,"[7.4--8.5]",13.4,"[13.3--13.5]",14.3,"[13.4--15.3]",614
"Aves","Athene cunicularia","All",0.8,"A",8.2,"[8.1--8.2]",8.1,"[7.8--8.5]",13.6,"[13.6--13.7]",14.8,"[14.2--15.6]",1509
"Aves","Athene noctua","Male",1,"A",9.2,"[9.2--9.3]",8.9,"[7.9--9.9]",15.1,"[14.9--15.1]",16.4,"[15.1--18.1]",321
"Aves","Athene noctua","Female",1,"A",9.9,"[9.8--10.2]",9.8,"[8.9--10.9]",16.9,"[16.9--17]",16.6,"[15.3--18.5]",311
"Aves","Athene noctua","All",0.9,"A",9,"[9--9.1]",8.8,"[8--9.7]",16.5,"[16.4--16.5]",16.6,"[15.8--17.5]",828
"Aves","Aythya affinis","Female",1.1,"A",8.7,"[8.3--8.8]",8.4,"[7.3--9.5]",14.5,"[14.2--14.7]",16.1,"[14.2--19.1]",173
"Aves","Aythya affinis","All",1.1,"A",9.4,"[9.3--9.4]",9.5,"[8.3--10.7]",14.8,"[14.8--14.9]",14.8,"[14.5--15.3]",341
"Aves","Aythya americana","Male",0.9,"A",10.6,"[10.6--10.7]",10.3,"[9.6--10.9]",19.8,"[19.6--19.8]",19.7,"[18.7--21]",764
"Aves","Aythya americana","Female",1.1,"A",9.8,"[9.7--9.9]",9.3,"[8.6--10]",18.4,"[18.4--18.5]",18.9,"[18--20]",742
"Aves","Aythya americana","All",0.9,"A",10.1,"[10.1--10.2]",9.5,"[9.1--10]",19.4,"[19.4--19.5]",19.2,"[18.4--20]",1610
"Aves","Aythya australis","Female",1.7,"A",13.8,"[13.7--14]",12.4,"[10.6--14.1]",20.7,"[20.6--20.7]",23.5,"[20.3--28.6]",136
"Aves","Aythya australis","All",1.1,"A",12.5,"[12--12.6]",12.2,"[11--13.4]",20.4,"[19.8--20.6]",20.1,"[19--21.7]",366
"Aves","Aythya baeri","Male",1,"A",8.4,"[8.4--8.5]",8.5,"[7.6--9.3]",12.4,"[12.3--12.5]",12.5,"[12--13.1]",328
"Aves","Aythya baeri","Female",0.9,"A",7.9,"[7.9--8]",7.9,"[7.2--8.7]",15.3,"[15.2--15.5]",15.1,"[13.6--17]",340
"Aves","Aythya baeri","All",0.9,"A",8.3,"[8.2--8.4]",8,"[7.5--8.5]",12,"[11.9--12]",12.5,"[12--13.4]",720
"Aves","Aythya collaris","Male",1,"A",8.6,"[8.3--8.7]",7.7,"[6.4--9.1]",17.2,"[16.8--17.6]",16.9,"[15.5--18.6]",215
"Aves","Aythya collaris","Female",2.4,"A",8.5,"[8.2--8.8]",8.1,"[7.2--9.3]",18.8,"[17.3--19.4]",19.4,"[16.8--23]",169
"Aves","Aythya collaris","All",1.7,"A",8.7,"[8.6--8.8]",8.2,"[7.3--9.1]",17.9,"[17.7--18.1]",17.6,"[16.4--19.1]",381
"Aves","Aythya ferina","Male",1.2,"A",10.3,"[10.2--10.5]",10.6,"[9.6--11.6]",19.8,"[19.6--20.5]",20.8,"[19.2--23.1]",442
"Aves","Aythya ferina","Female",2,"A",10.7,"[10.6--10.7]",10.5,"[9.7--11.4]",18.8,"[18.7--18.9]",20.5,"[18.7--22.6]",348
"Aves","Aythya ferina","All",1,"A",9.2,"[9.1--9.3]",9.6,"[9.1--10.2]",20.2,"[20.1--20.5]",21,"[19.6--22.7]",986
"Aves","Aythya fuligula","Male",2,"A",11.7,"[11.7--11.8]",11.3,"[10.4--12.1]",17.9,"[17.8--18.3]",19,"[17.8--20.9]",503
"Aves","Aythya fuligula","Female",1.9,"A",11.6,"[11.5--11.6]",10.8,"[9.9--11.6]",18.2,"[18.2--18.3]",20,"[18.2--22.9]",486
"Aves","Aythya fuligula","All",1.9,"A",10.3,"[10.2--10.3]",10,"[9.4--10.5]",17.1,"[17--17.1]",18.4,"[17.4--19.9]",1159
"Aves","Aythya marila","Male",1,"A",8.7,"[8.3--8.8]",8.2,"[6.9--9.8]",18.9,"[18.8--19]",18.6,"[16.5--23.2]",201
"Aves","Aythya marila","Female",2.1,"A",9.8,"[9.7--10]",9.9,"[8.5--11.2]",17.6,"[17.5--17.6]",19.2,"[16.8--23.1]",189
"Aves","Aythya marila","All",1.5,"A",9.3,"[9.2--9.3]",9.1,"[8.1--10.1]",17.9,"[17.8--18.9]",18.2,"[17--19.9]",406
"Aves","Aythya novaeseelandiae","Male",1,"A",10.7,"[10.5--10.9]",10.4,"[9--11.7]",19.5,"[18.2--19.7]",21.7,"[18.4--26.8]",201
"Aves","Aythya novaeseelandiae","All",0.9,"A",9.7,"[9.6--9.8]",9.6,"[8.6--10.7]",19.5,"[18.2--19.7]",20.2,"[18.5--22.6]",414
"Aves","Aythya nyroca","Male",0.9,"A",10.7,"[10.7--10.8]",10.7,"[10.2--11.2]",17.3,"[17.3--17.5]",17.8,"[17--18.7]",900
"Aves","Aythya nyroca","Female",0.9,"A",8.5,"[8.5--8.6]",8.5,"[8.1--9]",16.7,"[16.7--16.8]",16.5,"[15.6--17.7]",901
"Aves","Aythya nyroca","All",0.9,"A",9.1,"[9.1--9.2]",9.2,"[8.9--9.6]",16.5,"[16.5--16.7]",15.8,"[15.4--16.3]",1994
"Aves","Aythya valisineria","Male",1.2,"A",10.9,"[10.8--10.9]",10.5,"[9.2--11.9]",20.7,"[19.8--20.8]",20.3,"[19.2--21.7]",360
"Aves","Aythya valisineria","Female",2.1,"A",11.2,"[11.1--11.3]",11.9,"[10.9--13]",20,"[19.8--20.2]",20.7,"[19.4--22.3]",327
"Aves","Aythya valisineria","All",1,"A",10.4,"[10.3--10.5]",10.4,"[9.5--11.2]",20.3,"[20.2--20.7]",20.3,"[19.4--21.3]",787
"Aves","Balearica pavonina","Male",4.9,"A",16.2,"[16.1--16.4]",15.7,"[13.7--17.8]",29.4,"[29.1--31.2]",30.4,"[26--36.6]",140
"Aves","Balearica pavonina","All",3.8,"A",16,"[15.6--16.2]",15.6,"[14--17.2]",31.1,"[30.7--31.2]",31.8,"[29--36.7]",362
"Aves","Balearica regulorum","Male",3.7,"A",16.1,"[16--16.2]",16,"[14.9--17.3]",33.6,"[33--34.2]",37.7,"[33.2--44.5]",684
"Aves","Balearica regulorum","Female",3,"A",15.7,"[15.6--15.8]",14.7,"[13.5--16]",33.5,"[33.1--34.3]",35,"[31.5--40.9]",785
"Aves","Balearica regulorum","All",2.4,"A",14.5,"[14.4--14.6]",14.2,"[13.4--15]",33.2,"[33.1--34.2]",35,"[32.2--40.1]",1828
"Aves","Bambusicola thoracicus","Male",0.9,"A",7.2,"[7.1--7.3]",6.3,"[5.2--7.3]",11.3,"[11.2--11.5]",11.8,"[10.8--13.1]",154
"Aves","Bambusicola thoracicus","Female",0.8,"A",6.4,"[6.3--6.5]",6.1,"[5.3--7]",11.8,"[11.5--11.9]",12.8,"[11.2--14.9]",156
"Aves","Bambusicola thoracicus","All",0.8,"A",6,"[5.9--6]",5.8,"[5.1--6.5]",10.8,"[10.7--11]",11,"[10.5--11.7]",359
"Aves","Barnardius zonarius","Female",1,"A",7.7,"[7.5--8.9]",7.3,"[5.5--8.6]",9.5,"[9.4--9.5]",10,"[9.2--11.4]",48
"Aves","Barnardius zonarius","All",1,"A",7.9,"[7.7--8.9]",7.9,"[6.7--9.3]",16.2,"[16.1--16.2]",16.9,"[14.3--20.8]",145
"Aves","Bombycilla garrulus","All",1,"A",3.5,"[3.4--3.6]",3.5,"[2.8--4.1]",6.6,"[6.5--6.7]",6.6,"[5.6--8.3]",64
"Aves","Bonasa umbellus","Male",0.3,"A",3.2,"[3.1--3.3]",2.9,"[2.3--3.8]",8.5,"[8.3--8.7]",9.1,"[7--12]",59
"Aves","Bonasa umbellus","Female",0.9,"A",3.1,"[2.6--3.2]",3.1,"[2.4--4.1]",6.7,"[6.6--6.7]",6.7,"[5.8--7.9]",45
"Aves","Bonasa umbellus","All",0.6,"A",3.1,"[3--3.2]",3.1,"[2.5--3.6]",8.5,"[8.3--8.7]",9.5,"[7.8--11.7]",122
"Aves","Bostrychia hagedash","Female",1.3,"A",12.5,"[12.4--12.6]",11.5,"[9.4--14]",26.9,"[26.1--28.1]",30.7,"[24.2--41.8]",162
"Aves","Bostrychia hagedash","All",1.2,"A",13.1,"[13--13.8]",12.6,"[10.8--14.9]",31.8,"[30.3--32]",32.7,"[28.5--41.3]",341
"Aves","Branta canadensis","Male",2,"A",13.7,"[13.5--13.8]",13.6,"[12.5--14.6]",21.1,"[20.9--21.1]",21,"[19.8--22.5]",362
"Aves","Branta canadensis","Female",2.1,"A",13.6,"[13.5--13.6]",13.4,"[12.4--14.6]",20.9,"[20.7--21]",20.9,"[19.9--22.2]",398
"Aves","Branta canadensis","All",2,"A",13.2,"[13.1--13.2]",13.2,"[12.7--13.7]",18.2,"[18.2--18.3]",18.4,"[17.9--18.9]",1367
"Aves","Branta hutchinsii","Male",2.9,"A",14.4,"[14.3--14.5]",14,"[12.7--15.3]",21.5,"[21.4--21.7]",21.5,"[20.6--22.7]",278
"Aves","Branta hutchinsii","Female",2,"A",13,"[13--13.1]",12.7,"[11.2--14]",24.6,"[24.4--24.7]",25,"[23--27.9]",304
"Aves","Branta hutchinsii","All",2.1,"A",13.4,"[13.1--13.5]",13.1,"[12.2--14]",24.8,"[24.7--25.6]",27.2,"[24.8--30.4]",730
"Aves","Branta leucopsis","Male",1.7,"A",15.1,"[15.1--15.2]",14.8,"[13.6--16]",27,"[26.8--27.1]",28,"[25.9--30.7]",750
"Aves","Branta leucopsis","Female",2,"A",15.2,"[15.1--15.2]",15.2,"[13.9--16.6]",26,"[25.8--26.2]",26.6,"[25--29.2]",760
"Aves","Branta leucopsis","All",1,"A",13.1,"[13.1--13.2]",12.7,"[12--13.4]",25.2,"[25.1--25.2]",25.6,"[24.9--26.5]",2432
"Aves","Branta ruficollis","Female",2,"A",9.4,"[9.4--9.5]",9.4,"[8.8--10]",21.2,"[21--21.3]",22,"[20.6--23.9]",934
"Aves","Branta ruficollis","All",1.9,"A",9.6,"[9.5--9.6]",9.7,"[9.3--10.2]",21.9,"[21.9--22]",22.3,"[21.3--23.4]",2134
"Aves","Branta sandvicensis","Male",1.8,"A",11.8,"[11.7--11.8]",11.6,"[11--12.2]",25.6,"[25--27.1]",26,"[24.3--28.1]",1546
"Aves","Branta sandvicensis","Female",2,"A",11.1,"[11.1--11.2]",10.9,"[10.3--11.5]",29.8,"[29.6--29.9]",27.9,"[25.9--30.2]",1448
"Aves","Branta sandvicensis","All",1.8,"A",10.9,"[10.9--11]",10.8,"[10.4--11.3]",21.7,"[21.7--21.8]",21.3,"[20.7--21.8]",3253
"Aves","Bubo bubo","Male",1,"A",25.3,"[25--25.4]",24.5,"[23--25.9]",36.1,"[35.9--36.3]",37,"[34.5--40.3]",724
"Aves","Bubo bubo","Female",2,"A",24,"[23.9--24.1]",23.7,"[22.3--25]",36.9,"[36.4--37.1]",36.9,"[34.6--40.2]",623
"Aves","Bubo bubo","All",1,"A",23.7,"[23.6--23.9]",23.6,"[22.7--24.5]",35.9,"[35.7--36.3]",35.4,"[34.1--37]",2005
"Aves","Bubo scandiacus","Male",3,"A",16,"[15.9--16.1]",15.5,"[14.5--16.5]",26.5,"[26.4--26.6]",27.2,"[25.7--29]",698
"Aves","Bubo scandiacus","Female",2,"A",13,"[12.9--13]",13.1,"[12.3--14.1]",26.2,"[25.6--26.4]",25.4,"[24.1--26.8]",822
"Aves","Bubo scandiacus","All",1.1,"A",13.1,"[13.1--13.2]",13.2,"[12.6--13.8]",26.4,"[26.3--26.5]",26.4,"[25.5--27.5]",1996
"Aves","Bubulcus ibis","Male",0.9,"A",11.1,"[11--11.1]",11.2,"[10.5--12]",24.4,"[23.5--25.1]",25.2,"[23.2--27.4]",957
"Aves","Bubulcus ibis","Female",0.8,"A",10.7,"[10.6--10.8]",10.8,"[10--11.6]",22.5,"[22.2--22.6]",22.9,"[21.4--25]",902
"Aves","Bucephala albeola","Male",2.7,"A",10.4,"[10.3--10.5]",9.9,"[8.8--11.1]",19.3,"[19.2--19.6]",22.8,"[19.1--28.5]",310
"Aves","Bucephala albeola","Female",2.2,"A",9.9,"[9.8--10]",9.4,"[8.4--10.5]",23.5,"[23.1--24.8]",25.2,"[21.4--29.8]",353
"Aves","Bucephala albeola","All",1,"A",8.1,"[8--8.1]",7.9,"[7.3--8.6]",19.5,"[19.2--19.6]",23.6,"[21--26.3]",835
"Aves","Bucephala clangula","Male",2,"A",10.3,"[10.2--10.3]",10.3,"[9.5--11.1]",20.8,"[20.6--20.8]",23,"[20.8--25.7]",614
"Aves","Bucephala clangula","Female",1,"A",11.4,"[11.4--11.5]",11.1,"[10.3--11.9]",21.4,"[21.2--21.5]",22.8,"[21.1--25.1]",780
"Aves","Bucephala clangula","All",1,"A",10.3,"[10.2--10.3]",10.1,"[9.5--10.6]",22.3,"[22.3--22.4]",23.2,"[21.6--24.9]",1602
"Aves","Bucephala islandica","Male",2,"A",7.5,"[7.5--7.6]",7.6,"[6.7--8.7]",17.2,"[16.5--17.5]",17.1,"[15.6--19.2]",226
"Aves","Bucephala islandica","Female",2,"A",9.4,"[9.4--9.5]",9.3,"[8.3--10.3]",18,"[17.7--18.3]",19.2,"[17.3--21.8]",242
"Aves","Bucephala islandica","All",1,"A",7.6,"[7.5--7.6]",7.6,"[6.9--8.3]",17,"[16.9--17.1]",16.7,"[15.8--17.7]",548
"Aves","Burhinus capensis","Male",0.9,"A",10.7,"[10.5--10.9]",11,"[8.8--13.7]",26.1,"[24.9--28.4]",27.9,"[23.5--36.1]",144
"Aves","Burhinus capensis","Female",1.1,"A",11.2,"[11.1--11.3]",11.6,"[9.4--14.2]",26.4,"[26.4--26.5]",28.8,"[24.5--37.7]",153
"Aves","Burhinus capensis","All",0.9,"A",9.7,"[9.5--9.8]",9.6,"[8.3--11]",26.4,"[26.4--26.5]",28.6,"[25.2--33.4]",357
"Aves","Burhinus grallarius","Male",1.9,"A",17.9,"[15.9--18]",17.6,"[14.3--21.7]",33.1,"[30.7--34.2]",41.2,"[32.1--58.7]",171
"Aves","Burhinus grallarius","Female",1.8,"A",13.3,"[13.2--13.3]",14.4,"[12.4--16.6]",31,"[30.5--31.1]",30.9,"[25.4--38.4]",167
"Aves","Burhinus grallarius","All",0.9,"A",12.8,"[12.7--13]",13.3,"[11.9--15]",29.3,"[27.9--29.6]",31.8,"[27.2--38.4]",553
"Aves","Burhinus oedicnemus","Female",1,"A",9.7,"[9.6--9.8]",9.1,"[7.4--11]",20.8,"[20.6--21.1]",22.5,"[19.4--28.2]",182
"Aves","Burhinus oedicnemus","All",0.9,"A",8.9,"[8.8--9.2]",8.8,"[7.7--10.1]",24.4,"[24.2--24.5]",26.6,"[22.7--30.8]",425
"Aves","Buteo buteo","All",2.2,"A",19.3,"[18.4--20.2]",20.4,"[17.6--23.1]",29,"[27.8--29.2]",29.8,"[27.1--33.9]",141
"Aves","Butorides virescens","All",2,"A",8.5,"[8.1--9.2]",8.5,"[6.8--10.6]",18.6,"[17.6--19.4]",17.8,"[14.8--22.2]",53
"Aves","Cacatua haematuropygia","Male",4.9,"A",20.4,"[20.3--21.7]",19.7,"[16--22.8]",24.5,"[24.3--24.5]",26.2,"[24.2--30.3]",42
"Aves","Cacatua leadbeateri","Female",4,"A",19.5,"[19.4--19.5]",20.3,"[16.6--25]",34.7,"[34.3--34.9]",37.1,"[33--51]",147
"Aves","Cacatua leadbeateri","All",2.9,"A",22.1,"[22--22.5]",22.1,"[18.9--25.4]",34.6,"[34.3--34.9]",37,"[33.9--49.5]",355
"Aves","Cairina moschata","Male",1,"A",6.3,"[6.2--6.4]",6.3,"[5.8--7]",11.6,"[11.6--11.7]",12,"[10.8--13.6]",274
"Aves","Cairina moschata","Female",1.2,"A",6.8,"[6.8--7]",6.7,"[6--7.5]",14.3,"[14.2--14.6]",14.8,"[13.4--16.4]",355
"Aves","Cairina moschata","All",0.8,"A",5.8,"[5.8--5.9]",6,"[5.5--6.4]",13.6,"[13.5--13.7]",13.3,"[12.5--14.4]",926
"Aves","Calidris pugnax","Male",1.4,"A",10.1,"[10--10.2]",9.7,"[8.8--10.6]",15,"[14.9--15.1]",16.2,"[15--17.9]",288
"Aves","Calidris pugnax","Female",1,"A",8.5,"[8.4--8.7]",8.5,"[7.6--9.5]",15.6,"[15.5--15.7]",15.7,"[14.9--16.4]",468
"Aves","Calidris pugnax","All",0.9,"A",8.5,"[8.4--8.5]",8.3,"[7.7--8.9]",15.3,"[15.2--15.4]",15.2,"[14.7--15.9]",903
"Aves","Callipepla californica","Male",0.3,"A",3.7,"[3.6--3.7]",3.8,"[3.2--4.7]",9,"[8.8--9.2]",9.2,"[8.2--10.8]",185
"Aves","Callipepla californica","Female",0.3,"A",2.7,"[2.6--2.8]",2.6,"[2.2--3.1]",6.2,"[6.1--6.2]",6.7,"[5.7--7.9]",171
"Aves","Callipepla californica","All",0.3,"A",3.1,"[3--3.1]",2.9,"[2.5--3.2]",7.5,"[7.5--7.7]",7.7,"[7--8.4]",440
"Aves","Callipepla gambelii","Male",1.1,"A",5.4,"[5.4--5.5]",4.9,"[4.2--5.8]",9.7,"[9.4--9.7]",10.1,"[9.3--11.2]",168
"Aves","Callipepla gambelii","Female",1.1,"A",4.1,"[4--4.2]",4.1,"[3.5--4.8]",9.1,"[8.9--9.2]",9.8,"[8.9--10.9]",204
"Aves","Callipepla gambelii","All",0.5,"A",3.4,"[3.2--3.4]",3.7,"[3.2--4.2]",9.3,"[9.3--9.4]",9.5,"[8.9--10.2]",528
"Aves","Callipepla squamata","Male",1,"A",3.1,"[3--3.2]",3.3,"[2.5--4.5]",7.5,"[7.4--7.5]",7.7,"[6.6--8.9]",58
"Aves","Callipepla squamata","Female",1,"A",2.4,"[2.2--2.5]",2.6,"[2.1--3.3]",6.4,"[6.2--6.5]",5.9,"[4.9--7.2]",55
"Aves","Callipepla squamata","All",1,"A",2.5,"[2.4--2.5]",2.7,"[2.3--3.2]",6.7,"[6.6--6.7]",6.8,"[6.1--7.5]",164
"Aves","Callonetta leucophrys","Male",1,"A",8.9,"[8.9--9]",8.9,"[8.5--9.3]",18.7,"[18.6--18.7]",19.7,"[18.8--20.8]",2013
"Aves","Callonetta leucophrys","Female",1,"A",7.1,"[7--7.1]",7,"[6.6--7.4]",17.1,"[17.1--17.3]",17.8,"[16.9--19]",1927
"Aves","Callonetta leucophrys","All",0.9,"A",7.9,"[7.8--7.9]",7.7,"[7.4--8]",19.2,"[19.2--19.3]",19.4,"[18.7--20.2]",4424
"Aves","Caloenas nicobarica","Male",0.9,"A",17.3,"[17.3--17.4]",17.5,"[16.4--18.6]",32.9,"[32.9--33]",33,"[31.3--35.4]",1552
"Aves","Calypte costae","All",0.8,"A",3.6,"[3.4--3.7]",3.4,"[2.8--4]",7.3,"[7.1--7.5]",7.9,"[6.5--10.1]",121
"Aves","Cardinalis cardinalis","Male",0.4,"A",5.2,"[5--5.4]",4.7,"[3.5--6.4]",14.4,"[14.3--14.4]",15.9,"[13.1--21.9]",173
"Aves","Cardinalis cardinalis","Female",0.4,"A",4.7,"[4.6--4.9]",4.6,"[3.8--5.6]",11.2,"[11--11.3]",11.7,"[9.9--14.5]",200
"Aves","Cardinalis cardinalis","All",0.4,"A",4.8,"[4.6--4.9]",4.5,"[3.8--5.3]",14.4,"[14.3--14.4]",13.9,"[12.1--16.6]",429
"Aves","Carduelis carduelis","Male",1,"A",3.5,"[3.4--3.6]",3.4,"[2.9--4.2]",8.2,"[8.1--8.3]",8.3,"[7--10.1]",85
"Aves","Carduelis carduelis","All",1,"A",3.4,"[3.3--3.4]",3.4,"[3--3.9]",8.1,"[8.1--8.3]",8.4,"[7.2--9.9]",228
"Aves","Cariama cristata","Male",1.2,"A",14.6,"[14.3--14.8]",14,"[12--16.2]",39.7,"[39.4--40]",36.5,"[29.5--46.8]",271
"Aves","Cariama cristata","Female",1.1,"A",15.7,"[15.2--15.8]",14.6,"[12.4--16.9]",29.7,"[29.2--31.1]",30.6,"[27.6--35]",253
"Aves","Cariama cristata","All",1,"A",13.8,"[13.7--13.9]",13.5,"[12.2--14.9]",32.3,"[31.1--33.1]",32.2,"[28.6--37.1]",615
"Aves","Catreus wallichii","Male",1,"A",7.4,"[7.4--7.5]",6.9,"[6.2--7.7]",11.9,"[11.7--12.3]",12,"[10.9--13.4]",185
"Aves","Catreus wallichii","Female",1,"A",5.9,"[5.8--6.1]",5.7,"[5--6.4]",11,"[10.9--11.1]",10.6,"[9.6--11.9]",194
"Aves","Catreus wallichii","All",1,"A",6.4,"[6.3--6.5]",6.3,"[5.8--6.8]",11.4,"[11.3--11.4]",11.9,"[11--13]",404
"Aves","Cereopsis novaehollandiae","Male",1.7,"A",10.7,"[10.7--10.8]",9.9,"[8.8--11.1]",24.7,"[24.4--24.9]",24.7,"[21.3--28.5]",349
"Aves","Cereopsis novaehollandiae","Female",1.4,"A",9.7,"[9.5--9.8]",8.7,"[7.7--9.7]",21.8,"[21.7--21.9]",22,"[19.8--25.1]",394
"Aves","Cereopsis novaehollandiae","All",1.1,"A",8.8,"[8.8--8.9]",8.1,"[7.4--8.7]",22.1,"[21.9--22.1]",22.2,"[20.2--24.4]",991
"Aves","Chalcophaps indica","Male",0.4,"A",6.5,"[6.5--6.6]",6.6,"[6.1--7]",17.9,"[17.6--18.3]",18.3,"[16.7--20.3]",1124
"Aves","Chalcophaps indica","Female",0.6,"A",5.5,"[5.4--5.5]",5.5,"[5.1--5.9]",14.9,"[14.9--15]",15.7,"[14.3--17.4]",966
"Aves","Chalcophaps indica","All",0.4,"A",5.8,"[5.8--5.9]",5.7,"[5.4--6.1]",18.5,"[18.5--18.6]",18.1,"[17--19.4]",2598
"Aves","Chalcophaps longirostris","Male",0.1,"A",8.7,"[8.6--8.8]",8.7,"[7.5--9.9]",18,"[17.7--18.1]",18.1,"[16.1--20.6]",211
"Aves","Chalcophaps longirostris","Female",0.1,"A",10.8,"[10.7--11.3]",10.4,"[8.8--12.2]",17.9,"[17.5--18.3]",18.1,"[16.8--19.9]",197
"Aves","Chalcophaps longirostris","All",0.1,"A",9,"[9--9.1]",8.3,"[7.4--9.3]",22,"[21.4--23.2]",21.9,"[19.7--24.8]",651
"Aves","Charadrius hiaticula","Female",1,"A",3.1,"[2.7--3.7]",3.6,"[2.5--5.3]",11.3,"[9.3--11.5]",10.3,"[7.9--13.4]",41
"Aves","Charadrius hiaticula","All",1,"A",4.9,"[4.8--4.9]",5,"[4--6.4]",12.1,"[12--12.2]",11.9,"[10.6--14.4]",114
"Aves","Charadrius vociferus","All",1,"A",3.7,"[3.6--3.8]",3.4,"[2.6--4.5]",9.2,"[9.1--9.3]",8.4,"[6.6--10.9]",51
"Aves","Charmosyna papou","All",2,"A",7.2,"[6.8--7.9]",6.8,"[5.7--7.9]",9.5,"[9.4--9.6]",10.5,"[8.9--13.2]",39
"Aves","Charmosyna placentis","Male",1.6,"A",7.1,"[6.8--7.3]",6.9,"[5--9.1]",11.1,"[10.9--11.2]",11.8,"[10.7--14.2]",51
"Aves","Charmosyna placentis","Female",1.6,"A",3.6,"[3--3.9]",3.8,"[3--5]",8.2,"[7.9--8.4]",8.2,"[6.5--10.9]",37
"Aves","Charmosyna placentis","All",1.6,"A",6.2,"[6--6.7]",5.8,"[4.6--7.3]",11.2,"[10.9--12.2]",12,"[10.7--14.9]",111
"Aves","Charmosyna stellae","Male",1.7,"A",6.3,"[6.3--6.4]",6.6,"[5.5--8]",19.2,"[18.2--20]",18.1,"[14.7--22.6]",92
"Aves","Chauna torquata","Male",2.1,"A",16.3,"[16.1--16.4]",16.4,"[14.3--18.7]",34.7,"[32.2--36.7]",38.4,"[31.7--49.2]",273
"Aves","Chauna torquata","Female",2.1,"A",12.4,"[12.1--12.6]",12.6,"[11.1--14.2]",26.9,"[24.2--27]",27.6,"[23.9--33]",275
"Aves","Chauna torquata","All",2,"A",14,"[13.8--14.1]",14.1,"[12.8--15.4]",32.5,"[32.2--34.8]",32.4,"[28.6--37.9]",579
"Aves","Chenonetta jubata","Male",0.6,"A",7,"[6.9--7.1]",6.8,"[6.2--7.5]",15.2,"[15.2--15.3]",15.6,"[14.2--17.3]",470
"Aves","Chenonetta jubata","Female",0.9,"A",6.8,"[6.6--6.9]",6.6,"[6--7.2]",16.9,"[16.8--17.2]",15.8,"[14.3--17.8]",436
"Aves","Chenonetta jubata","All",0.7,"A",6.5,"[6.5--6.6]",6.5,"[6.1--6.9]",15.3,"[15.3--15.4]",15.8,"[14.7--17.1]",979
"Aves","Chloebia gouldiae","Male",0.5,"A",3.7,"[3.7--3.8]",3.8,"[3.6--3.9]",7.9,"[7.9--8]",7.9,"[7.7--8.3]",2068
"Aves","Chloebia gouldiae","Female",0.5,"A",3.1,"[3.1--3.2]",3.2,"[3--3.3]",7,"[6.9--7]",7,"[6.6--7.3]",1722
"Aves","Chloebia gouldiae","All",0.5,"A",3.1,"[3--3.1]",3.1,"[3--3.2]",7.4,"[7.3--7.4]",7.5,"[7.3--7.7]",5434
"Aves","Chloephaga melanoptera","Female",3.1,"A",10.9,"[9.4--11.6]",9.8,"[8.3--11.5]",17.2,"[16.1--18.2]",18.6,"[15.9--22.8]",74
"Aves","Chloephaga melanoptera","All",3.2,"A",11.8,"[11.6--12]",10.5,"[9.2--11.8]",18.1,"[17.9--18.2]",19.4,"[17.1--22.6]",146
"Aves","Chloephaga picta","Male",2.1,"A",9,"[8.9--9.1]",8.4,"[7.3--9.5]",19.2,"[19.2--19.4]",18.6,"[16.4--21.5]",212
"Aves","Chloephaga picta","Female",2.4,"A",8.5,"[8.4--8.6]",8.1,"[7.2--9.1]",17.2,"[17.1--17.2]",18.2,"[16--21.1]",216
"Aves","Chloephaga picta","All",1.9,"A",8.8,"[8.7--8.9]",8.3,"[7.7--9.1]",18.7,"[18.1--18.9]",19.3,"[17.6--21.6]",479
"Aves","Chloephaga rubidiceps","Male",2,"A",9.5,"[9.4--10.3]",8.9,"[7--11]",17.2,"[17--17.7]",17.5,"[15.1--23]",77
"Aves","Chloephaga rubidiceps","Female",1.9,"A",9.3,"[9.3--9.4]",8.8,"[7.1--10.7]",17.4,"[16.9--17.8]",19,"[15.9--23.7]",79
"Aves","Chloephaga rubidiceps","All",1.9,"A",9.5,"[9.4--10]",9,"[7.8--10.5]",18.8,"[18.7--18.9]",20.8,"[17.8--24.6]",173
"Aves","Chloris chloris","Male",1,"A",4.4,"[4.3--4.6]",5.1,"[3.9--6.6]",9.5,"[8.8--9.6]",10.8,"[9--15.7]",60
"Aves","Chroicocephalus ridibundus","All",2,"A",5.9,"[5.9--6]",6,"[4.9--7.3]",12.6,"[12.5--12.8]",14.2,"[11.6--18.2]",66
"Aves","Chrysolophus amherstiae","Male",1,"A",7.4,"[7.3--7.6]",7.2,"[6.5--7.9]",16.1,"[15.9--16.2]",16.9,"[15.4--18.9]",557
"Aves","Chrysolophus amherstiae","Female",0.9,"A",6.8,"[6.7--6.9]",6.7,"[6.1--7.3]",15,"[14.9--15.1]",16,"[14.5--17.9]",560
"Aves","Chrysolophus pictus","Male",1,"A",7.2,"[7.2--7.3]",7.2,"[6.7--7.6]",17.7,"[17.7--17.8]",18.8,"[17.3--20.6]",1384
"Aves","Chrysolophus pictus","Female",1,"A",6.5,"[6.5--6.6]",6.2,"[5.8--6.6]",14.9,"[14.7--14.9]",15.4,"[14.3--16.6]",1261
"Aves","Chrysolophus pictus","All",0.9,"A",6.6,"[6.5--6.7]",6.5,"[6.2--6.8]",17.1,"[16.9--17.5]",17.1,"[16.2--18.2]",3194
"Aves","Ciconia abdimii","Male",2.1,"A",17.3,"[15.3--17.6]",16.5,"[13.9--19.6]",27.5,"[27--28.1]",30.3,"[26.8--45.8]",307
"Aves","Ciconia abdimii","All",1.1,"A",12.9,"[12.8--12.9]",12.8,"[11.5--14.4]",26.8,"[26.5--26.9]",27,"[25.8--28.6]",931
"Aves","Ciconia boyciana","All",3.9,"A",20.6,"[20.5--20.7]",18.8,"[16.8--20.9]",32.6,"[31.4--32.9]",35.9,"[30.4--44.8]",201
"Aves","Ciconia ciconia","Male",2.1,"A",17.2,"[17.2--17.3]",16.1,"[15--17.3]",33.7,"[33.7--34.4]",32.8,"[30.3--36.1]",728
"Aves","Ciconia ciconia","Female",2.2,"A",17.9,"[17.8--18]",17,"[15.5--18.6]",34.5,"[34.5--34.6]",34.3,"[32.1--37.4]",666
"Aves","Ciconia ciconia","All",2,"A",17.5,"[17.5--17.6]",16.5,"[15.6--17.5]",34.5,"[34.4--34.5]",34.8,"[32.8--37.3]",2198
"Aves","Ciconia nigra","Male",3.8,"A",19.4,"[19.3--19.6]",16.8,"[14.2--19.9]",29.9,"[29.9--30]",34.8,"[28.9--46.1]",149
"Aves","Ciconia nigra","Female",4,"A",15.9,"[15.8--16]",15,"[12.6--18.1]",27.4,"[27.2--28.2]",29.1,"[25.7--39.1]",116
"Aves","Ciconia nigra","All",2.9,"A",15.9,"[15.9--16]",15.4,"[13.4--17.5]",30,"[29.9--30.1]",30.4,"[28.7--33.6]",325
"Aves","Clangula hyemalis","Male",2,"A",12.2,"[12.1--12.3]",11.5,"[8.7--14.5]",18.3,"[17.9--19]",19.6,"[17--27.7]",59
"Aves","Clangula hyemalis","Female",2,"A",10.9,"[10.8--13.1]",10.9,"[8.3--14.1]",19.3,"[19.2--19.4]",20.9,"[18--28.2]",78
"Aves","Clangula hyemalis","All",2,"A",12.3,"[12.2--12.3]",11.6,"[9.6--13.8]",20.1,"[19.4--21.1]",20.5,"[18.9--23]",139
"Aves","Cochlearius cochlearius","Male",1.8,"A",13.2,"[12.7--13.4]",12.2,"[10.5--13.9]",28.1,"[28.1--28.2]",30.6,"[26.3--38.3]",266
"Aves","Cochlearius cochlearius","Female",2,"A",10.1,"[9.6--10.5]",9.7,"[8.5--11]",22.8,"[22--23]",24,"[20.9--28]",255
"Aves","Cochlearius cochlearius","All",1.5,"A",9.8,"[9.7--9.9]",9.7,"[8.8--10.7]",28,"[27.6--28.1]",28.8,"[25.9--32.1]",633
"Aves","Colinus virginianus","Male",0.7,"A",3.8,"[3.7--3.8]",3.8,"[3.5--4]",7.4,"[7.3--7.4]",7.5,"[7.2--7.9]",633
"Aves","Colinus virginianus","Female",0.4,"A",2.4,"[2.4--2.5]",2.4,"[2.2--2.5]",5.5,"[5.4--5.6]",5.5,"[5.3--5.8]",718
"Aves","Colinus virginianus","All",0.4,"A",2.7,"[2.7--2.8]",2.7,"[2.6--2.9]",6.6,"[6.5--6.6]",6.5,"[6.3--6.8]",1613
"Aves","Colius striatus","Male",0.6,"A",6.8,"[6.7--6.9]",6.8,"[6.3--7.3]",14.1,"[14--14.1]",14.4,"[13.6--15.3]",731
"Aves","Colius striatus","Female",0.6,"A",5.2,"[5.1--5.2]",5.2,"[4.8--5.7]",13.5,"[13.4--13.5]",13.3,"[12.3--14.5]",712
"Aves","Columba arquatrix","Male",1.1,"A",8.3,"[7.5--8.9]",8.7,"[6.4--11.8]",19.1,"[18.6--19.7]",22.2,"[17.9--31.1]",73
"Aves","Columba arquatrix","Female",1.1,"A",8.3,"[8.2--8.4]",7.2,"[5.4--9.4]",17.8,"[17.8--17.9]",19.2,"[15.7--25]",80
"Aves","Columba arquatrix","All",1.1,"A",7.4,"[7.2--7.5]",7.5,"[6.3--8.8]",18.3,"[18.1--18.6]",20.3,"[17.2--25]",198
"Aves","Columba guinea","Female",0.8,"A",8.5,"[8.4--8.9]",9.1,"[8--10.2]",26.9,"[26.5--27.1]",27.9,"[24.3--32.1]",412
"Aves","Columba guinea","All",0.8,"A",9.2,"[9.1--9.2]",9.2,"[8.5--10.1]",26.7,"[26.5--27.1]",26.8,"[24.9--30.5]",1721
"Aves","Columba leucomela","Male",0.8,"A",14.1,"[14--14.2]",14.4,"[11.3--18.2]",25.7,"[25.2--26.2]",29.6,"[23.8--46.9]",161
"Aves","Columba leucomela","Female",0.8,"A",9.5,"[9.4--10.5]",10.9,"[8.7--13.4]",20,"[17.4--22.3]",21,"[18.5--25.7]",135
"Aves","Columba leucomela","All",0.8,"A",9.5,"[9.4--9.5]",9.4,"[8.2--10.8]",23.3,"[22.8--23.9]",25.4,"[21.7--31]",460
"Aves","Columba livia","Male",0.6,"A",9.3,"[9.2--9.3]",9,"[8.3--9.7]",16.1,"[16--16.5]",16.2,"[15.4--17.1]",877
"Aves","Columba livia","All",0.5,"A",8.3,"[8.3--8.4]",8.1,"[7.8--8.5]",18.9,"[18.7--18.9]",18.7,"[17.5--20.1]",4076
"Aves","Columba oenas","Male",1,"A",5.3,"[4.8--5.5]",5.5,"[4--7.6]",12.1,"[11.6--12.2]",11.9,"[10.4--14.8]",50
"Aves","Columba oenas","Female",1,"A",4.8,"[4.7--5.2]",5,"[4.1--6.1]",8.7,"[8.6--8.7]",9.1,"[7.4--12.1]",47
"Aves","Columba oenas","All",1,"A",4.8,"[4.7--4.8]",5.2,"[4.3--6.1]",11.4,"[10.4--11.5]",11.3,"[10.1--12.6]",163
"Aves","Columba palumbus","All",1,"A",8.6,"[8.6--8.7]",7.4,"[6--9.3]",14,"[12.5--14.6]",15.2,"[12.7--22.7]",109
"Aves","Copsychus malabaricus","Male",0.8,"A",6.2,"[6.1--6.2]",5.9,"[5.3--6.7]",16.3,"[16.2--16.3]",16.7,"[14.8--19.2]",503
"Aves","Copsychus malabaricus","Female",0.8,"A",4.6,"[4.5--4.6]",4.6,"[4.1--5.1]",11.9,"[11.9--12]",11.9,"[10.7--13.5]",464
"Aves","Copsychus malabaricus","All",0.7,"A",5.4,"[5.3--5.4]",5.4,"[5--5.8]",17.5,"[17--17.9]",17.8,"[16.1--20.2]",1197
"Aves","Copsychus saularis","Male",0.7,"A",6,"[5.7--6.3]",6.1,"[4.9--7.5]",17.3,"[17.1--17.4]",16.9,"[14.5--19.9]",122
"Aves","Copsychus saularis","Female",0.7,"A",5,"[4.7--5.3]",4.9,"[3.8--6.2]",16.7,"[15.9--17.4]",15.4,"[12.7--18]",111
"Aves","Copsychus saularis","All",0.7,"A",4.6,"[4.5--4.7]",4.9,"[4--5.8]",17.2,"[17.1--17.4]",16.3,"[14.5--18.2]",263
"Aves","Coracias caudatus","Male",1,"A",7.8,"[7.7--7.9]",7.5,"[6.4--8.8]",23.4,"[23.4--23.5]",22.6,"[19.7--26.7]",251
"Aves","Coracias caudatus","Female",1,"A",6.4,"[6.4--6.5]",6.2,"[5.5--7.1]",17.9,"[17.7--17.9]",17.9,"[15.6--20.7]",248
"Aves","Coracias caudatus","All",0.9,"A",6.1,"[6--6.1]",6.2,"[5.6--6.8]",20.1,"[20--20.1]",19.6,"[17.5--22.1]",597
"Aves","Coracias cyanogaster","Male",1.1,"A",9.4,"[9.2--9.5]",9,"[7.6--10.8]",18.9,"[18.5--19]",20,"[17.7--25.6]",212
"Aves","Coracias cyanogaster","Female",1,"A",8.1,"[7.5--8.2]",7.8,"[6.8--8.8]",17.1,"[16.6--18]",18.5,"[15.5--22.9]",238
"Aves","Coracias cyanogaster","All",1,"A",8.4,"[8.4--8.5]",8.1,"[7.2--9.1]",17.9,"[17.9--18]",18,"[16.8--19.6]",469
"Aves","Coracias garrulus","Female",1.1,"A",7.6,"[7.2--8]",7.2,"[5.8--8.7]",15.8,"[15.3--17.6]",17.3,"[13.8--23.2]",115
"Aves","Coracias garrulus","All",1,"A",7.4,"[6.9--7.8]",7.2,"[6.2--8.2]",17.3,"[17--17.6]",17.9,"[15.1--22.2]",249
"Aves","Corvus corax","Male",2,"A",19.5,"[19--20.1]",18.9,"[15.4--22.4]",26.9,"[26.6--28]",27.7,"[25.5--30.9]",116
"Aves","Corvus corax","All",2,"A",18.9,"[18.6--19.5]",17,"[15--19.2]",28.4,"[28--29.4]",33.3,"[28.2--42.3]",285
"Aves","Corvus hawaiiensis","All",2.9,"A",17.7,"[17.6--18]",17.5,"[16--19.1]",28.8,"[28.5--29.3]",27.4,"[24.7--31.2]",174
"Aves","Coscoroba coscoroba","Male",1.9,"A",11.8,"[11.8--11.9]",11.5,"[10.4--12.7]",20.7,"[20.5--21.1]",21.9,"[20--24.4]",308
"Aves","Coscoroba coscoroba","Female",1.9,"A",11.2,"[11.1--11.3]",10.7,"[9.7--11.7]",19.6,"[19.6--19.8]",19.7,"[18.3--21.4]",279
"Aves","Coscoroba coscoroba","All",1.8,"A",11.1,"[11--11.2]",10.8,"[10.1--11.6]",20.2,"[20--20.4]",20.6,"[19.5--21.9]",683
"Aves","Cossypha albicapilla","Female",1,"A",9.8,"[9.7--9.9]",8.6,"[6.5--11.6]",18.8,"[18.5--19.6]",21.4,"[17.4--29.9]",91
"Aves","Cossypha albicapilla","All",1,"A",10.3,"[9.7--10.5]",9.5,"[7.8--11.7]",18.8,"[18.6--19.6]",19.4,"[17.6--23.9]",192
"Aves","Cossypha niveicapilla","Male",1,"A",5.2,"[5.1--5.3]",5.6,"[4.8--6.4]",20.5,"[20.3--20.6]",17.7,"[15.1--21.7]",301
"Aves","Cossypha niveicapilla","Female",1,"A",4.7,"[4.7--4.8]",4.5,"[4--5]",13.2,"[13.1--13.4]",12.3,"[11--13.7]",314
"Aves","Cossypha niveicapilla","All",0.8,"A",4.4,"[4.3--4.4]",4.4,"[4.1--4.8]",15.6,"[15.6--15.9]",15.3,"[14--16.9]",979
"Aves","Coturnix chinensis","Male",0.2,"A",2.9,"[2.9--3]",2.8,"[2.6--3.1]",6.4,"[6.4--6.5]",6.7,"[6.2--7.3]",641
"Aves","Coturnix chinensis","Female",0.3,"A",2.2,"[2.2--2.3]",2.3,"[2.1--2.5]",5.1,"[5.1--5.2]",5.6,"[5.2--6.1]",627
"Aves","Coturnix chinensis","All",0.2,"A",2.3,"[2.3--2.4]",2.3,"[2.2--2.5]",6.2,"[6.2--6.3]",6.2,"[5.9--6.6]",1614
"Aves","Coturnix coturnix","Male",0.9,"A",2.2,"[2.2--2.3]",2.5,"[2.1--3]",6.2,"[5.7--6.6]",6.1,"[4.9--7.7]",71
"Aves","Coturnix coturnix","Female",1,"A",2.9,"[2.8--3]",2.7,"[2.2--3.2]",5,"[4.9--5.4]",5.3,"[4.6--6.4]",82
"Aves","Coturnix coturnix","All",1,"A",2.3,"[2.2--2.3]",2.4,"[2.1--2.6]",5.4,"[5.2--5.4]",5.7,"[5--6.6]",212
"Aves","Coturnix delegorguei","Male",0.6,"A",3.7,"[3.6--3.8]",3.6,"[3--4.2]",10.1,"[10.1--10.2]",8.7,"[7.3--10.9]",160
"Aves","Coturnix delegorguei","Female",0.6,"A",2.1,"[2.1--2.2]",2.2,"[2--2.5]",5.2,"[5.1--5.3]",5.4,"[4.6--6.5]",173
"Aves","Coturnix delegorguei","All",0.6,"A",2.7,"[2.7--2.8]",2.8,"[2.5--3.1]",10.2,"[10.1--10.2]",7.9,"[6.9--9]",349
"Aves","Coturnix japonica","Male",0.1,"A",3.3,"[3.2--3.7]",3.4,"[2.9--4.1]",7.5,"[7.2--7.8]",7.5,"[6.3--9]",101
"Aves","Coturnix japonica","All",0.4,"A",3.1,"[3--3.2]",3.2,"[2.8--3.5]",6.3,"[6.2--6.3]",6.7,"[6.1--7.5]",332
"Aves","Coua cristata","Female",0.9,"A",6,"[5.8--6.1]",6,"[4.9--7.5]",15.3,"[14--15.7]",17.4,"[13.9--21.9]",95
"Aves","Coua cristata","All",0.9,"A",7.3,"[7.2--7.6]",7.4,"[6.2--8.6]",18.3,"[18.2--18.3]",19.6,"[15.7--25.2]",187
"Aves","Crax fasciolata","Female",3.2,"A",15.5,"[12.8--17]",13.9,"[10.7--17.4]",24.3,"[23.8--25.6]",25,"[22.1--30.4]",79
"Aves","Crax fasciolata","All",2.7,"A",16,"[15.5--16.8]",15.3,"[13.1--17.7]",29.9,"[28.2--30.7]",31.9,"[26.8--40.1]",188
"Aves","Crax rubra","Male",2.6,"A",18.3,"[18.1--18.7]",19.6,"[16.3--23.2]",29.6,"[29.5--29.7]",32,"[27.9--42]",132
"Aves","Crax rubra","Female",1.9,"A",14.2,"[13.9--14.3]",13.8,"[11.6--16.2]",27.4,"[27--27.5]",34,"[27.4--43.4]",172
"Aves","Crax rubra","All",1.4,"A",16.5,"[16.4--16.6]",15.5,"[13.4--17.6]",31.3,"[30.2--32.5]",34.8,"[30.1--46.8]",358
"Aves","Crex crex","Male",0.9,"A",4.3,"[4.2--4.3]",4.3,"[3.9--4.7]",7.1,"[6.9--7.1]",7.5,"[6.9--8.4]",174
"Aves","Crex crex","Female",0.9,"A",4.3,"[4.2--4.4]",4.2,"[3.8--4.6]",6.8,"[6.7--6.8]",7.4,"[6.8--8.2]",187
"Aves","Crex crex","All",0.8,"A",4.2,"[4.1--4.2]",4.1,"[3.9--4.4]",6.8,"[6.7--6.8]",7.2,"[6.8--7.7]",388
"Aves","Crossoptilon auritum","Male",1.5,"A",9.3,"[9.2--9.3]",8.8,"[7.6--10.1]",15.8,"[15.6--15.9]",17.7,"[15.6--20.7]",167
"Aves","Crossoptilon auritum","Female",1,"A",6.4,"[6.1--6.5]",6.2,"[5.5--7]",11.3,"[11.2--14.6]",12.2,"[10.8--14]",177
"Aves","Crossoptilon auritum","All",0.9,"A",7.1,"[7.1--7.2]",7.1,"[6.5--7.8]",16.1,"[16.1--16.4]",17.1,"[15.3--19.3]",475
"Aves","Crossoptilon crossoptilon","Male",2,"A",9.2,"[8.8--9.3]",9.2,"[8.2--10]",14.3,"[14.2--14.4]",13.8,"[13--14.6]",157
"Aves","Crossoptilon crossoptilon","Female",2,"A",8,"[7.9--8]",7.6,"[6.8--8.5]",13.4,"[13.3--13.4]",12.8,"[11.9--13.8]",150
"Aves","Crossoptilon crossoptilon","All",1.9,"A",8.2,"[8.1--8.2]",8.3,"[7.6--8.9]",12.5,"[12.4--12.6]",12.5,"[12.1--13]",316
"Aves","Crossoptilon mantchuricum","Male",1.1,"A",8.3,"[8.2--8.3]",8.7,"[7.4--9.9]",13.6,"[13.5--13.6]",14.7,"[13.1--17.1]",89
"Aves","Crossoptilon mantchuricum","Female",1.1,"A",6.2,"[6--6.4]",5.7,"[4.7--6.9]",11.8,"[11.1--12.7]",11.9,"[10.6--13.9]",103
"Aves","Crossoptilon mantchuricum","All",1.1,"A",7.2,"[7.1--7.3]",6.7,"[5.7--7.7]",13,"[12.8--13.1]",13,"[12--14.1]",206
"Aves","Cyanerpes cyaneus","Male",1.3,"A",6.8,"[6.6--6.9]",6.5,"[5.5--7.6]",11.8,"[11.1--12]",11.9,"[10.2--14.7]",87
"Aves","Cyanerpes cyaneus","Female",1.2,"A",6.8,"[6.6--6.9]",6.8,"[5.4--8.2]",12.6,"[12.3--14.9]",13.6,"[11.3--17.6]",68
"Aves","Cyanerpes cyaneus","All",1.2,"A",6.6,"[6.5--6.6]",6.4,"[5.5--7.3]",12.5,"[12.3--12.6]",12.9,"[11.3--15]",174
"Aves","Cyanochen cyanoptera","Male",1.7,"A",8.6,"[8.4--8.9]",8.5,"[7.2--9.7]",17.3,"[15--17.8]",16.7,"[14.6--19.8]",124
"Aves","Cyanochen cyanoptera","Female",2,"A",7.8,"[7.6--8.1]",7.3,"[6.1--8.7]",15.5,"[15--15.8]",15.6,"[13.7--18.6]",114
"Aves","Cyanochen cyanoptera","All",0.8,"A",7.7,"[7.6--7.8]",7.2,"[6.4--8]",15.6,"[15.5--15.8]",15.7,"[14.2--17.7]",313
"Aves","Cyanocorax chrysops","Male",2.9,"A",12.5,"[12.2--13.1]",11.8,"[9--15.1]",22.4,"[19.8--23.4]",24.2,"[20.4--33]",75
"Aves","Cyanocorax chrysops","Female",2,"A",10.1,"[10--10.2]",10.2,"[8.1--12.8]",20.6,"[19.3--22]",23.4,"[18.6--31.9]",73
"Aves","Cyanocorax chrysops","All",2,"A",10.3,"[10.2--10.4]",10.8,"[9--12.8]",22.7,"[22.1--23.4]",22.5,"[20.3--26.4]",163
"Aves","Cyanocorax yncas","Male",1,"A",5.8,"[5.4--6]",5.3,"[4.1--6.8]",13.3,"[13--13.4]",13.5,"[10.7--18.1]",55
"Aves","Cyanocorax yncas","Female",1,"A",5,"[4.9--5.6]",4.8,"[3.7--6.3]",10.5,"[9.7--10.7]",11.3,"[9.5--14]",49
"Aves","Cyanocorax yncas","All",1,"A",6.6,"[6.4--6.7]",5.7,"[4.7--6.8]",13.1,"[13--13.2]",13.9,"[11.8--16.9]",132
"Aves","Cyanoliseus patagonus","Male",1,"A",13.8,"[13.7--13.9]",13.3,"[11.8--14.9]",31.1,"[30.3--31.3]",31.4,"[27.4--37.5]",341
"Aves","Cyanoliseus patagonus","Female",1,"A",12.8,"[12.7--12.9]",13.1,"[11.7--14.6]",27.9,"[27.5--28.2]",28.9,"[25.6--33.4]",309
"Aves","Cyanoliseus patagonus","All",1,"A",12.8,"[12.8--12.9]",12.8,"[11.9--13.7]",28.6,"[28.5--28.7]",29.1,"[26.8--31.9]",1012
"Aves","Cyanopica cyanus","Male",0.9,"A",9.2,"[9.1--9.2]",9.4,"[8.4--10.4]",18.2,"[17.7--18.8]",19.2,"[17.2--22.3]",297
"Aves","Cyanopica cyanus","Female",0.9,"A",9.2,"[9.1--9.3]",9,"[8.1--10]",16.3,"[16.2--16.3]",18.7,"[16.7--21.4]",313
"Aves","Cyanopica cyanus","All",0.9,"A",8.3,"[8.3--8.4]",8.4,"[7.7--9]",17.3,"[17.2--17.3]",18.4,"[17.1--20]",803
"Aves","Cyanoramphus auriceps","Female",0.9,"A",6.3,"[6.2--6.4]",6,"[4.6--7.6]",13,"[12.5--13.6]",14.2,"[11.1--19.2]",72
"Aves","Cyanoramphus auriceps","All",0.8,"A",6.1,"[6.1--6.2]",6.3,"[5.2--7.6]",12.5,"[12.3--12.5]",12.7,"[11.9--13.6]",194
"Aves","Cyanoramphus novaezelandiae","Male",0.7,"A",4.8,"[4.7--4.9]",5.2,"[4.4--6.1]",11.6,"[11.3--12.1]",12.3,"[11--15.6]",223
"Aves","Cyanoramphus novaezelandiae","Female",0.6,"A",4.2,"[4.1--4.3]",4.4,"[3.7--5.2]",12.6,"[11.4--13.4]",12.3,"[10.4--15]",180
"Aves","Cyanoramphus novaezelandiae","All",0.6,"A",4.5,"[4.5--4.6]",4.7,"[4.2--5.2]",10.7,"[10.6--10.8]",11.5,"[10.1--13.3]",477
"Aves","Cyclopsitta diophthalma","Male",1.1,"A",5.8,"[5.7--6.1]",5.7,"[4.7--6.8]",10.8,"[9.8--11.7]",12.5,"[10.3--16]",100
"Aves","Cyclopsitta diophthalma","Female",1.1,"A",5,"[4.7--5.1]",4.8,"[4--5.7]",10.9,"[10.4--11.8]",11.2,"[9.3--14]",113
"Aves","Cyclopsitta diophthalma","All",1,"A",5.4,"[5.2--5.5]",5.5,"[4.7--6.3]",14.6,"[14--14.7]",14.3,"[12.2--17.2]",241
"Aves","Cygnus atratus","Male",1.8,"A",14.5,"[14.4--14.6]",14.4,"[13.4--15.3]",33.6,"[33.4--35]",32.9,"[29.9--36.2]",966
"Aves","Cygnus atratus","Female",1.8,"A",13.2,"[13.2--13.3]",13.7,"[12.9--14.6]",32.3,"[31.8--32.6]",32.7,"[30--35.8]",1136
"Aves","Cygnus atratus","All",1.5,"A",13.4,"[13.3--13.5]",13.7,"[13.1--14.2]",29.2,"[29.1--29.2]",29.6,"[28.3--31.1]",3153
"Aves","Cygnus buccinator","Male",3,"A",14.3,"[14.2--14.4]",13.4,"[11.8--14.9]",21.6,"[21.6--21.8]",22,"[20.5--24]",172
"Aves","Cygnus buccinator","All",3,"A",12.5,"[12.4--12.5]",12.8,"[11.9--13.8]",22,"[22--22.1]",22.7,"[21.1--24.7]",405
"Aves","Cygnus columbianus","Male",4.9,"A",16.9,"[16.8--17.1]",15.7,"[12.8--18.7]",26.9,"[26.9--27]",26.3,"[23.5--31.6]",73
"Aves","Cygnus columbianus","Female",7,"A",15.5,"[15.3--15.6]",14.9,"[12.8--17.4]",23.5,"[22--26.1]",25,"[21.1--31.5]",59
"Aves","Cygnus columbianus","All",3.9,"A",14.4,"[14.2--14.5]",14,"[12.2--15.9]",26.9,"[26.9--27]",25.9,"[23.7--28.5]",162
"Aves","Cygnus cygnus","Male",4,"A",18.2,"[18.1--18.2]",15.4,"[12.6--18.4]",26.5,"[26.3--26.7]",30.8,"[25.1--40.5]",76
"Aves","Cygnus cygnus","All",4,"A",16.1,"[16--16.3]",14.4,"[12.4--16.9]",28.5,"[27.2--28.8]",31.8,"[27.2--39]",170
"Aves","Cygnus melancoryphus","Male",1.9,"A",10.5,"[10.4--10.6]",10,"[9.2--10.9]",20.9,"[20.8--22.1]",21.7,"[20.1--23.4]",500
"Aves","Cygnus melancoryphus","Female",1.8,"A",9.9,"[9.9--10]",9.5,"[8.7--10.2]",20.5,"[20.4--20.6]",20.7,"[19.3--22.6]",568
"Aves","Cygnus melancoryphus","All",1.3,"A",8.9,"[8.8--8.9]",8.6,"[8.1--9.2]",20.5,"[20.4--20.6]",20.8,"[19.6--21.9]",1342
"Aves","Cygnus olor","Male",1.5,"A",9.5,"[9.4--9.6]",9.4,"[8.4--10.5]",25,"[25--25.1]",24.8,"[22.5--27.8]",438
"Aves","Cygnus olor","Female",1.5,"A",11.7,"[11.7--11.8]",11.2,"[10.1--12.3]",24,"[23.9--24.1]",23.9,"[21.6--26.8]",405
"Aves","Cygnus olor","All",1.6,"A",10,"[9.9--10.2]",10,"[9.3--10.8]",25,"[25--25.1]",24.4,"[22.6--26.7]",988
"Aves","Dacelo leachii","Male",1,"A",16.3,"[15.6--16.5]",14.9,"[12.8--17.2]",26.8,"[25.4--27.3]",27.8,"[23.6--35.3]",164
"Aves","Dacelo leachii","Female",2.6,"A",15.6,"[15.4--16.1]",15.2,"[12.8--17.5]",22.4,"[22.2--23.1]",22.8,"[21.3--25]",129
"Aves","Dacelo leachii","All",1.1,"A",15.5,"[15.4--16.1]",14.6,"[13.2--16.2]",27.3,"[25.4--27.4]",27.5,"[24.4--32.1]",335
"Aves","Dacelo novaeguineae","Male",1.6,"A",16.8,"[16.8--16.9]",16.5,"[15.2--17.8]",28.9,"[28.8--29.1]",29,"[27.5--31.1]",777
"Aves","Dacelo novaeguineae","Female",1.8,"A",15.8,"[15.7--15.8]",15,"[14.1--15.9]",25.8,"[25.7--25.9]",26.4,"[24.9--28.2]",766
"Aves","Dacelo novaeguineae","All",1,"A",15.5,"[15.5--15.7]",15,"[14.2--15.8]",27.3,"[27.2--27.5]",27.3,"[26.3--28.5]",1972
"Aves","Dendrocygna arborea","Male",1,"A",10.7,"[10.7--10.8]",10.1,"[9--11.3]",20,"[19.8--20.4]",19.8,"[18.1--22.7]",398
"Aves","Dendrocygna arborea","Female",1,"A",10.9,"[10.8--10.9]",10.4,"[9.4--11.5]",18.9,"[18.8--19.8]",19.3,"[17.8--21.3]",415
"Aves","Dendrocygna arborea","All",1,"A",9.7,"[9.6--9.7]",9.4,"[8.7--10.2]",18.8,"[18.6--18.8]",19.2,"[18.1--20.8]",972
"Aves","Dendrocygna arcuata","Male",1.2,"A",10.8,"[10.6--10.9]",10.6,"[9.2--11.9]",17.8,"[17.8--17.9]",17.6,"[16.3--19.8]",224
"Aves","Dendrocygna arcuata","All",0.8,"A",8.8,"[8.8--8.9]",8.7,"[8--9.6]",18.1,"[17.9--18.3]",18.3,"[17.1--19.9]",653
"Aves","Dendrocygna autumnalis","Male",1.1,"A",8.8,"[8.7--8.9]",8.9,"[8.2--9.6]",17.5,"[17.3--17.6]",18.9,"[17.2--21.1]",501
"Aves","Dendrocygna autumnalis","Female",1.1,"A",9.1,"[9.1--9.2]",8.7,"[8--9.5]",24.7,"[24.4--26.4]",20.4,"[18.5--22.8]",541
"Aves","Dendrocygna autumnalis","All",1,"A",8.8,"[8.7--8.8]",8.8,"[8.3--9.3]",16,"[16--16.1]",15.9,"[15.3--16.5]",1505
"Aves","Dendrocygna bicolor","Male",0.7,"A",7.9,"[7.8--7.9]",7.9,"[7.4--8.5]",17.7,"[17.5--18]",17.3,"[16.4--18.4]",1036
"Aves","Dendrocygna bicolor","Female",0.6,"A",6.8,"[6.8--6.9]",6.8,"[6.4--7.2]",17.7,"[17.3--17.8]",17.4,"[16.1--18.9]",1242
"Aves","Dendrocygna bicolor","All",0.7,"A",8.7,"[8.6--8.8]",7.9,"[7.5--8.3]",17.7,"[17.7--17.8]",17.2,"[16.6--17.9]",3726
"Aves","Dendrocygna eytoni","Male",2.2,"A",10,"[9.9--10.3]",9.8,"[8.9--10.8]",18.1,"[17.5--18.4]",18.7,"[17.3--20.3]",304
"Aves","Dendrocygna eytoni","Female",1.1,"A",8.5,"[8.4--8.6]",8.4,"[7.4--9.4]",17.5,"[16.8--17.6]",17.7,"[16.4--19.4]",358
"Aves","Dendrocygna eytoni","All",1.1,"A",8.9,"[8.8--9]",8.8,"[8.1--9.4]",20.4,"[20.2--20.6]",23,"[21--25.5]",844
"Aves","Dendrocygna guttata","Male",0.9,"A",8.7,"[8.6--8.8]",9.5,"[8.1--11.1]",21.2,"[20.6--22]",22.5,"[17.8--29.8]",206
"Aves","Dendrocygna javanica","Female",0.3,"A",6.5,"[6.5--6.6]",6.5,"[5.5--7.8]",17.8,"[17.6--17.9]",16.4,"[13.9--20]",171
"Aves","Dendrocygna javanica","All",0.8,"A",7.2,"[7.1--7.4]",7.7,"[6.8--8.7]",19.8,"[19.7--20.4]",20.2,"[18--23.3]",337
"Aves","Dendrocygna viduata","Female",1.1,"A",8.6,"[8.6--8.7]",8.4,"[8.2--8.7]",15.3,"[15.2--15.3]",15.9,"[15.3--16.5]",2291
"Aves","Deroptyus accipitrinus","Female",4.2,"A",15.4,"[15.2--16]",15.1,"[12.3--18.4]",28.7,"[26.3--28.8]",32.9,"[26.9--44.3]",89
"Aves","Deroptyus accipitrinus","All",4.4,"A",17.1,"[15.3--17.3]",16.3,"[14.1--18.7]",28.8,"[28.7--28.8]",32,"[27.6--43]",174
"Aves","Dinemellia dinemelli","Male",1.3,"A",8.5,"[8.4--8.6]",8.4,"[7.2--9.8]",17.7,"[17.5--17.8]",19.4,"[16.4--24.3]",158
"Aves","Dinemellia dinemelli","Female",1.2,"A",7.2,"[7--7.3]",6.8,"[5.8--7.9]",15.1,"[15--15.4]",16.6,"[14--20.2]",159
"Aves","Dinemellia dinemelli","All",0.9,"A",7.6,"[7.5--7.6]",7.1,"[6.3--8]",17.5,"[17.1--17.8]",16.7,"[15.4--18.3]",384
"Aves","Diopsittaca nobilis","All",1.9,"A",13.4,"[13.3--13.5]",13.3,"[11.7--15.1]",25.7,"[25.4--26.1]",30.4,"[25.8--39.8]",442
"Aves","Dromaius novaehollandiae","Male",2,"A",24.4,"[24.4--24.5]",24.3,"[22.6--26]",38,"[37.6--38.7]",38.1,"[36--41.5]",955
"Aves","Dromaius novaehollandiae","Female",2.3,"A",20,"[19.9--20.2]",19.3,"[17.9--20.6]",39.5,"[38--39.8]",38.9,"[35.5--43]",951
"Aves","Dromaius novaehollandiae","All",1.9,"A",21.3,"[21.2--21.3]",20.9,"[19.9--22]",43.9,"[43.8--43.9]",43.8,"[40.8--47.8]",2661
"Aves","Ducula aenea","Female",0.7,"A",8.9,"[8.8--9.5]",8.7,"[6.9--11]",20.8,"[20.3--21.4]",23.8,"[19--31]",132
"Aves","Ducula aenea","All",0.7,"A",7.8,"[7.7--7.9]",7.4,"[6.3--8.7]",16.1,"[16.1--16.2]",17.2,"[15.4--20.9]",308
"Aves","Ducula bicolor","Male",1.8,"A",13.3,"[13.2--13.4]",13.2,"[11.9--14.7]",31.6,"[30.8--32.1]",32.5,"[29.3--39]",600
"Aves","Ducula bicolor","Female",1,"A",10.2,"[10.2--10.3]",10.3,"[9.3--11.5]",31.8,"[31.8--32.2]",30.4,"[26.6--35.5]",662
"Aves","Ducula bicolor","All",0.9,"A",11.1,"[11--11.2]",11.2,"[10.5--12.1]",31.4,"[31.2--31.6]",30.4,"[28.8--32.3]",1900
"Aves","Dumetella carolinensis","All",1,"A",4.2,"[4.1--4.3]",4.3,"[3.2--5.5]",7.7,"[6.9--9.4]",8.6,"[6.7--11.7]",36
"Aves","Eclectus roratus","Female",1.4,"A",14.7,"[14.6--14.7]",14.7,"[13.3--16.1]",36.7,"[36.2--38.2]",36.5,"[31.2--43.6]",794
"Aves","Eclectus roratus","All",1.2,"A",12.7,"[12.7--12.8]",12.7,"[11.9--13.5]",19.4,"[19.4--19.5]",20.3,"[19.3--21.6]",1639
"Aves","Egretta caerulea","All",1,"A",8.5,"[8.4--8.6]",8.3,"[6.7--10.1]",20.1,"[19.4--20.3]",19.9,"[17.4--22.4]",114
"Aves","Egretta garzetta","Male",1.1,"A",11.3,"[11.3--11.4]",11,"[9.9--12]",20.4,"[20.2--20.5]",20.4,"[19.1--21.9]",413
"Aves","Egretta garzetta","Female",0.9,"A",9.9,"[9.8--10]",9.6,"[8.6--10.7]",20,"[19.4--20.1]",20.2,"[18.8--22.1]",430
"Aves","Egretta garzetta","All",0.9,"A",8.3,"[8.3--8.4]",8.3,"[7.8--8.8]",18.7,"[18.6--18.7]",18.5,"[17.8--19.3]",1753
"Aves","Egretta thula","All",1,"A",10.8,"[10.7--10.9]",10.8,"[9.2--12.5]",20.7,"[19.9--20.8]",21,"[19.1--23.3]",176
"Aves","Emberiza citrinella","All",1,"A",4.3,"[3.9--4.4]",3.9,"[2.9--5.3]",9.6,"[8.7--10.5]",9.6,"[7.3--12.8]",36
"Aves","Entomyzon cyanotis","All",1.9,"A",14.8,"[14.6--15]",13.9,"[12.2--15.7]",27,"[26.4--27.4]",27,"[25.2--29.9]",400
"Aves","Eolophus roseicapilla","Female",1.2,"A",17.2,"[16.9--17.3]",17.3,"[15.7--18.7]",23.2,"[23.1--23.9]",23.6,"[22.5--25.5]",414
"Aves","Eolophus roseicapilla","All",1,"A",19.4,"[19.3--19.5]",18.7,"[17.1--20.2]",30.3,"[29.6--30.4]",38.2,"[32.7--46.3]",1051
"Aves","Eos bornea","Male",1.3,"A",9.8,"[9.6--10.2]",9.6,"[8.1--11.2]",20.7,"[19.8--21]",22.2,"[18.8--26.9]",170
"Aves","Eos bornea","Female",1.8,"A",10.2,"[10--10.6]",10.1,"[8.5--11.8]",18.1,"[16.8--19.3]",18.3,"[16.3--20.8]",120
"Aves","Eos bornea","All",1.7,"A",9.2,"[9.2--9.4]",8.8,"[7.9--9.8]",21.5,"[21--21.9]",23.8,"[20.9--27.3]",438
"Aves","Erythrura psittacea","Male",0.3,"A",2.9,"[2.8--2.9]",3.1,"[2.5--3.7]",7.2,"[6.9--7.3]",7.9,"[6.6--9.7]",110
"Aves","Erythrura psittacea","Female",0.4,"A",2.2,"[2.1--2.3]",2.3,"[1.9--2.7]",4.4,"[4.3--4.6]",4.4,"[4--4.8]",113
"Aves","Erythrura psittacea","All",0.4,"A",2.4,"[2.4--2.5]",2.5,"[2.2--2.7]",7.7,"[7.6--7.9]",7.3,"[6.6--8.1]",454
"Aves","Erythrura tricolor","Male",0.3,"A",6,"[5.9--6.2]",6.1,"[5.3--7]",10.2,"[9.8--10.4]",11.7,"[10.1--13.8]",162
"Aves","Erythrura tricolor","Female",0.8,"A",4.9,"[4.9--5.1]",4.4,"[3.7--5.2]",8.1,"[8--8.2]",10.1,"[8.4--12.6]",136
"Aves","Erythrura tricolor","All",0.3,"A",5.2,"[5.1--5.2]",4.8,"[4.3--5.4]",9.9,"[9.8--10.4]",11.1,"[9.8--12.8]",369
"Aves","Estrilda astrild","Female",0.5,"A",4.7,"[4.5--4.8]",4.5,"[3.6--5.6]",7.9,"[7.2--8.3]",8.3,"[6.7--11.2]",54
"Aves","Estrilda astrild","All",0.5,"A",4.4,"[4.4--4.5]",4.4,"[3.8--5]",8.4,"[8.4--8.5]",8.6,"[7.5--10.2]",156
"Aves","Eudocimus albus","Male",2.2,"A",13.7,"[13.3--14]",12.9,"[11--14.8]",28,"[26.3--30.5]",28.1,"[23.8--34.6]",158
"Aves","Eudocimus albus","Female",2,"A",12.8,"[12.4--13]",12.5,"[10.8--14.3]",24.6,"[24.5--27.1]",25.6,"[22.4--29.8]",179
"Aves","Eudocimus albus","All",1.8,"A",11.9,"[11.8--12]",12.4,"[11.2--13.7]",30.4,"[30.3--30.5]",29.4,"[26.5--33.6]",556
"Aves","Eudocimus ruber","Male",1.7,"A",12.4,"[12.3--12.4]",12.5,"[12.1--12.9]",26.1,"[26--26.1]",26,"[25.1--27]",3324
"Aves","Eudocimus ruber","Female",1.3,"A",11.9,"[11.8--11.9]",11.9,"[11.4--12.3]",25.5,"[25.3--25.5]",25.5,"[24.7--26.3]",3527
"Aves","Eudocimus ruber","All",1,"A",11,"[10.9--11]",10.9,"[10.7--11.2]",25.8,"[25.8--25.9]",25.4,"[24.9--26]",9797
"Aves","Eudromia elegans","Male",0.6,"A",3.3,"[3.2--3.3]",3.4,"[3.1--3.7]",11.1,"[10.8--11.2]",10.4,"[9.3--11.5]",498
"Aves","Eudromia elegans","Female",0.7,"A",2.3,"[2.3--2.4]",2.5,"[2.2--2.7]",8.2,"[8.1--8.3]",8.2,"[7.4--9.2]",475
"Aves","Eudyptes chrysocome","Male",4.8,"A",25.4,"[25.2--25.9]",26.2,"[24.5--27.9]",34.9,"[34.5--35]",36.5,"[34.2--39.2]",271
"Aves","Eudyptes chrysocome","Female",5.1,"A",30.3,"[29.9--30.5]",29.7,"[27.5--31.8]",36.8,"[36.7--36.8]",37.7,"[36.1--40]",266
"Aves","Eudyptes chrysocome","All",5,"A",28.2,"[27.8--28.5]",28,"[26.6--29.4]",36.7,"[36.7--36.8]",37,"[35.8--38.6]",605
"Aves","Eudyptes chrysolophus","All",4.8,"A",25.9,"[25.8--26]",26.9,"[25.2--28.7]",34.3,"[33.8--34.9]",34.2,"[32.5--36.9]",260
"Aves","Eudyptes moseleyi","Male",5.9,"A",24.9,"[20.8--25.1]",23.7,"[21--26.7]",30.5,"[29.8--31]",31.4,"[29.1--35.4]",97
"Aves","Eudyptula minor","Male",1.8,"A",9.9,"[9.8--9.9]",9.7,"[8.9--10.5]",17.4,"[17.4--17.5]",17.8,"[16.5--19.6]",356
"Aves","Eudyptula minor","Female",1.6,"A",9.1,"[9--9.1]",8.6,"[7.7--9.8]",18.7,"[18.7--18.8]",18.7,"[17.2--20.3]",328
"Aves","Eudyptula minor","All",1.4,"A",8.7,"[8.7--8.8]",8.4,"[7.8--9.2]",17,"[16.9--17]",16.9,"[16.1--17.7]",765
"Aves","Euphonia violacea","Male",0.8,"A",3,"[2.9--3.2]",3.3,"[2.8--3.9]",7.3,"[7.1--8.3]",7.4,"[6.3--9]",124
"Aves","Euphonia violacea","Female",0.7,"A",2.9,"[2.8--2.9]",2.8,"[2.4--3.4]",8.4,"[8.1--8.8]",7.8,"[6.4--9.7]",114
"Aves","Euphonia violacea","All",0.6,"A",2.8,"[2.7--2.9]",2.8,"[2.5--3.2]",8.3,"[8.3--8.4]",7.5,"[6.5--8.6]",273
"Aves","Euplectes orix","Male",1.5,"A",9.2,"[9.2--9.3]",9.1,"[8.1--10.2]",18,"[17.8--18.3]",18.1,"[16--20.9]",166
"Aves","Euplectes orix","Female",1.1,"A",7.6,"[7.3--7.7]",7.3,"[6.1--8.7]",14.6,"[14.2--15]",16.1,"[13.5--20.3]",141
"Aves","Euplectes orix","All",0.9,"A",7.4,"[7.4--7.5]",7.4,"[6.7--8.2]",17.5,"[17.3--17.7]",17.3,"[15.7--19.4]",458
"Aves","Eurypyga helias","Male",1.5,"A",16,"[15.9--16.4]",15.8,"[13.9--17.7]",29,"[28.8--29.3]",28.9,"[26.9--31.6]",273
"Aves","Eurypyga helias","Female",1.5,"A",11.8,"[11.7--11.8]",11.1,"[10.1--12.3]",24.1,"[23.9--24.2]",23.8,"[21.5--26.4]",269
"Aves","Eurypyga helias","All",1.4,"A",13.5,"[13.3--13.6]",12.9,"[11.8--14]",27,"[26.8--27.2]",26.9,"[25--29.4]",558
"Aves","Falcipennis falcipennis","Male",1,"A",4.6,"[4.2--4.7]",4.7,"[3.8--5.7]",8.1,"[7.7--8.6]",8.9,"[7.5--10.9]",69
"Aves","Falcipennis falcipennis","All",1,"A",5.4,"[5.2--5.6]",5,"[4.2--5.8]",10.3,"[10.2--10.4]",10.1,"[9.1--11.6]",174
"Aves","Falco biarmicus","Male",4.1,"A",19.9,"[19.5--20]",19.3,"[17.3--21.3]",25.4,"[25.3--25.5]",25.6,"[23.7--28.4]",123
"Aves","Falco biarmicus","All",1.8,"A",16.9,"[16.8--17]",17.2,"[15.8--18.6]",24.6,"[24.1--24.9]",25.4,"[23.6--27.9]",345
"Aves","Falco cherrug","Male",1.8,"A",15.2,"[14.9--15.4]",15.8,"[13.9--17.8]",22,"[21.7--22.1]",22.9,"[21--26.4]",209
"Aves","Falco cherrug","All",1.8,"A",15.7,"[15.6--16]",16.1,"[14.9--17.3]",22,"[21.7--22.1]",22.2,"[21.1--23.8]",471
"Aves","Falco peregrinus","Male",4,"A",16.4,"[16.4--16.5]",15.4,"[14--17]",22.8,"[21.4--24]",24.2,"[21.5--28.9]",176
"Aves","Falco peregrinus","Female",2.3,"A",14.9,"[14.8--14.9]",15,"[13.8--16.2]",21.4,"[21.3--21.5]",22.8,"[20.6--25.7]",158
"Aves","Falco peregrinus","All",1.7,"A",14.2,"[14.2--14.3]",14.7,"[13.7--15.7]",20.5,"[20.4--20.6]",20.5,"[19.6--21.5]",405
"Aves","Falco sparverius","Male",2,"A",7.9,"[7.8--8.3]",7.8,"[6.4--9.4]",15.9,"[15.4--16.7]",18.1,"[15.3--23.6]",131
"Aves","Falco sparverius","All",2,"A",7.9,"[7.8--7.9]",7.9,"[6.7--9.2]",17.5,"[17.3--17.8]",18.4,"[16.5--22.9]",284
"Aves","Falco tinnunculus","Male",1,"A",9.2,"[8.9--9.5]",8.3,"[6.5--10.5]",16.3,"[16.2--16.3]",19,"[15.8--26.4]",118
"Aves","Falco tinnunculus","Female",1,"A",9.3,"[8.9--9.5]",9.3,"[7.8--11.2]",19.5,"[19.3--20.1]",21.3,"[17.3--27.6]",145
"Aves","Falco tinnunculus","All",1,"A",9.1,"[8.9--9.2]",8.5,"[7.5--9.7]",24.3,"[24.2--25.3]",22.6,"[19.2--27.4]",351
"Aves","Forpus coelestis","Female",0.6,"A",7.6,"[7.4--7.7]",6.2,"[4.3--8.6]",11,"[10.8--11.4]",11.1,"[10.1--13]",50
"Aves","Forpus coelestis","All",0.8,"A",5.7,"[5.5--5.8]",5.6,"[4.6--6.7]",11.1,"[10.8--11.4]",11.1,"[10.1--12.2]",155
"Aves","Foudia madagascariensis","Male",0.9,"A",7,"[6.7--7.3]",6.9,"[6--8]",13.9,"[13.8--13.9]",15.6,"[12.8--20.3]",226
"Aves","Foudia madagascariensis","Female",0.9,"A",8.5,"[8.4--8.6]",7.7,"[6.5--9]",17.4,"[17.2--17.9]",18.3,"[15.1--23.6]",202
"Aves","Foudia madagascariensis","All",0.9,"A",7,"[7--7.1]",7.2,"[6.6--7.9]",19.6,"[19.2--19.7]",18.1,"[15.7--21.2]",644
"Aves","Fratercula cirrhata","All",3,"A",16.2,"[16.1--16.7]",16.2,"[14.2--18.5]",28,"[27.7--28.6]",30.6,"[27.6--40.3]",334
"Aves","Fringilla coelebs","All",1,"A",4.1,"[3.6--4.5]",3.9,"[3--5]",7.3,"[6.8--8.4]",8.3,"[6.5--11.7]",35
"Aves","Fulica americana","All",1,"A",3.7,"[3.7--3.8]",3.8,"[2.9--5]",10.6,"[9.4--12.5]",8.9,"[6.9--11.9]",43
"Aves","Gallicolumba crinigera","Male",0.8,"A",5.4,"[5.4--5.5]",6.2,"[5.3--7.1]",19.2,"[18.2--19.5]",20,"[16.8--24.2]",306
"Aves","Gallicolumba crinigera","Female",0.8,"A",5.5,"[5.5--5.6]",5.5,"[4.8--6.3]",16.7,"[16.2--17.3]",16.6,"[14.4--19.3]",258
"Aves","Gallicolumba crinigera","All",0.7,"A",5.2,"[5.2--5.3]",5.5,"[5--6]",18.1,"[18--18.2]",18,"[15.8--21]",641
"Aves","Gallicolumba luzonica","Male",0.8,"A",5.4,"[5.4--5.5]",5.4,"[4.9--6]",20,"[19.5--20.2]",19.7,"[17.4--22.4]",699
"Aves","Gallicolumba luzonica","Female",0.9,"A",5.4,"[5.4--5.5]",5.5,"[5--6]",15.7,"[15.5--15.8]",15.4,"[14--17]",618
"Aves","Gallicolumba luzonica","All",0.7,"A",5.3,"[5.3--5.4]",5.3,"[4.9--5.6]",17.9,"[17.9--18]",17.7,"[16.5--19.2]",1553
"Aves","Gallicolumba rufigula","Male",1,"A",5.5,"[5.4--5.6]",6.1,"[4.6--8]",17.5,"[16.4--20.5]",18.5,"[13.6--25.7]",81
"Aves","Gallicolumba rufigula","All",0.6,"A",4.5,"[4.4--4.5]",5.1,"[4.2--6.2]",16.8,"[16.4--17.4]",17,"[13.5--22.4]",207
"Aves","Gallicolumba tristigmata","Male",1,"A",9.3,"[8.7--9.4]",9.6,"[7.6--12]",19.7,"[18--20.1]",23.7,"[18.4--32.2]",109
"Aves","Gallicolumba tristigmata","Female",1,"A",9.5,"[9.4--9.8]",9.1,"[7.1--11.7]",21.7,"[21.2--22.3]",21.2,"[18.2--26.3]",89
"Aves","Gallicolumba tristigmata","All",1,"A",9.3,"[9.3--9.4]",9,"[7.6--10.6]",20.5,"[20.1--21.2]",21.2,"[18.6--26]",241
"Aves","Gallinula chloropus","Male",1,"A",8,"[7.5--8.1]",7.8,"[6--9.8]",12.8,"[12.6--12.8]",13.3,"[12.3--14.8]",60
"Aves","Gallinula chloropus","Female",1,"A",5.5,"[5.4--6.1]",6.1,"[4.7--7.8]",13.3,"[13.2--13.5]",13.4,"[11.9--15.8]",64
"Aves","Gallinula chloropus","All",1,"A",5.9,"[5.8--6]",6,"[5.3--7]",12.7,"[12.6--12.8]",12.6,"[12.1--13.3]",289
"Aves","Gallirallus australis","Female",1,"A",6.8,"[6.7--6.8]",6.6,"[4.9--8.4]",12.2,"[11.6--12.3]",12.1,"[11--13.4]",52
"Aves","Gallirallus australis","All",1,"A",8.1,"[8--8.1]",7.4,"[6.1--8.9]",13,"[12.8--13.7]",13.7,"[12.6--15.2]",118
"Aves","Gallus gallus","Female",0.7,"A",4.5,"[4.5--4.6]",4.5,"[4.4--4.7]",10.3,"[10.2--10.4]",10.4,"[10.1--10.6]",7450
"Aves","Gallus lafayetii","Male",1.4,"A",7.5,"[7.1--7.6]",7.2,"[5.8--8.9]",14.5,"[13.3--15.4]",14.4,"[11.5--18.9]",54
"Aves","Gallus lafayetii","Female",1.4,"A",7,"[6.9--7.4]",6.4,"[5--8.1]",12.2,"[12.2--12.3]",12.7,"[11.4--15.5]",61
"Aves","Gallus lafayetii","All",1.4,"A",7.4,"[7.1--7.6]",7,"[6--8]",13.5,"[13.3--13.8]",13.6,"[12--16]",116
"Aves","Gallus sonneratii","Male",1,"A",5.7,"[5.6--5.9]",5.6,"[4.6--6.7]",12.1,"[11.9--12.2]",11.8,"[10.7--13.1]",134
"Aves","Gallus sonneratii","Female",1.2,"A",6.4,"[6.3--6.4]",6.2,"[5.2--7.3]",14.1,"[13.8--14.7]",14,"[12--17.3]",138
"Aves","Gallus sonneratii","All",0.8,"A",5.4,"[5.3--5.4]",5.4,"[4.8--6]",10.9,"[10.9--11]",10.7,"[10.1--11.5]",343
"Aves","Gallus varius","Male",1,"A",5.8,"[5.7--6]",6.1,"[5.3--6.8]",13.8,"[13.6--14.5]",11.7,"[10.1--13.7]",161
"Aves","Gallus varius","Female",1.2,"A",7,"[6.9--7]",6.8,"[6.1--7.7]",11.6,"[11.4--12.3]",11.7,"[10.5--13.3]",136
"Aves","Gallus varius","All",1,"A",6.5,"[6.5--6.6]",6.4,"[5.9--7]",12.7,"[12.5--13.1]",11.8,"[10.8--13.1]",317
"Aves","Garrulax leucolophus","Male",2,"A",13,"[12.9--13.2]",12.8,"[11--14.7]",25.1,"[24.9--25.3]",25.3,"[21.6--30.3]",150
"Aves","Garrulax leucolophus","Female",1.2,"A",11.4,"[11.3--11.5]",10.4,"[8.4--12.8]",24.7,"[24.2--25.3]",25.2,"[21.5--31.5]",138
"Aves","Garrulax leucolophus","All",0.9,"A",11.2,"[11.1--11.3]",11,"[9.5--12.8]",25.4,"[24.9--26]",25.9,"[23.5--28.7]",351
"Aves","Geococcyx californianus","Male",0.9,"A",6.1,"[6--6.3]",6.2,"[5.3--7.1]",12,"[11.8--12]",12.1,"[11.4--12.9]",194
"Aves","Geococcyx californianus","Female",0.7,"A",4.7,"[4.6--4.7]",4.7,"[4--5.3]",10.6,"[10.5--10.9]",10.8,"[9.6--12.2]",216
"Aves","Geococcyx californianus","All",0.7,"A",5,"[4.9--5]",5.1,"[4.7--5.6]",11.6,"[11.5--11.6]",12,"[11.2--12.9]",445
"Aves","Geokichla citrina","Male",1,"A",6.2,"[5.9--6.7]",6.5,"[5.1--8.3]",13.6,"[13.5--13.9]",13.9,"[12.7--15]",95
"Aves","Geokichla citrina","All",0.7,"A",4.1,"[4--4.2]",4.4,"[3.7--5]",11.5,"[11.5--11.6]",10.9,"[9.8--12.1]",248
"Aves","Geokichla dohertyi","Male",0.7,"A",3.2,"[3.1--3.4]",3.3,"[2.9--3.8]",10,"[10--10.1]",9.5,"[8.2--11.2]",225
"Aves","Geokichla dohertyi","Female",0.8,"A",3.7,"[3.7--3.8]",3.7,"[3.3--4.2]",10.8,"[10.7--10.9]",10.3,"[9--11.7]",228
"Aves","Geokichla dohertyi","All",0.7,"A",3.3,"[3.3--3.4]",3.4,"[3.1--3.8]",10.2,"[10.2--10.3]",9.8,"[8.9--10.9]",480
"Aves","Geopelia cuneata","Male",0.3,"A",5.1,"[5--5.3]",5.1,"[4.7--5.6]",9.4,"[9.3--9.5]",9.8,"[9.2--10.6]",444
"Aves","Geopelia cuneata","Female",0.4,"A",4.7,"[4.7--4.8]",4.7,"[4.3--5.1]",9.2,"[9.2--9.3]",9,"[8.4--9.8]",480
"Aves","Geopelia humeralis","Female",0.6,"A",7.2,"[7--7.3]",6.9,"[5.7--8.3]",15.1,"[14.9--15.3]",16.5,"[13.3--21.7]",130
"Aves","Geopelia humeralis","All",0.6,"A",6.8,"[6.8--6.9]",6.6,"[6--7.3]",14.6,"[14.5--14.6]",15.4,"[13.5--18]",581
"Aves","Geopelia placida","Male",0.2,"A",6.2,"[6.1--6.3]",6.5,"[5.5--7.3]",11.1,"[10.8--11.3]",11.7,"[10.4--13.4]",111
"Aves","Geopelia placida","Female",0.2,"A",5.3,"[5.1--5.4]",5.4,"[4.2--6.8]",12.9,"[12.7--13.3]",13.7,"[11.3--17.1]",96
"Aves","Geopelia placida","All",0.2,"A",4,"[4--4.1]",4,"[3.6--4.4]",11.2,"[11.1--11.2]",11.4,"[10.5--12.5]",834
"Aves","Geophaps scripta","Male",1.2,"A",9,"[8.8--9.2]",9.2,"[7.4--10.9]",15.3,"[14.8--16.4]",16.5,"[13.8--21.3]",53
"Aves","Geophaps scripta","Female",1.3,"A",6.7,"[6.4--7.1]",6.4,"[5.1--8]",13.4,"[13.3--13.6]",14.5,"[11.6--19.1]",61
"Aves","Geophaps scripta","All",0.7,"A",6.4,"[6.3--7.1]",6.3,"[5.1--7.7]",14.5,"[14--14.8]",15.1,"[13.5--17.4]",170
"Aves","Geotrygon versicolor","Male",1,"A",7.7,"[7.6--7.9]",7.8,"[6.5--9.2]",20.1,"[20.1--20.3]",20.8,"[17.4--25.2]",143
"Aves","Geotrygon versicolor","Female",0.8,"A",7.5,"[7.4--7.6]",6.9,"[5.6--8.3]",15.8,"[15.6--16.1]",15.8,"[13.4--18.9]",126
"Aves","Geotrygon versicolor","All",0.7,"A",6.6,"[6.5--6.6]",6.4,"[5.5--7.3]",20.4,"[20.2--21.4]",22.7,"[19.5--27.3]",376
"Aves","Geronticus calvus","Male",2.7,"A",14.4,"[14.4--14.5]",13.5,"[11.2--16]",21.6,"[21.4--21.6]",23.3,"[21.4--26.6]",121
"Aves","Geronticus calvus","Female",2.7,"A",12.4,"[12.3--12.5]",12.2,"[10.1--15.2]",24.2,"[23.8--24.3]",28.5,"[22.7--39.6]",128
"Aves","Geronticus calvus","All",2.7,"A",14.5,"[14.4--14.5]",13.6,"[11.9--15.7]",27.9,"[27.8--28]",31.4,"[26.8--39.6]",261
"Aves","Geronticus eremita","Male",2,"A",17.1,"[17.1--17.2]",16.6,"[15.8--17.4]",30.2,"[30.2--30.3]",30.9,"[29.6--32.2]",1602
"Aves","Geronticus eremita","Female",2,"A",16,"[16--16.1]",15.6,"[14.9--16.4]",29.1,"[29--29.2]",29.8,"[28.6--31.2]",1601
"Aves","Geronticus eremita","All",2,"A",15.6,"[15.6--15.7]",15.3,"[14.8--15.8]",29.5,"[29.4--29.5]",30.1,"[29.2--31.1]",3751
"Aves","Glaucidium brasilianum","All",1,"A",7.4,"[7.3--7.4]",6.8,"[5.3--8.2]",11.9,"[11.6--12]",12.7,"[10.6--16.4]",61
"Aves","Glaucidium passerinum","Male",1,"A",5.4,"[5.3--5.6]",5.1,"[3.6--6.8]",8.9,"[8.9--9]",9.1,"[8--11]",35
"Aves","Glaucidium passerinum","Female",1,"A",5.1,"[4.9--5.5]",5.7,"[4.5--6.9]",10.2,"[10--10.2]",10.5,"[8.6--14.2]",45
"Aves","Glaucidium passerinum","All",1,"A",5.4,"[5.4--5.5]",5.6,"[4.7--6.5]",10.1,"[10--10.2]",10.5,"[9.2--12.6]",94
"Aves","Glossopsitta concinna","Male",1.1,"A",9.6,"[9.5--10]",9.1,"[7.4--10.7]",16.3,"[15.9--16.5]",17.9,"[14.9--23.3]",94
"Aves","Glossopsitta concinna","All",1.1,"A",6.4,"[6.3--6.5]",6.5,"[5.7--7.4]",17.3,"[16.5--17.4]",18.2,"[15.6--21.3]",279
"Aves","Glossopsitta porphyrocephala","Male",0.8,"A",4.1,"[4--4.2]",4.4,"[3.7--5.2]",9.5,"[8.5--10.2]",9.2,"[7.7--11.1]",80
"Aves","Glossopsitta porphyrocephala","Female",0.9,"A",3.4,"[3.3--3.5]",3.5,"[2.9--4.3]",9,"[8.4--9.4]",9,"[7.5--10.7]",74
"Aves","Glossopsitta porphyrocephala","All",0.8,"A",3.1,"[3.1--3.2]",3.1,"[2.8--3.4]",7,"[6.9--7]",7.1,"[6.4--8]",291
"Aves","Glossopsitta pusilla","Male",1.5,"A",7.2,"[7.1--7.3]",6.9,"[5.7--8.2]",13.7,"[13.6--13.7]",14.4,"[12--19]",111
"Aves","Glossopsitta pusilla","Female",1.6,"A",5.6,"[5.5--5.6]",6.1,"[5.3--7]",9.6,"[9.6--9.7]",10.3,"[8.9--12.3]",87
"Aves","Glossopsitta pusilla","All",0.9,"A",5.6,"[5.5--5.6]",5.7,"[5--6.4]",12.5,"[11.7--13.6]",12.7,"[11.1--14.9]",266
"Aves","Goura cristata","Male",1.8,"A",11.7,"[11.3--11.8]",11.7,"[9.4--14.4]",26.8,"[26.3--28.6]",37.9,"[29.2--54]",152
"Aves","Goura cristata","All",1.5,"A",11.9,"[11.7--12.1]",11.6,"[9.8--13.8]",31,"[30.8--31.2]",33.4,"[29.5--42.4]",372
"Aves","Goura victoria","Male",1.8,"A",16.2,"[16.1--16.3]",15,"[13.2--17.2]",34.7,"[34.3--35.8]",36.8,"[32--44.9]",349
"Aves","Goura victoria","Female",1.8,"A",13.6,"[13.5--13.6]",13.3,"[11.7--15.2]",28.7,"[28--30]",30.8,"[27.3--36.9]",345
"Aves","Goura victoria","All",1.5,"A",14.4,"[14.3--14.4]",13.8,"[12.6--15.2]",32.7,"[32.6--32.8]",32.5,"[29.9--35.7]",777
"Aves","Gracula religiosa","Male",1.5,"A",8.6,"[8.5--8.7]",8.8,"[7.2--10.6]",15.6,"[15.3--15.9]",18.7,"[14.9--25.1]",119
"Aves","Gracula religiosa","Female",1.3,"A",7.9,"[7.8--8.1]",8.4,"[6.9--10.1]",15.5,"[14.8--17.5]",16.4,"[14.5--19.4]",136
"Aves","Gracula religiosa","All",0.9,"A",7.5,"[7.4--7.6]",7.4,"[6.5--8.5]",15.9,"[15.3--17.5]",16.4,"[15--18.8]",373
"Aves","Grus americana","Female",3.9,"A",28.9,"[28.6--30.2]",28.9,"[24.4--33]",38.8,"[37.2--39.1]",40.2,"[37.3--45.8]",102
"Aves","Grus americana","All",3.9,"A",30.1,"[30--30.2]",29.8,"[26.6--32.3]",38.7,"[37.8--39.1]",39.6,"[37.5--43.8]",208
"Aves","Grus antigone","Male",3.1,"A",24.2,"[22.9--24.5]",22.2,"[19.1--25.6]",37.3,"[34.8--40.3]",44.5,"[36.3--59.2]",213
"Aves","Grus antigone","All",3.3,"A",21.7,"[21.7--21.8]",20.8,"[18.6--23.4]",37.9,"[37.2--38.2]",40.2,"[36.3--49.1]",458
"Aves","Grus canadensis","Male",3.6,"A",19.8,"[19.5--20]",19.2,"[17--21.6]",36.8,"[36.3--37.5]",37.1,"[34.7--40.5]",320
"Aves","Grus canadensis","Female",3,"A",20.5,"[20.2--20.9]",19.4,"[17--22.1]",38,"[37.3--38.9]",38.2,"[35.5--42]",338
"Aves","Grus canadensis","All",2.9,"A",19.1,"[19--19.2]",18.1,"[16.6--19.8]",36.8,"[36.8--36.9]",36.8,"[34.7--39.8]",920
"Aves","Grus grus","Female",5,"A",20.3,"[20.2--20.4]",19.7,"[17.1--22.8]",31.2,"[31--31.4]",32.8,"[27.9--42.4]",83
"Aves","Grus japonensis","Female",4,"A",23.2,"[23--23.3]",24.1,"[21.7--26.3]",32.4,"[32.3--32.4]",33.2,"[32--35.4]",402
"Aves","Grus japonensis","All",3,"A",28.3,"[27.8--28.6]",27.5,"[25.2--30]",44.7,"[44.7--44.9]",45.4,"[42.9--49.7]",911
"Aves","Grus monacha","Male",2.8,"A",16.9,"[16.8--18]",17.6,"[12.4--23.9]",32.6,"[32.2--32.9]",35,"[30.1--42.8]",48
"Aves","Grus monacha","All",2.8,"A",16.6,"[16.3--16.8]",17.9,"[14.2--22.1]",38,"[37.5--38.6]",39.4,"[34.4--52.8]",108
"Aves","Grus vipio","Female",3.9,"A",19.3,"[19.2--19.3]",19.5,"[17.4--22]",43.3,"[42.6--43.7]",50.2,"[41.9--63.1]",300
"Aves","Grus vipio","All",3,"A",18.5,"[18.4--18.6]",19.1,"[17.4--21]",43.7,"[43.3--43.9]",49,"[42.6--59.7]",659
"Aves","Guaruba guarouba","Male",2.7,"A",14.9,"[14.3--15]",15.1,"[13.4--16.8]",31,"[30--34.5]",31.6,"[27.5--37.6]",250
"Aves","Guaruba guarouba","Female",2.6,"A",12.5,"[12.5--12.6]",13.1,"[11.8--14.5]",22.2,"[22--22.3]",25.1,"[22.2--29.7]",253
"Aves","Guaruba guarouba","All",1.8,"A",14.4,"[14.3--14.5]",14.8,"[13.6--16]",34.5,"[33--36.5]",33.2,"[29.5--38]",612
"Aves","Guira guira","Male",0.6,"A",6.3,"[6.2--6.4]",6.1,"[5.4--6.8]",15,"[15--15.1]",15.5,"[13.9--17.7]",461
"Aves","Guira guira","Female",0.6,"A",4.9,"[4.9--5]",5.2,"[4.7--5.9]",12.2,"[12.1--12.3]",12.3,"[11.4--13.3]",417
"Aves","Guira guira","All",0.4,"A",5,"[4.9--5]",5.1,"[4.8--5.6]",13.7,"[13.6--13.7]",13.5,"[12.7--14.5]",1086
"Aves","Guttera pucherani","Male",1.9,"A",8.6,"[8.5--8.7]",8,"[7--9]",16.1,"[15.5--16.3]",15.8,"[14.8--16.9]",250
"Aves","Guttera pucherani","Female",1.1,"A",7,"[6.9--7]",6.5,"[5.7--7.5]",17.5,"[16.2--18.1]",17.8,"[15.4--21.1]",260
"Aves","Guttera pucherani","All",0.9,"A",6.5,"[6.5--6.6]",6.3,"[5.7--6.9]",16.3,"[16.2--16.3]",16.1,"[15.1--17.3]",640
"Aves","Haematopus ostralegus","Male",3,"A",11.5,"[11.2--12.1]",12.6,"[10.6--14.9]",21.6,"[20.3--23]",22.4,"[18.6--28.9]",77
"Aves","Haematopus ostralegus","All",3.5,"A",11.3,"[11--11.5]",12.2,"[10.9--13.7]",26.9,"[25.1--27.3]",23.8,"[20.5--28.6]",192
"Aves","Himantopus himantopus","Male",1.2,"A",8.1,"[8--8.1]",7.5,"[6.8--8.2]",18.4,"[18.3--18.6]",19,"[17.5--20.5]",621
"Aves","Himantopus himantopus","Female",1,"A",6.3,"[6.2--6.3]",6.3,"[5.7--6.9]",16.9,"[16.9--17]",17.3,"[16--18.6]",599
"Aves","Himantopus himantopus","All",0.9,"A",5.7,"[5.7--5.8]",5.9,"[5.5--6.3]",17.4,"[17.2--17.5]",17.6,"[16.7--18.6]",1781
"Aves","Hirundo neoxena","All",1,"A",6.2,"[6--6.4]",6.2,"[5.2--7.4]",11.6,"[10.8--12.2]",11.5,"[9.7--14.2]",73
"Aves","Histrionicus histrionicus","Male",1,"A",4.7,"[4.7--4.8]",5.4,"[4.4--6.5]",11.8,"[11.5--12.5]",11,"[8.6--14.5]",76
"Aves","Histrionicus histrionicus","Female",1.5,"A",5.8,"[5.5--5.9]",5.7,"[4.6--7]",11.6,"[10.1--12.7]",12.3,"[10.1--15.9]",57
"Aves","Histrionicus histrionicus","All",1.2,"A",5.9,"[5.8--5.9]",6,"[5.3--6.9]",12.8,"[12.7--12.9]",12.4,"[10.6--15]",149
"Aves","Hypotaenidia owstoni","Male",0.8,"A",10.1,"[10.1--10.2]",10.1,"[8.9--11.3]",14.3,"[14.2--14.3]",14.4,"[13.7--15.2]",184
"Aves","Hypotaenidia owstoni","Female",1.1,"A",6.1,"[5.9--6.2]",6.1,"[5.3--6.8]",11,"[10.9--11.5]",11.2,"[10.1--12.5]",169
"Aves","Hypotaenidia owstoni","All",0.8,"A",7.5,"[7.5--7.6]",7.6,"[6.8--8.4]",13.7,"[13.6--13.9]",13.5,"[12.8--14.3]",376
"Aves","Hypotaenidia philippensis","Male",0.5,"A",6.1,"[6.1--6.2]",6.3,"[5.6--7.1]",11.2,"[11.1--11.3]",11,"[10.3--11.8]",220
"Aves","Hypotaenidia philippensis","Female",0.3,"A",5.8,"[5.5--5.9]",6,"[5.1--6.8]",11.5,"[11.3--11.8]",12,"[11--13.1]",235
"Aves","Hypotaenidia philippensis","All",0.3,"A",5.6,"[5.5--5.6]",5.7,"[5.3--6.1]",12.1,"[12--12.1]",12.6,"[11.8--13.7]",953
"Aves","Hypsipetes leucocephalus","Female",1.2,"A",7.4,"[7.2--7.6]",7.6,"[6.2--9]",14.9,"[14.9--15]",15.2,"[12.5--18.9]",73
"Aves","Icterus icterus","Male",1.4,"A",6.8,"[6.7--6.9]",7,"[5.4--9.1]",14.2,"[13.5--14.9]",14.8,"[13--19.1]",85
"Aves","Icterus icterus","Female",1.6,"A",7.7,"[7.5--7.8]",8.6,"[6.6--11.3]",17.3,"[16.4--17.6]",17,"[15.4--19.6]",81
"Aves","Icterus icterus","All",1.2,"A",7.3,"[7.3--7.4]",7.7,"[6.4--9.2]",16.2,"[15.5--16.4]",16.1,"[15--17.4]",183
"Aves","Icterus oberi","Male",1.2,"A",9.2,"[9.1--9.2]",8.9,"[6.9--11.7]",19.3,"[19.2--19.7]",19.3,"[16.8--24.8]",71
"Aves","Irena puella","Male",1.7,"A",7.7,"[7.6--7.8]",7.6,"[6.6--8.7]",17,"[16.7--17.9]",17.3,"[15.8--18.9]",243
"Aves","Irena puella","Female",1.8,"A",7,"[6.9--7]",6.7,"[5.9--7.6]",15.2,"[15.1--15.2]",15.4,"[13.8--17.4]",258
"Aves","Irena puella","All",1,"A",6.1,"[6.1--6.2]",6.2,"[5.6--6.8]",15.7,"[15.6--15.7]",15.6,"[14.6--16.7]",599
"Aves","Ixobrychus minutus","All",0.8,"A",3.5,"[3.4--3.5]",3.7,"[3.1--4.4]",11.4,"[11.2--11.4]",10.9,"[9--13.6]",176
"Aves","Lagonosticta senegala","Male",0.6,"A",3.1,"[3--3.2]",3.2,"[2.8--3.7]",5.7,"[5.7--5.8]",5.6,"[5.2--6.1]",201
"Aves","Lagonosticta senegala","Female",0.6,"A",2.8,"[2.7--2.9]",2.8,"[2.5--3.2]",5.5,"[5.4--5.6]",5.9,"[5.2--6.8]",206
"Aves","Lagonosticta senegala","All",0.4,"A",2.9,"[2.9--3]",2.9,"[2.6--3.1]",5.9,"[5.8--5.9]",6,"[5.6--6.4]",571
"Aves","Lagopus muta","Female",0.9,"A",3.1,"[3--3.5]",4,"[2.9--5.4]",11.1,"[10.9--11.1]",11,"[9.3--13.1]",69
"Aves","Lagopus muta","All",0.9,"A",4,"[3.9--4]",4.3,"[3.5--5.4]",12.2,"[12.1--12.5]",12.6,"[11--15.8]",154
"Aves","Lamprotornis iris","Male",1.1,"A",10.6,"[10.4--11.7]",10.8,"[9--12.9]",22.4,"[22.1--23]",22.9,"[21.1--25.2]",197
"Aves","Lamprotornis iris","Female",1,"A",7.5,"[7.4--7.7]",7.2,"[6--8.6]",19.4,"[19.3--19.5]",20.4,"[16.7--25.1]",162
"Aves","Lamprotornis iris","All",0.9,"A",8.9,"[8.8--9]",9,"[8--10.1]",21.8,"[21.5--22]",21.9,"[20.3--23.7]",462
"Aves","Lamprotornis purpureus","Male",1.6,"A",15.3,"[15.2--15.6]",14,"[11.5--16.9]",22.7,"[20.4--23.3]",22.7,"[20.1--27.1]",136
"Aves","Lamprotornis purpureus","All",0.9,"A",11.6,"[11.5--11.6]",12,"[10.3--13.7]",24.4,"[23.4--25.1]",25.2,"[22.3--29.1]",363
"Aves","Lamprotornis regius","Male",1,"A",8.3,"[8.2--8.3]",8.5,"[7--10.2]",20.6,"[20.4--21.2]",21,"[19.1--25]",210
"Aves","Lamprotornis regius","Female",1.7,"A",7.5,"[7.4--7.6]",7.9,"[6.8--9.3]",18.7,"[18.3--18.9]",19.9,"[17.4--23.4]",185
"Aves","Lamprotornis regius","All",0.2,"A",4.8,"[4.8--4.9]",4.8,"[4.1--5.6]",19,"[18.9--19]",18.5,"[17--20]",649
"Aves","Lamprotornis superbus","Male",0.9,"A",8,"[7.9--8]",7.9,"[7.1--8.8]",19.8,"[18.9--20]",19.2,"[17.8--20.8]",748
"Aves","Lamprotornis superbus","Female",0.8,"A",6.9,"[6.7--7]",6.9,"[6.3--7.6]",17.2,"[17.1--17.2]",18.5,"[16.8--20.8]",751
"Aves","Lamprotornis superbus","All",0.7,"A",6.2,"[6.2--6.3]",6.3,"[5.9--6.8]",19.9,"[19.8--19.9]",19.1,"[18.1--20.2]",2272
"Aves","Lanius ludovicianus","All",0.9,"A",9.1,"[9--9.1]",8.4,"[6.9--9.9]",13.9,"[13.1--14.3]",14.5,"[13.1--16.6]",184
"Aves","Larosterna inca","Male",2,"A",11.6,"[11.4--11.8]",11.6,"[10.7--12.8]",28.6,"[28.6--28.7]",28.8,"[26.7--32.3]",857
"Aves","Larosterna inca","Female",1.9,"A",12.8,"[12.8--12.9]",12.6,"[11.5--13.8]",27.5,"[27.3--27.9]",27.4,"[26--29.4]",921
"Aves","Larosterna inca","All",1.8,"A",11.2,"[11.1--11.2]",11.5,"[10.7--12.2]",27.7,"[27.7--27.9]",27.4,"[26.3--28.6]",2091
"Aves","Larus argentatus","All",4.5,"A",14.4,"[13.6--14.8]",15.7,"[12.4--20.4]",34.3,"[34--35]",33.3,"[29.8--36.5]",76
"Aves","Laterallus leucopyrrhus","Male",0.2,"A",2.4,"[2.2--2.7]",2.5,"[1.9--3.3]",8.4,"[8.2--8.6]",8,"[6.4--10.3]",72
"Aves","Laterallus leucopyrrhus","Female",0.2,"A",2.7,"[2.6--2.8]",2.9,"[1.9--3.9]",9.9,"[9--10.2]",10.4,"[7.5--14.2]",60
"Aves","Laterallus leucopyrrhus","All",0.2,"A",1.7,"[1.6--1.8]",1.9,"[1.5--2.2]",7.4,"[7.1--7.9]",7,"[5.9--8.5]",245
"Aves","Lathamus discolor","Male",0.9,"A",5.2,"[5.1--5.3]",5.2,"[4.7--5.8]",9.4,"[9.2--9.4]",9.8,"[8.8--10.9]",272
"Aves","Lathamus discolor","Female",0.9,"A",4.4,"[4.4--4.5]",4.5,"[4.1--4.9]",8,"[7.8--8]",8.1,"[7.4--9.1]",279
"Aves","Lathamus discolor","All",0.8,"A",4.6,"[4.5--4.6]",4.6,"[4.3--5]",8.8,"[8.8--8.9]",8.9,"[8.2--9.6]",584
"Aves","Leiothrix argentauris","Male",0.9,"A",5.9,"[5.8--6]",6.3,"[5--7.5]",13.8,"[12.7--14.3]",13.7,"[10.8--18.3]",84
"Aves","Leiothrix argentauris","Female",0.9,"A",4.9,"[4.8--4.9]",4.7,"[3.7--6]",12.6,"[12.3--12.7]",13.1,"[10.4--16.9]",84
"Aves","Leiothrix argentauris","All",0.7,"A",5.4,"[5.3--5.5]",5.1,"[4.4--5.9]",13.7,"[13.1--14.3]",13.5,"[11.3--16.3]",249
"Aves","Leiothrix lutea","Male",0.9,"A",7.3,"[7.2--7.4]",7.1,"[6.2--8.1]",12.7,"[12.5--12.7]",13,"[12.3--13.7]",307
"Aves","Leiothrix lutea","Female",0.8,"A",6,"[5.9--6.1]",6,"[5.3--6.7]",11.4,"[11.3--11.4]",11.5,"[10.8--12.5]",289
"Aves","Leiothrix lutea","All",0.8,"A",6.1,"[6.1--6.2]",6.3,"[5.8--6.8]",12.3,"[12.3--12.4]",12.4,"[11.7--13.1]",789
"Aves","Leipoa ocellata","Female",3.9,"A",11.9,"[11.8--12]",12.2,"[9.6--15.4]",23.6,"[23--23.8]",24.3,"[21.3--30.3]",48
"Aves","Leipoa ocellata","All",1.7,"A",9.9,"[9.8--9.9]",9.2,"[7.5--11.1]",23,"[22.9--23]",22.7,"[20.2--24.8]",121
"Aves","Leucopsar rothschildi","Male",1.2,"A",11.2,"[11.2--11.3]",10.9,"[10.4--11.5]",21.2,"[21.1--21.2]",23.1,"[21.9--24.5]",1621
"Aves","Leucopsar rothschildi","Female",1.2,"A",10.8,"[10.7--10.8]",10.4,"[10--10.9]",20.3,"[20.2--20.6]",22.1,"[20.9--23.4]",1606
"Aves","Leucosarcia melanoleuca","Male",0.9,"A",9.7,"[9.6--10]",10.2,"[8.8--11.6]",22,"[21.8--22]",23.9,"[20.1--30.2]",251
"Aves","Leucosarcia melanoleuca","Female",0.6,"A",7.7,"[7.7--7.8]",8,"[6.9--9.2]",20.8,"[20.7--20.8]",20.1,"[17--24.6]",251
"Aves","Leucosarcia melanoleuca","All",0.6,"A",8.1,"[7.9--8.2]",8.2,"[7.4--9]",21.7,"[21.6--21.7]",23,"[20--26.6]",777
"Aves","Lichenostomus cassidix","Male",0.8,"A",8.6,"[8--8.7]",7.9,"[5.8--10.5]",15.8,"[14.8--16.4]",17.4,"[14.8--24.2]",95
"Aves","Lichenostomus cassidix","Female",0.9,"A",9.7,"[9.6--9.9]",9.2,"[6.8--12]",17.3,"[16.9--17.4]",17.6,"[15.9--20.3]",98
"Aves","Lichenostomus cassidix","All",0.8,"A",8.7,"[8.6--8.8]",8.9,"[7.1--10.9]",17.4,"[16.9--17.6]",17.9,"[16.2--20]",202
"Aves","Liocichla omeiensis","Male",1,"A",7.6,"[7.4--7.9]",7.4,"[6.3--8.6]",12.6,"[12.4--13]",14,"[12.1--16.6]",130
"Aves","Liocichla omeiensis","Female",0.8,"A",5.7,"[5.6--6.2]",6.2,"[5--7.6]",12.6,"[12.4--13]",13,"[11.6--15.5]",110
"Aves","Liocichla omeiensis","All",0.8,"A",6.7,"[6.6--6.9]",6.7,"[5.9--7.5]",12.8,"[12.4--13]",14,"[12.5--16.1]",252
"Aves","Liocichla ripponi","Female",0.8,"A",5.2,"[5.1--5.3]",5,"[3.5--6.6]",9.4,"[8.9--9.7]",10.3,"[8.6--14.8]",53
"Aves","Liocichla ripponi","All",0.8,"A",9,"[8.5--9.1]",8.3,"[6.6--10.1]",14.6,"[14.5--14.6]",15,"[13.5--18]",112
"Aves","Lonchura castaneothorax","Male",0.5,"A",4.6,"[4.5--4.6]",4.9,"[3.8--6.2]",10.1,"[9.5--10.5]",10.5,"[9--14]",107
"Aves","Lonchura castaneothorax","All",0.5,"A",4.6,"[4.5--4.6]",4.8,"[4.4--5.3]",12.5,"[12.4--12.7]",13.3,"[11.4--15.4]",806
"Aves","Lonchura striata","Male",0.7,"A",4.7,"[4.6--4.9]",4.8,"[4--5.6]",6.7,"[6.5--6.8]",6.9,"[6.2--7.8]",62
"Aves","Lonchura striata","Female",0.7,"A",4.7,"[4.3--4.8]",4.8,"[4--5.5]",6.9,"[6.8--7.2]",6.9,"[6.3--7.7]",61
"Aves","Lophodytes cucullatus","Male",1,"A",7.2,"[7.1--7.2]",7.3,"[7--7.8]",15.8,"[15.7--15.8]",16.4,"[15.6--17.3]",1473
"Aves","Lophodytes cucullatus","Female",1,"A",7.8,"[7.7--7.8]",7.5,"[7.1--7.9]",16.1,"[16.1--16.2]",16.3,"[15.7--17.1]",1575
"Aves","Lophodytes cucullatus","All",1,"A",7.4,"[7.4--7.5]",7.3,"[7--7.6]",15.7,"[15.7--15.8]",16.2,"[15.8--16.8]",3201
"Aves","Lophonetta specularioides","All",5.6,"A",11.4,"[11.3--11.5]",11.3,"[10.6--12.2]",15.7,"[15.6--15.7]",16.5,"[14.9--19.2]",159
"Aves","Lophophorus impejanus","Male",1.9,"A",9.9,"[9.7--10]",9.5,"[8.5--10.6]",20,"[20--20.2]",19.6,"[18.6--20.8]",416
"Aves","Lophophorus impejanus","Female",1.9,"A",7.9,"[7.9--8]",8,"[7.2--8.7]",21.1,"[18.5--21.6]",19.3,"[17.2--21.8]",426
"Aves","Lophophorus impejanus","All",1.5,"A",8.4,"[8.3--8.5]",8.4,"[7.8--8.9]",20.7,"[20.6--21.1]",20.9,"[19.4--22.7]",953
"Aves","Lophotibis cristata","Female",1.7,"A",6.8,"[6.7--7.1]",6.7,"[5.4--8.3]",12.2,"[11.8--12.6]",13.1,"[11.5--17.7]",97
"Aves","Lophotibis cristata","All",1.5,"A",9.3,"[9.3--9.4]",8.3,"[6.9--10]",16.7,"[16.7--16.9]",18.8,"[16--25.1]",189
"Aves","Lophura diardi","Male",2.1,"A",9.9,"[9.7--10.1]",9.8,"[8.1--11.7]",17.1,"[16.9--17.3]",17.3,"[16.1--18.8]",123
"Aves","Lophura diardi","Female",2.1,"A",7.8,"[7.7--8]",7.9,"[6.8--9.2]",17.9,"[17.8--19.8]",19.2,"[15.9--24.3]",149
"Aves","Lophura diardi","All",1.9,"A",8.2,"[8.1--8.4]",8.4,"[7.6--9.4]",17.7,"[17.3--17.8]",18.2,"[16.4--20.8]",292
"Aves","Lophura edwardsi","Male",1,"A",12.7,"[12.6--12.8]",12.2,"[11.1--13.2]",23.9,"[23.7--23.9]",23.7,"[21.9--25.8]",797
"Aves","Lophura edwardsi","Female",1.1,"A",8.6,"[8.5--8.6]",8.2,"[7.6--8.9]",19.6,"[19.4--19.9]",22.2,"[19.8--25.4]",741
"Aves","Lophura leucomelanos","Male",1,"A",7.5,"[7.3--7.6]",7.4,"[6.4--8.4]",15.2,"[15.1--16.1]",17.3,"[15.1--20.4]",230
"Aves","Lophura leucomelanos","Female",0.8,"A",5.9,"[5.8--6.2]",6.1,"[5.4--6.9]",12.4,"[12.3--12.6]",13.6,"[12.1--15.4]",262
"Aves","Lophura leucomelanos","All",0.9,"A",6.5,"[6.5--6.6]",6.6,"[6.1--7.2]",14.6,"[14.2--14.7]",15.5,"[14.1--17.2]",548
"Aves","Lophura nycthemera","Male",1,"A",11.3,"[11.1--11.4]",10.7,"[9.7--11.7]",24.2,"[24.1--24.2]",25.5,"[22.6--29.3]",589
"Aves","Lophura nycthemera","Female",1,"A",9.8,"[9.8--9.9]",9.5,"[8.6--10.4]",19.4,"[19.3--19.4]",19.1,"[18--20.4]",567
"Aves","Lophura nycthemera","All",1,"A",10.4,"[10.3--10.4]",9.9,"[9.3--10.7]",24.1,"[23.7--24.2]",23.8,"[22.1--25.8]",1502
"Aves","Lophura swinhoii","Male",1.1,"A",9.9,"[9.8--9.9]",9.3,"[8.3--10.4]",19,"[18.7--20]",20.5,"[18.3--23.6]",360
"Aves","Lophura swinhoii","Female",1.1,"A",8.6,"[8.5--8.7]",8,"[7.2--8.8]",17.1,"[16.9--17.2]",18.5,"[16.6--21.1]",403
"Aves","Lophura swinhoii","All",1,"A",8.7,"[8.6--8.7]",8.2,"[7.6--8.8]",17.9,"[17.7--18.1]",19.4,"[17.8--21.3]",834
"Aves","Loriculus galgulus","Male",0.8,"A",5,"[4.9--5.1]",5.6,"[4.9--6.3]",16.7,"[16.5--17.3]",16.6,"[14.4--19.4]",399
"Aves","Loriculus galgulus","Female",0.8,"A",4.7,"[4.7--4.8]",4.6,"[4.1--5.2]",11.9,"[11.8--12]",12.4,"[10.9--14.3]",353
"Aves","Loriculus galgulus","All",0.8,"A",4.6,"[4.6--4.7]",4.7,"[4.3--5.1]",14,"[13.9--14.1]",14.2,"[12.8--15.9]",864
"Aves","Lorius garrulus","Female",3,"A",11,"[10.9--11.4]",11.1,"[9.5--12.8]",18.9,"[17.8--19.1]",20.1,"[17.2--24.6]",88
"Aves","Lorius garrulus","All",2,"A",9.7,"[9.6--10]",9.4,"[8.2--10.7]",20.2,"[19.9--20.5]",23.1,"[20.1--27.6]",317
"Aves","Lorius lory","Female",1.7,"A",10.6,"[10.5--10.7]",10.3,"[7.9--13.1]",20.8,"[20.6--21.1]",21.3,"[18.6--28.3]",98
"Aves","Lorius lory","All",2.3,"A",10.7,"[10.6--11.1]",10.4,"[9.1--12]",21.3,"[21.1--21.4]",22,"[20.3--26.1]",279
"Aves","Loxia curvirostra","Male",1,"A",3.2,"[3.1--3.4]",3.3,"[2.7--4.1]",6,"[5.9--6.1]",6.2,"[5.5--7.3]",64
"Aves","Loxia curvirostra","All",1,"A",3.4,"[3.2--3.6]",3.3,"[2.8--3.8]",6.5,"[6.5--6.6]",6.4,"[5.9--7.1]",152
"Aves","Lyrurus tetrix","Male",1,"A",2.5,"[2.4--2.5]",2.6,"[2.3--2.9]",6.7,"[6.7--6.8]",6.3,"[5.4--7.4]",135
"Aves","Lyrurus tetrix","Female",1,"A",2.4,"[2.4--2.5]",2.6,"[2.3--3]",5.6,"[5.2--5.7]",5.6,"[5--6.3]",140
"Aves","Lyrurus tetrix","All",1,"A",2.5,"[2.4--2.5]",2.6,"[2.4--2.8]",5.7,"[5.7--5.8]",5.8,"[5.3--6.4]",284
"Aves","Macropygia phasianella","Male",1.4,"A",8.7,"[8.6--8.7]",7.7,"[6.2--9.1]",12.8,"[12.4--14.8]",14.5,"[12.3--18.1]",70
"Aves","Macropygia phasianella","Female",1.4,"A",7.1,"[7--7.5]",7,"[5.6--8.5]",14.9,"[14.5--15.3]",14,"[11.7--17.6]",55
"Aves","Macropygia phasianella","All",1.4,"A",6.9,"[6.8--7]",6.9,"[5.9--7.8]",14.8,"[14.5--15.3]",14.7,"[12.8--17.2]",148
"Aves","Malurus cyaneus","Male",0.5,"A",2.7,"[2.5--2.8]",3.2,"[2.3--4.2]",11.5,"[11.2--11.5]",11.8,"[8.8--17.2]",95
"Aves","Malurus cyaneus","All",0.5,"A",2.7,"[2.6--2.8]",2.8,"[2.2--3.4]",11.4,"[11.2--11.5]",11.7,"[10.1--14]",232
"Aves","Malurus splendens","All",2,"A",4.2,"[3.8--4.4]",4.4,"[3.7--5.3]",8.8,"[8.3--9.5]",9.2,"[7.8--11.2]",61
"Aves","Mareca americana","Male",1.2,"A",8.5,"[8.4--8.5]",8.5,"[7.6--9.4]",18.1,"[17.8--18.2]",18.9,"[16.7--22]",301
"Aves","Mareca americana","All",1,"A",7.9,"[7.8--7.9]",7.8,"[7.2--8.4]",18.2,"[17.8--19.2]",19.1,"[17.4--21.2]",651
"Aves","Mareca falcata","Male",1,"A",6.2,"[6.2--6.3]",6.4,"[5.8--7]",13.7,"[13.7--13.8]",13.9,"[12.9--15]",471
"Aves","Mareca falcata","Female",1,"A",6.4,"[6.3--6.5]",6.3,"[5.8--6.9]",17.5,"[17.2--17.7]",15.3,"[13.9--17.3]",491
"Aves","Mareca falcata","All",0.9,"A",6,"[5.9--6]",6.2,"[5.8--6.6]",14.5,"[14.4--14.5]",14.6,"[13.6--15.8]",998
"Aves","Mareca penelope","Male",0.8,"A",9.5,"[9.5--9.6]",9.4,"[8.8--10.1]",18.2,"[17.8--18.4]",19.1,"[17.6--21]",565
"Aves","Mareca penelope","Female",1.1,"A",8.5,"[8.3--8.6]",8.6,"[8--9.2]",16.8,"[16.7--16.8]",17.8,"[16.4--19.9]",513
"Aves","Mareca penelope","All",0.9,"A",8.8,"[8.8--8.9]",8.8,"[8.4--9.2]",18.3,"[17.8--18.4]",19.1,"[17.8--20.4]",1156
"Aves","Mareca sibilatrix","Male",1.5,"A",9.6,"[9.5--9.6]",9.5,"[9--10.1]",18.7,"[18.6--18.8]",19.1,"[17.9--20.7]",814
"Aves","Mareca sibilatrix","Female",1,"A",8.6,"[8.5--8.6]",8.6,"[8--9.2]",18.9,"[18.8--19]",19.9,"[18.4--21.7]",831
"Aves","Mareca sibilatrix","All",1,"A",8.7,"[8.6--8.7]",8.7,"[8.3--9.1]",20.2,"[20--20.2]",20.4,"[19.3--21.6]",1973
"Aves","Mareca strepera","Male",1,"A",8.6,"[8.3--8.7]",8.2,"[7.5--8.9]",15.6,"[14.9--15.7]",15.7,"[14.6--17.2]",384
"Aves","Mareca strepera","Female",1.5,"A",7.6,"[7.5--7.6]",7.9,"[7.2--8.8]",16.8,"[16.6--16.8]",17.5,"[15.6--20.5]",398
"Aves","Mareca strepera","All",1,"A",7.6,"[7.5--7.6]",7.7,"[7.2--8.2]",16.7,"[16.6--16.8]",16.5,"[15.5--17.7]",877
"Aves","Margaroperdix madagarensis","Male",0.8,"A",4.4,"[3.8--4.5]",4.3,"[3.6--5.3]",10.4,"[10.2--10.5]",10.9,"[9.5--13.2]",128
"Aves","Margaroperdix madagarensis","Female",1.4,"A",3.9,"[3.8--3.9]",3.9,"[3.4--4.5]",8,"[7.7--8.5]",8.5,"[7.3--10.1]",123
"Aves","Margaroperdix madagarensis","All",0.7,"A",3.4,"[3.4--3.5]",3.4,"[3.1--3.9]",9.4,"[9.3--9.6]",9.5,"[8.5--10.8]",336
"Aves","Marmaronetta angustirostris","Male",1,"A",8.9,"[8.8--8.9]",8.8,"[8.3--9.2]",16.4,"[16--16.5]",17.1,"[16.1--18.4]",1263
"Aves","Marmaronetta angustirostris","All",1,"A",8,"[7.9--8]",7.9,"[7.6--8.2]",15.5,"[15.5--15.6]",16.6,"[15.9--17.3]",2756
"Aves","Megaloprepia magnifica","Female",0.9,"A",6.7,"[6.4--7]",5.9,"[4.8--7.2]",11.1,"[11--11.1]",11.5,"[9.7--14.9]",66
"Aves","Megaloprepia magnifica","All",0.9,"A",7.6,"[7.4--7.7]",7,"[5.9--8.3]",17.2,"[17--17.4]",16.5,"[13.7--21.1]",161
"Aves","Meleagris gallopavo","Female",1,"A",5.2,"[5.2--5.3]",5.3,"[4.9--5.6]",12.6,"[12.5--12.6]",12.9,"[12.1--13.8]",1132
"Aves","Meleagris ocellata","Male",2,"A",7.3,"[7.1--7.4]",7.2,"[6.5--8]",12.3,"[12.1--12.3]",12.1,"[11.2--13.3]",156
"Aves","Meleagris ocellata","Female",1.9,"A",6.6,"[6.5--6.6]",6.6,"[5.9--7.4]",13.6,"[13.6--14]",13.6,"[12.2--15.6]",196
"Aves","Meleagris ocellata","All",0.9,"A",6.4,"[6.3--6.5]",6,"[5.4--6.6]",14.2,"[14--14.4]",13.7,"[12.7--15]",594
"Aves","Melopsittacus undulatus","Male",0.5,"A",4.8,"[4.7--4.8]",4.8,"[4.7--4.9]",9.9,"[9.9--10]",10,"[9.7--10.4]",4161
"Aves","Mergellus albellus","Male",1.2,"A",7.7,"[7.7--7.8]",7.7,"[7.2--8.3]",15.3,"[15--15.4]",16,"[14.9--17.4]",587
"Aves","Mergellus albellus","Female",2,"A",7.6,"[7.5--7.6]",7.5,"[7--8.2]",18.1,"[17.2--18.3]",17.4,"[15.7--19.6]",517
"Aves","Mergellus albellus","All",1.2,"A",7.3,"[7.3--7.4]",7.3,"[6.9--7.6]",15.5,"[15.4--15.6]",16.2,"[15.2--17.4]",1205
"Aves","Mergus merganser","Male",1.3,"A",5.8,"[5.7--5.9]",5.9,"[5.2--6.7]",13.5,"[13.4--13.5]",14.4,"[12.7--16.6]",216
"Aves","Mergus merganser","Female",2,"A",6.7,"[6.6--7]",7,"[6.1--7.9]",16.5,"[16.3--16.9]",16.1,"[13.9--19.1]",185
"Aves","Mergus merganser","All",1.1,"A",5.9,"[5.8--6]",6,"[5.5--6.5]",15.3,"[15.1--15.5]",16.7,"[15.2--18.7]",538
"Aves","Mergus serrator","Male",2,"A",7.4,"[6.3--7.5]",6.6,"[5.1--8.3]",12.5,"[11.1--13]",13.1,"[10.4--17.9]",35
"Aves","Mergus serrator","Female",2,"A",7.1,"[6.9--7.6]",7.1,"[5.6--8.6]",13.3,"[12.7--15]",13.9,"[11.6--17.8]",53
"Aves","Mergus serrator","All",2,"A",7.4,"[7.1--7.5]",7,"[6--8.1]",13,"[12.7--15]",13.5,"[11.7--15.9]",88
"Aves","Mergus squamatus","Male",1.2,"A",5.2,"[5--5.3]",4.7,"[4--5.6]",9.8,"[9.4--9.9]",10.3,"[8.5--13]",135
"Aves","Mergus squamatus","Female",1.2,"A",5.3,"[5.2--5.4]",5.6,"[4.7--6.8]",11,"[10.9--11.2]",11.2,"[9.8--14.4]",139
"Aves","Mergus squamatus","All",0.9,"A",5.1,"[5.1--5.2]",5,"[4.4--5.6]",11,"[10.9--11.2]",11.5,"[10--14]",308
"Aves","Merops apiaster","Male",1,"A",6.1,"[5.8--6.4]",5.9,"[5.1--6.7]",10.3,"[10--10.6]",10.3,"[9--12.2]",133
"Aves","Merops apiaster","Female",1,"A",4.4,"[4.3--4.5]",4.5,"[3.8--5.2]",8.5,"[8.4--8.7]",9.3,"[8.1--11.2]",140
"Aves","Merops apiaster","All",1,"A",5.2,"[5.1--5.3]",5,"[4.5--5.5]",10.1,"[9.3--10.4]",9.9,"[9.1--11]",390
"Aves","Merops bullockoides","Female",1,"A",5.2,"[5--5.3]",5.5,"[4.3--6.9]",10.1,"[9.6--10.2]",10.4,"[9.5--12.4]",97
"Aves","Merops bullockoides","All",0.5,"A",5.7,"[5.6--5.8]",5.7,"[4.8--6.7]",10.5,"[10.2--10.5]",10.6,"[10.2--11.1]",280
"Aves","Merops nubicus","Male",0.9,"A",10.2,"[10.1--10.3]",10.2,"[8.8--11.6]",16.5,"[16.2--16.6]",16.9,"[15.4--19]",186
"Aves","Merops nubicus","All",0.8,"A",9.5,"[9.4--9.5]",9.2,"[8.3--10.2]",15.8,"[15.4--16.1]",16.1,"[15--17.5]",397
"Aves","Microcarbo melanoleucos","Male",3.7,"A",11.9,"[11--12.2]",11.9,"[9.3--15.1]",21.6,"[21.5--21.7]",26.1,"[21.2--35.9]",55
"Aves","Microcarbo melanoleucos","Female",3.4,"A",11.3,"[10.1--11.8]",10.6,"[8.4--13.5]",19.2,"[18.3--19.4]",20.8,"[18.2--26.3]",70
"Aves","Microcarbo melanoleucos","All",2.2,"A",10.9,"[10.8--11]",10.8,"[9--12.9]",22,"[21.7--22.5]",23.9,"[21.7--29.6]",198
"Aves","Milvus migrans","All",0.7,"A",16.6,"[16.5--16.9]",17,"[15.8--18.2]",31.1,"[30.9--31.3]",34.8,"[30.8--39.7]",1159
"Aves","Momotus momota","Male",1,"A",7.1,"[7--7.2]",7.5,"[6.3--9]",19.8,"[19.3--20.9]",21.3,"[18.6--25.4]",207
"Aves","Momotus momota","Female",1,"A",6.9,"[6.8--6.9]",7.5,"[6.5--8.7]",20.4,"[20.4--20.6]",21.9,"[18.7--26]",222
"Aves","Momotus momota","All",1,"A",7,"[6.9--7]",7.4,"[6.7--8.2]",20.5,"[20.4--20.6]",22.1,"[19.7--24.9]",447
"Aves","Morus bassanus","All",3,"A",8.7,"[8.6--13]",11.4,"[8.8--15]",23.3,"[22.2--23.7]",24,"[21--30.7]",54
"Aves","Musophaga rossae","Female",1.8,"A",10.8,"[10.5--11.3]",11.1,"[9.2--13.3]",27.9,"[27.5--28.3]",30.8,"[24.7--39.9]",128
"Aves","Musophaga rossae","All",1.7,"A",10,"[9.9--10.5]",10.1,"[8.8--11.7]",25.9,"[25.6--26.2]",27.6,"[24--33.4]",265
"Aves","Musophaga violacea","Male",1.8,"A",9.2,"[9--9.3]",9,"[8--10.3]",25.1,"[24.8--25.5]",24.4,"[21.6--28.3]",296
"Aves","Musophaga violacea","Female",1.8,"A",9.2,"[9.2--9.3]",9,"[8--10.2]",21,"[20.7--21.1]",21.9,"[19.6--25.4]",365
"Aves","Musophaga violacea","All",1.2,"A",8.1,"[8.1--8.2]",8.3,"[7.6--9]",22.9,"[22.9--23]",22.9,"[21.3--25]",813
"Aves","Mycteria ibis","All",2.7,"A",15.5,"[15.2--15.6]",15.3,"[13--18.3]",26.2,"[26.1--26.2]",29.3,"[25--43.7]",308
"Aves","Myiopsitta monachus","Male",1.7,"A",8.2,"[8.1--8.6]",8.7,"[7.5--10.1]",22.7,"[22--23.1]",21.5,"[18.1--26.2]",258
"Aves","Myiopsitta monachus","Female",2,"A",8.6,"[8.6--8.8]",8.5,"[7.5--9.6]",20.2,"[19.9--20.4]",19,"[16.4--22.6]",240
"Aves","Neochen jubata","Male",1,"A",6.2,"[6.1--6.3]",6.2,"[5.4--7]",12.5,"[12.4--12.6]",12.8,"[11.4--14.7]",221
"Aves","Neochen jubata","Female",1.3,"A",7,"[6.9--7.1]",6.8,"[6--7.8]",15.2,"[14.9--15.3]",14.8,"[13--17.2]",218
"Aves","Neochen jubata","All",1,"A",6.4,"[6.3--6.5]",6.2,"[5.7--6.8]",15,"[14.9--15.2]",14.9,"[13.5--16.8]",524
"Aves","Neochmia ruficauda","Male",0.8,"A",5.1,"[4.8--5.2]",4.9,"[4.2--5.7]",10.9,"[10.8--11]",10.9,"[10--12.1]",218
"Aves","Neochmia ruficauda","Female",0.8,"A",3.9,"[3.8--4]",3.9,"[3.3--4.6]",8.9,"[8.8--9.1]",9,"[8.1--10.4]",203
"Aves","Neochmia ruficauda","All",0.6,"A",4,"[3.9--4]",4,"[3.6--4.4]",9.8,"[9.7--10.1]",10.1,"[9.4--10.8]",660
"Aves","Neophema chrysogaster","Male",0.9,"A",5.2,"[5.1--5.2]",5.3,"[4.8--5.7]",12.1,"[12.1--12.2]",12.1,"[11.2--13]",825
"Aves","Neophema chrysogaster","Female",0.9,"A",5.4,"[5.4--5.5]",5.3,"[4.9--5.7]",10.9,"[10.8--10.9]",10.9,"[10.3--11.5]",822
"Aves","Neophema chrysogaster","All",0.9,"A",5.3,"[5.3--5.4]",5.3,"[5--5.6]",11.4,"[11.4--11.5]",11.4,"[11--11.9]",1659
"Aves","Neophema chrysostoma","Female",1,"A",4.2,"[4.2--4.3]",3.9,"[3.2--4.6]",6.5,"[6.2--6.8]",6.6,"[5.7--8]",52
"Aves","Neophema elegans","Male",0.4,"A",6.3,"[6.2--6.6]",5.2,"[4.1--6.4]",10.7,"[10.6--11]",10.2,"[9.1--11.7]",87
"Aves","Neophema elegans","Female",0.8,"A",4.8,"[4.4--5]",4.4,"[3.4--5.3]",8.4,"[8.2--8.6]",9.1,"[7.4--11.6]",63
"Aves","Neophema elegans","All",0.6,"A",4.5,"[4.5--4.6]",3.8,"[3.2--4.4]",10.4,"[10--10.6]",9.3,"[8.2--10.8]",203
"Aves","Neophema pulchella","Male",0.8,"A",4.6,"[4.5--4.7]",4.6,"[3.9--5.2]",9.2,"[9--9.5]",9.1,"[8--10.6]",160
"Aves","Neophema pulchella","Female",0.8,"A",3.6,"[3.6--3.8]",3.5,"[3--4.2]",9.6,"[9.1--10]",9.5,"[8.1--11.3]",150
"Aves","Neophema pulchella","All",0.7,"A",3.8,"[3.7--3.8]",3.7,"[3.3--4.1]",8.3,"[8.2--8.6]",8.5,"[7.8--9.6]",352
"Aves","Neophema splendida","Male",2.5,"A",5.3,"[5.3--5.4]",5.4,"[5--6]",10.6,"[10.2--10.7]",10.6,"[9.5--12.1]",196
"Aves","Neophema splendida","All",2.2,"A",4.7,"[4.6--4.7]",4.7,"[4.4--5]",10.1,"[10--10.2]",9.6,"[8.8--10.6]",428
"Aves","Neopsephotus bourkii","Male",1.1,"A",6.2,"[6.1--6.3]",6.6,"[5.2--8.1]",12.4,"[12.3--12.5]",13.7,"[11.8--18.8]",115
"Aves","Neopsephotus bourkii","Female",1.2,"A",5.6,"[5.5--5.7]",5.6,"[4.8--6.6]",11.9,"[11.5--12.2]",12.1,"[10.3--14.8]",143
"Aves","Neopsephotus bourkii","All",0.5,"A",4.7,"[4.6--4.7]",4.8,"[4.3--5.4]",13.1,"[12.8--13.2]",14.6,"[13--16.4]",509
"Aves","Nesoenas mayeri","Male",0.8,"A",6.6,"[6.5--6.6]",6.9,"[6.1--7.8]",16.4,"[16.2--16.5]",16.2,"[15--17.6]",326
"Aves","Nesoenas mayeri","Female",0.6,"A",5.1,"[5.1--5.2]",5.2,"[4.6--5.8]",13.5,"[13.4--13.5]",13.4,"[12.2--14.9]",323
"Aves","Nesoenas mayeri","All",0.6,"A",6,"[5.9--6.1]",6,"[5.5--6.5]",15.7,"[15.6--15.7]",15,"[14.1--16]",661
"Aves","Nesoenas picturatus","All",0.5,"A",4.4,"[4.4--4.5]",4.3,"[3.5--5.1]",12.6,"[12.5--12.6]",12.5,"[11.7--13.5]",388
"Aves","Nestor notabilis","Male",3.2,"A",15.7,"[15.6--15.8]",15.1,"[13.3--17.2]",39,"[38.8--39.1]",41.8,"[36.3--48.6]",283
"Aves","Nestor notabilis","Female",3.5,"A",14.1,"[14--14.3]",14.3,"[12.4--16.4]",31.6,"[31.5--31.9]",34.8,"[30--41.5]",247
"Aves","Nestor notabilis","All",1.8,"A",13.7,"[13.7--13.8]",13.7,"[12.4--14.9]",36.6,"[35--37.3]",37.1,"[33--42.3]",620
"Aves","Netta peposaca","Male",1,"A",11.3,"[11.2--11.3]",11.3,"[10.6--12]",22.6,"[22.3--22.9]",23.1,"[21.6--24.9]",886
"Aves","Netta peposaca","Female",1,"A",9.3,"[9.3--9.4]",9.4,"[8.8--10]",19.2,"[19.2--19.3]",19.5,"[18.5--20.9]",884
"Aves","Netta peposaca","All",0.9,"A",10.9,"[10.9--11]",10.4,"[9.9--10.9]",23.6,"[23.3--23.8]",23.5,"[22.3--24.8]",2188
"Aves","Netta rufina","Male",1,"A",10.4,"[10.3--10.4]",10,"[9.6--10.5]",20.5,"[20.5--20.6]",20.8,"[19.8--22.1]",1797
"Aves","Netta rufina","Female",0.9,"A",9,"[8.9--9]",8.7,"[8.3--9.1]",20.5,"[20.5--20.6]",19.5,"[18.5--20.7]",1708
"Aves","Netta rufina","All",1,"A",9.8,"[9.8--9.9]",9.6,"[9.3--9.9]",20.6,"[20.5--20.6]",20,"[19.3--20.8]",4315
"Aves","Nettapus auritus","Male",0.8,"A",6,"[5.9--6.1]",6,"[4.7--7.6]",16.8,"[16.2--17.8]",17.5,"[15.6--20.3]",204
"Aves","Nettapus auritus","Female",0,"A",5.6,"[5.4--5.8]",4.7,"[3.9--5.8]",14.5,"[14.4--14.7]",15.8,"[13.5--18.9]",268
"Aves","Nettapus auritus","All",0.2,"A",5,"[4.9--5]",4.8,"[4.1--5.6]",15.5,"[15.2--15.6]",15.8,"[14.3--18]",534
"Aves","Nettapus coromandelianus","Male",1,"A",6.4,"[6.2--6.6]",6.7,"[5.2--8.2]",13.7,"[13.6--13.7]",14.2,"[11.8--18]",86
"Aves","Nettapus coromandelianus","Female",2.2,"A",6.8,"[6.3--7.7]",7.4,"[5.9--9.3]",12.8,"[12.3--13.1]",13.1,"[12--14.5]",61
"Aves","Nettapus coromandelianus","All",1,"A",6.1,"[6--6.2]",6.6,"[5.5--7.8]",13.6,"[13.6--13.7]",13.7,"[12.5--15]",173
"Aves","Numida meleagris","Male",0.8,"A",6.6,"[6.5--6.6]",6.4,"[5.9--6.8]",13.6,"[13.6--13.8]",14.2,"[13.4--15.2]",1152
"Aves","Numida meleagris","Female",0.9,"A",4.8,"[4.7--4.9]",4.9,"[4.6--5.2]",13.3,"[13.1--13.3]",13.8,"[12.6--15.1]",1048
"Aves","Nycticorax nycticorax","Male",1.2,"A",13.7,"[13.6--13.7]",13.9,"[12.2--15.8]",32.6,"[31.4--33.9]",31.9,"[28.3--38.6]",433
"Aves","Nycticorax nycticorax","Female",1.9,"A",13.5,"[12.6--13.7]",12.9,"[11.7--14.3]",25.7,"[25.2--25.8]",26.9,"[23.8--31.6]",399
"Aves","Nymphicus hollandicus","Female",0.8,"A",7.8,"[7.8--7.9]",8.1,"[7.5--8.7]",20.5,"[20.2--21.2]",19,"[17.4--21]",737
"Aves","Ocyphaps lophotes","Male",0.5,"A",8.9,"[8.9--9]",8.2,"[7.3--9.1]",18.5,"[18.3--18.9]",18.7,"[16.7--21.3]",406
"Aves","Ocyphaps lophotes","Female",0.8,"A",7.4,"[7.3--7.4]",7.3,"[6.5--8.2]",18.6,"[18--19]",18.2,"[16.3--20.6]",381
"Aves","Ocyphaps lophotes","All",0.4,"A",6.9,"[6.9--7]",6.8,"[6.3--7.2]",19,"[18.9--19]",19,"[17.6--20.6]",1569
"Aves","Oena capensis","Male",0.9,"A",4.2,"[4.1--4.4]",4.2,"[3.7--4.9]",12.4,"[12.3--12.6]",11.5,"[9.9--13.4]",167
"Aves","Oena capensis","Female",0.9,"A",3.3,"[3.3--3.4]",3.6,"[3.1--4]",8.3,"[8.1--8.9]",8.6,"[7.5--10]",159
"Aves","Oena capensis","All",0.5,"A",3.2,"[3.1--3.2]",3.3,"[2.9--3.6]",9,"[8.9--9]",9.3,"[8.3--10.3]",416
"Aves","Otidiphaps nobilis","Male",1.5,"A",11.8,"[11.5--11.9]",12.3,"[10.1--14.9]",30,"[29.7--30.3]",33.6,"[27.7--43.7]",165
"Aves","Otidiphaps nobilis","Female",1.2,"A",10.2,"[10--10.3]",9.8,"[8.3--11.6]",25.8,"[25.6--26.4]",27.5,"[23.4--34.2]",180
"Aves","Otidiphaps nobilis","All",0.7,"A",9.9,"[9.8--9.9]",9.5,"[8.3--11]",27.1,"[26.4--28.1]",29.1,"[25.8--35]",440
"Aves","Otus scops","Female",1.4,"A",9.3,"[8.8--9.6]",9.1,"[7.7--10.6]",18.5,"[18.4--19.1]",21.2,"[18--26]",135
"Aves","Otus scops","All",0.5,"A",7,"[6.9--7.1]",7.2,"[6.3--8.1]",18.4,"[18.4--18.5]",20.3,"[17.8--23.7]",412
"Aves","Oxyura australis","Female",0.8,"A",7.7,"[7.6--7.9]",7.6,"[6--9.5]",18.4,"[18.3--18.5]",18.5,"[15--24.1]",90
"Aves","Oxyura australis","All",0.8,"A",7.7,"[7.6--7.8]",7.5,"[6.2--9.1]",24.3,"[24.1--25]",23.6,"[19.3--29.7]",227
"Aves","Oxyura jamaicensis","Male",1,"A",8.5,"[8.5--8.6]",8.3,"[7.7--8.9]",19.4,"[19.4--19.7]",20.7,"[19.4--22.3]",1358
"Aves","Oxyura jamaicensis","All",0.9,"A",7.3,"[7.2--7.3]",7.2,"[6.8--7.6]",19.3,"[19.1--19.4]",20,"[19--21.2]",2867
"Aves","Oxyura leucocephala","Male",2,"A",11,"[10.9--11]",10.8,"[9.5--12.3]",19.1,"[19--19.1]",20,"[18.4--23.6]",322
"Aves","Oxyura leucocephala","Female",1,"A",7.1,"[7.1--7.2]",7.6,"[6.8--8.6]",18.6,"[18.5--18.6]",20.6,"[17.5--24.8]",445
"Aves","Oxyura leucocephala","All",0.9,"A",7.9,"[7.8--7.9]",8,"[7.4--8.8]",17.9,"[17.8--18]",18.5,"[17.2--21.4]",1014
"Aves","Oxyura vittata","Male",1.1,"A",9.1,"[9--9.3]",9.1,"[7.4--11.2]",19.7,"[18.8--20.2]",23,"[18.7--30.1]",145
"Aves","Oxyura vittata","All",1.1,"A",7.6,"[7.5--7.6]",8.1,"[7.1--9.4]",19.4,"[18.8--20.2]",21.9,"[18.2--26.9]",312
"Aves","Padda oryzivora","Male",0.4,"A",6.4,"[6.3--6.4]",6.4,"[5.9--6.9]",8.5,"[8.4--8.5]",8.4,"[8.2--8.8]",331
"Aves","Padda oryzivora","Female",0.2,"A",6.6,"[6.5--6.8]",6.5,"[5.8--7.2]",10.5,"[10.4--10.7]",11.6,"[10.6--12.9]",369
"Aves","Padda oryzivora","All",0.2,"A",5,"[5--5.1]",5.1,"[4.8--5.4]",9.8,"[9.8--9.9]",9.8,"[9.6--10.1]",2339
"Aves","Panurus biarmicus","Male",0.9,"A",3.7,"[3.6--3.8]",3.8,"[3.3--4.4]",8.3,"[8.1--8.5]",8.1,"[7--9.8]",158
"Aves","Panurus biarmicus","Female",0.8,"A",2.6,"[2.5--2.7]",2.9,"[2.5--3.4]",6.9,"[6.7--7.3]",6.9,"[6--8.1]",148
"Aves","Panurus biarmicus","All",0.8,"A",3.4,"[3.3--3.5]",3.2,"[2.9--3.6]",7.4,"[7.3--7.6]",7.9,"[7--9]",330
"Aves","Parabuteo unicinctus","Male",3.9,"A",21.1,"[21--21.1]",20.8,"[18.9--23]",34.8,"[34.2--35.2]",42.9,"[35.7--55.5]",463
"Aves","Parabuteo unicinctus","Female",4.4,"A",24.3,"[23.4--24.6]",24.2,"[21.8--26.8]",32.8,"[32.6--32.9]",34.7,"[31.7--40.4]",310
"Aves","Parabuteo unicinctus","All",2.6,"A",21.1,"[21--21.1]",21.5,"[19.9--23.4]",33.9,"[33.3--34.1]",34.8,"[32.6--38.2]",953
"Aves","Paradisaea raggiana","All",4.2,"A",16.7,"[16.3--18.3]",16.5,"[13.6--19.4]",23.4,"[23.3--23.5]",26.8,"[23.1--42.5]",114
"Aves","Paroaria coronata","Male",1.9,"A",6.1,"[6--6.3]",7,"[6--8.2]",17.3,"[17.2--17.4]",18.1,"[14.7--22.6]",113
"Aves","Paroaria coronata","Female",0.9,"A",6.2,"[6.2--6.3]",6.1,"[5.1--7.4]",14.9,"[14.6--15.3]",14.5,"[13.5--15.7]",144
"Aves","Paroaria coronata","All",0.7,"A",5.2,"[5.1--5.2]",5.2,"[4.7--5.9]",15.6,"[15.5--15.6]",16.2,"[14.3--18.4]",402
"Aves","Paroaria gularis","Male",1,"A",7.2,"[7.2--7.3]",6.6,"[5.2--8.7]",14.5,"[14.2--14.6]",17.7,"[13.7--24.5]",105
"Aves","Paroaria gularis","Female",1.2,"A",6.4,"[6.2--6.7]",6.8,"[5.7--7.9]",14,"[13.9--14.1]",14.3,"[11.8--17.8]",122
"Aves","Paroaria gularis","All",0.9,"A",6.2,"[6.1--6.3]",6.3,"[5.4--7.3]",14.3,"[14.2--14.3]",15.8,"[13.5--19.2]",255
"Aves","Pauxi pauxi","Male",2.1,"A",16.2,"[16--16.6]",16.4,"[13.7--19.3]",24.8,"[24.6--24.9]",25.8,"[23.6--29.6]",151
"Aves","Pauxi pauxi","Female",2.8,"A",15.1,"[14.1--15.4]",15,"[12.6--17.7]",25.6,"[25.2--27.8]",27.4,"[24.5--32]",130
"Aves","Pauxi pauxi","All",2,"A",15.4,"[15.2--15.7]",14.3,"[12.7--16.1]",25.1,"[25--25.2]",27.1,"[24.9--30.1]",317
"Aves","Pavo cristatus","Male",1,"A",12.6,"[12.5--12.7]",12.6,"[12--13.1]",35.4,"[35.4--35.5]",30.1,"[28.2--32.2]",2934
"Aves","Pavo muticus","Male",1.6,"A",8.9,"[8.8--9]",8.8,"[7.5--10.4]",17.6,"[17.5--17.6]",19.2,"[17.3--22.3]",182
"Aves","Pavo muticus","Female",1.9,"A",9.2,"[9.1--9.5]",9.3,"[8.2--10.6]",17.6,"[17.5--17.7]",19.2,"[16.7--23.4]",190
"Aves","Pavo muticus","All",1.5,"A",8.9,"[8.8--8.9]",9.2,"[8.3--10.2]",17.3,"[17.2--17.5]",17.8,"[16.8--19.1]",451
"Aves","Pelecanus crispus","Male",3.2,"A",22.7,"[22.7--22.8]",23,"[20.6--25.6]",31.8,"[31.7--31.8]",34.9,"[31.8--42.6]",389
"Aves","Pelecanus crispus","Female",3,"A",21.8,"[21.6--21.9]",21.3,"[19.4--23]",32.4,"[32.3--32.6]",33,"[30.8--36.6]",388
"Aves","Pelecanus crispus","All",3,"A",22.4,"[22.4--22.5]",21.8,"[20.6--23.1]",33.9,"[32.6--34.4]",35.7,"[33.2--39.5]",872
"Aves","Pelecanus rufescens","Female",2.7,"A",16,"[15.8--16.2]",15.3,"[13.5--17.1]",26.9,"[26.1--27]",29.1,"[24.7--36.3]",191
"Aves","Pelecanus rufescens","All",2.7,"A",15.9,"[15.8--15.9]",15.5,"[14--17.2]",25.9,"[25.7--26.1]",25.5,"[24--27.8]",450
"Aves","Perdix perdix","Male",1,"A",3.4,"[3.3--3.4]",3.5,"[3--4]",6.4,"[6.3--7.1]",6.7,"[5.9--8.2]",112
"Aves","Perdix perdix","Female",1,"A",2.7,"[2.6--2.7]",2.8,"[2.4--3.3]",6,"[5.5--6.2]",6.8,"[5.6--8.4]",119
"Aves","Perdix perdix","All",0.9,"A",2.7,"[2.6--2.7]",2.8,"[2.5--3]",7.3,"[7.2--7.4]",7.4,"[6.5--8.4]",322
"Aves","Phalacrocorax carbo","Male",2.8,"A",14.4,"[14.3--14.6]",13.6,"[11.7--15.8]",23.5,"[23.5--23.6]",23.5,"[22.4--24.6]",192
"Aves","Phalacrocorax carbo","Female",3.1,"A",12.7,"[12.6--12.7]",12.9,"[11.2--14.9]",23.2,"[22.8--23.5]",23.1,"[21.6--24.9]",166
"Aves","Phalacrocorax carbo","All",1.2,"A",10.5,"[10.4--10.6]",10.9,"[10--11.7]",24.2,"[24.2--24.3]",24.1,"[23.1--25.2]",1182
"Aves","Phaps chalcoptera","Male",1,"A",8,"[7.9--8]",8.1,"[6.8--9.5]",17.4,"[17.3--17.6]",16.9,"[15.4--18.6]",184
"Aves","Phaps chalcoptera","Female",1.1,"A",7.8,"[7.7--7.8]",7.5,"[6.5--8.5]",13.8,"[13--14]",15,"[13.4--17.3]",178
"Aves","Phaps chalcoptera","All",0.7,"A",6.6,"[6.5--6.6]",6.7,"[6--7.4]",15.6,"[15.5--15.6]",15.8,"[14.5--17.2]",504
"Aves","Phaps elegans","Male",0.9,"A",8.7,"[8.5--8.9]",8.1,"[6.6--9.9]",17.8,"[17.5--18]",19.1,"[16.6--25.1]",163
"Aves","Phaps elegans","Female",0.8,"A",5.8,"[5.7--6]",6.2,"[5.2--7.3]",12.5,"[11.3--12.6]",13.1,"[11.7--14.9]",139
"Aves","Phaps elegans","All",0.5,"A",5.9,"[5.9--6]",5.9,"[5.3--6.7]",16.8,"[16.5--16.9]",17.1,"[15.3--19.5]",438
"Aves","Phasianus colchicus","Male",0.9,"A",6,"[5.9--6]",5.9,"[5.4--6.3]",13.6,"[13.5--13.8]",12.9,"[11.8--14.2]",664
"Aves","Phasianus colchicus","Female",0.8,"A",4.9,"[4.8--4.9]",4.8,"[4.5--5.2]",12.9,"[12.7--13]",11.5,"[10.5--12.6]",827
"Aves","Phasianus colchicus","All",0.8,"A",5.1,"[5--5.1]",5.1,"[4.8--5.3]",12.8,"[12.7--13]",11.9,"[11.2--12.7]",1777
"Aves","Phasianus versicolor","Male",0.9,"A",6.5,"[6.4--6.9]",6.5,"[5.7--7.4]",11.2,"[11--11.3]",11,"[9.8--12.6]",96
"Aves","Phasianus versicolor","Female",1,"A",7.1,"[7--7.2]",7,"[6.1--8]",11.3,"[11.2--11.4]",11.8,"[10.6--13.3]",97
"Aves","Phasianus versicolor","All",0.6,"A",6.9,"[6.7--7]",6.8,"[6.1--7.5]",14.4,"[14.3--14.4]",13.9,"[12.6--15.6]",346
"Aves","Phoenicopterus chilensis","Female",2.2,"A",40.6,"[40.5--40.6]",40.1,"[38.7--41.6]",47.6,"[47.4--48.5]",49.8,"[47.8--52.4]",1934
"Aves","Phoenicopterus ruber","Female",2.1,"A",31.7,"[31.6--31.8]",31.1,"[29.8--32.3]",51.2,"[49.7--51.4]",54.5,"[50.4--60.4]",2658
"Aves","Phoenicopterus ruber","All",2,"A",30.8,"[30.8--30.9]",30.5,"[29.6--31.3]",51.1,"[50.7--51.4]",53.1,"[50.4--56.3]",6613
"Aves","Phoeniculus purpureus","Male",0.9,"A",5.8,"[5.7--5.9]",5.8,"[5--6.7]",15.1,"[14.6--15.5]",14.9,"[13.4--16.8]",239
"Aves","Phoeniculus purpureus","Female",1,"A",4.9,"[4.7--5.1]",5,"[4.3--5.7]",15.4,"[14.5--16.2]",14.7,"[12.6--17.3]",210
"Aves","Phoeniculus purpureus","All",0.8,"A",5.3,"[5.2--5.3]",5.1,"[4.6--5.6]",14.8,"[14.6--15.2]",14.7,"[13.5--16.1]",525
"Aves","Phonipara canora","Male",0.6,"A",5.3,"[5.2--5.4]",4.8,"[4--5.6]",9.4,"[9.3--9.4]",10.1,"[8.4--13.1]",143
"Aves","Phonipara canora","Female",0.6,"A",4.6,"[4.2--4.9]",4.5,"[3.9--5.2]",8,"[7.6--8.3]",8.1,"[7.1--9.4]",141
"Aves","Phonipara canora","All",0.6,"A",5.1,"[5--5.2]",4.7,"[4.2--5.3]",9.2,"[8.9--9.3]",9.4,"[8.5--10.6]",336
"Aves","Pica pica","All",1.9,"A",6.7,"[6.2--7]",6.7,"[5.2--9]",15.9,"[15.6--18]",16.5,"[13.7--20.1]",51
"Aves","Pipile cumanensis","All",0.5,"A",11.9,"[11.5--12.2]",10.2,"[8.5--12.4]",25.6,"[25.5--25.6]",26.5,"[22.8--32.4]",261
"Aves","Pitta sordida","Male",1.2,"A",3.7,"[3.6--3.8]",4,"[3.5--4.6]",11.1,"[11--11.3]",10.9,"[9.3--13]",150
"Aves","Pitta sordida","Female",0.8,"A",3,"[3--3.1]",3.2,"[2.8--3.6]",7.4,"[7.2--7.6]",8.1,"[7.2--9]",179
"Aves","Pitta sordida","All",0.8,"A",3.1,"[3--3.2]",3.3,"[3--3.6]",8.6,"[8.5--8.6]",9.3,"[8.4--10.4]",386
"Aves","Pitta versicolor","Male",0.7,"A",4.8,"[4.7--5]",4.9,"[3.9--6.3]",11.7,"[11.6--11.7]",11.5,"[10.3--12.6]",107
"Aves","Pitta versicolor","Female",0.8,"A",3.4,"[3.4--3.5]",3.6,"[3--4.4]",10,"[9.6--10.1]",9.4,"[8.1--10.8]",128
"Aves","Pitta versicolor","All",0.5,"A",3.4,"[3.4--3.5]",3.7,"[3.2--4.3]",10.7,"[10.7--10.9]",10.4,"[9.5--11.3]",277
"Aves","Platalea ajaja","Male",2,"A",12.8,"[12.6--12.9]",12.5,"[11.7--13.4]",25.9,"[25.8--25.9]",26.1,"[24.4--28]",720
"Aves","Platalea ajaja","Female",2,"A",10.7,"[10.7--10.8]",10.8,"[10.1--11.6]",25.3,"[25.3--25.4]",24.9,"[23.2--26.8]",809
"Aves","Platalea ajaja","All",1.9,"A",11.1,"[11--11.1]",11.3,"[10.7--11.8]",25.8,"[25.8--25.9]",25.7,"[24.6--26.9]",1936
"Aves","Platalea alba","Male",3,"A",14.5,"[14.4--14.6]",13.6,"[12.4--15]",20.9,"[20.7--20.9]",23.6,"[20.7--28.5]",251
"Aves","Platalea alba","Female",3.8,"A",14.7,"[14.6--14.9]",14.9,"[13.4--16.5]",27.9,"[27.7--28.1]",28.5,"[24.6--34.3]",263
"Aves","Platalea leucorodia","Male",1.9,"A",14,"[13.9--14.3]",14.1,"[12.6--15.8]",29.2,"[28.3--29.5]",32.2,"[27.3--39.3]",380
"Aves","Platalea leucorodia","Female",2.5,"A",13.5,"[13.4--13.5]",14.3,"[12.6--16.1]",27.6,"[27.5--27.7]",29.1,"[26.4--34.2]",372
"Aves","Platalea leucorodia","All",1.1,"A",12.4,"[12.4--12.5]",12.3,"[11.3--13.4]",29.4,"[29.3--29.5]",31.2,"[28--35.5]",1090
"Aves","Platycercus adscitus","All",1.5,"A",12.1,"[8.4--12.4]",10.1,"[8--12.8]",21.5,"[20.5--22.2]",22.8,"[19.7--29.8]",110
"Aves","Platycercus elegans","Male",1.2,"A",8.8,"[8.7--9.5]",7.7,"[6.2--9.5]",19.8,"[19.4--20.5]",21.2,"[16.4--28.2]",113
"Aves","Platycercus elegans","Female",1.2,"A",6.4,"[6.4--6.5]",6.4,"[5.2--7.8]",12.1,"[11.5--14.8]",13.9,"[11.3--18.4]",90
"Aves","Platycercus elegans","All",1.2,"A",6.9,"[6.8--7]",6.9,"[6.1--7.9]",18.5,"[18.3--18.7]",18.2,"[15.5--22]",272
"Aves","Platycercus eximius","Male",1,"A",8.1,"[8.1--8.2]",8,"[6.9--9.4]",19,"[18.9--19.4]",20.5,"[18.1--24.1]",249
"Aves","Platycercus eximius","Female",1,"A",6.4,"[6.4--6.5]",6.2,"[5.4--7.1]",13.6,"[13.5--14]",13.4,"[11.6--16.3]",202
"Aves","Platycercus eximius","All",1,"A",6.4,"[6.3--6.4]",6.6,"[6.1--7.2]",17.1,"[16.9--17.2]",16.4,"[15--18.3]",687
"Aves","Plegadis chihi","All",2,"A",11,"[10.2--12]",11.6,"[8.6--14.8]",20.6,"[20--21.5]",21,"[18.2--25.8]",50
"Aves","Plegadis falcinellus","Male",1.7,"A",14.1,"[14--14.2]",14,"[12.1--16]",20.3,"[20--20.4]",21,"[19.9--22.8]",409
"Aves","Plegadis falcinellus","Female",1.1,"A",14.7,"[14.6--14.9]",14.6,"[12.9--16.3]",26.7,"[26.2--27.1]",26.6,"[25.1--28.6]",547
"Aves","Plegadis falcinellus","All",0.9,"A",14,"[14--14.1]",13.7,"[12.6--14.8]",27.5,"[27.3--28.3]",28.1,"[26.5--30.2]",1409
"Aves","Plegadis ridgwayi","Male",2,"A",14.8,"[14.6--15]",15,"[12.4--18]",26.9,"[26.3--27.3]",26.9,"[25.2--29]",151
"Aves","Plegadis ridgwayi","Female",1.5,"A",13.8,"[13.7--14]",13.8,"[11.9--15.7]",29.4,"[29.2--31.4]",28.2,"[24.5--33.7]",181
"Aves","Plegadis ridgwayi","All",0.9,"A",13.1,"[13.1--13.2]",12.6,"[11.2--14.3]",26.8,"[26.7--26.9]",27.1,"[25.4--29.3]",437
"Aves","Ploceus castaneiceps","Male",0.5,"A",10.5,"[10.5--10.6]",10.6,"[9.7--11.8]",22.3,"[22.3--22.4]",22.4,"[21.1--24.3]",967
"Aves","Ploceus castaneiceps","Female",0.5,"A",8.8,"[8.8--8.9]",9.3,"[8.6--10.1]",21.5,"[18.7--22.6]",21.7,"[19.3--25]",1080
"Aves","Ploceus castaneiceps","All",0.5,"A",9.5,"[9.4--9.5]",9.7,"[9.1--10.4]",22.3,"[22.3--22.4]",22,"[20.8--23.9]",2286
"Aves","Ploceus cucullatus","Male",2,"A",10.7,"[10.5--10.8]",9.9,"[8.9--11]",17.4,"[17.2--17.5]",19.6,"[17.6--23.4]",592
"Aves","Ploceus cucullatus","All",0.9,"A",7.9,"[7.8--7.9]",7.9,"[7.4--8.5]",17.3,"[17.2--17.4]",18.6,"[17.1--21.2]",1880
"Aves","Podargus strigoides","Male",1.5,"A",20.7,"[20.7--20.8]",19.5,"[17.8--21.3]",33.2,"[32.2--34.7]",33.7,"[31.5--36.3]",366
"Aves","Podargus strigoides","Female",1.1,"A",14.5,"[14.4--14.5]",13.8,"[12.4--15.2]",26.8,"[26.8--27.2]",27,"[24.8--29.8]",313
"Aves","Podargus strigoides","All",1,"A",16.7,"[16.7--16.8]",16.1,"[15--17.3]",30.9,"[30.5--31]",31,"[29.3--33]",769
"Aves","Poephila acuticauda","Male",0.7,"A",5,"[5--5.1]",5.1,"[4.2--5.9]",9.4,"[9.3--9.6]",9.6,"[8.9--10.4]",151
"Aves","Poephila acuticauda","Female",0.6,"A",3.9,"[3.8--4.2]",3.8,"[3.2--4.4]",9,"[8.6--9.1]",9.3,"[8--11.1]",158
"Aves","Poephila acuticauda","All",0.2,"A",3.4,"[3.4--3.5]",3.5,"[3.2--3.7]",9.8,"[9.7--9.8]",9.9,"[9.3--10.6]",1316
"Aves","Pogonornis dubius","Female",1.5,"A",6,"[5.8--6.1]",6,"[5.1--7.1]",14.9,"[14.3--15.1]",15.9,"[13.2--19.8]",115
"Aves","Pogonornis dubius","All",0.9,"A",5.9,"[5.8--5.9]",5.9,"[5.2--6.7]",15.3,"[15.2--15.6]",15.7,"[14.1--18.2]",300
"Aves","Polihierax semitorquatus","Male",0.9,"A",8.6,"[8.4--8.7]",8.6,"[7.1--10.5]",16.6,"[16.6--16.7]",17,"[15.6--18.8]",143
"Aves","Polihierax semitorquatus","Female",1,"A",6.8,"[6.5--6.9]",6.2,"[5.2--7.2]",14.1,"[14.1--14.2]",13.7,"[11.8--16.5]",147
"Aves","Polihierax semitorquatus","All",0.8,"A",7.2,"[7.1--7.2]",6.9,"[6.1--7.9]",15.9,"[15.7--16.2]",16.5,"[15.1--18]",317
"Aves","Polyplectron bicalcaratum","Male",0.9,"A",8.7,"[8.5--8.8]",8.8,"[7.6--10]",21.4,"[21.2--21.9]",22,"[19.1--26.4]",274
"Aves","Polyplectron bicalcaratum","Female",1.4,"A",7.8,"[7.5--8]",7.3,"[6.2--8.4]",16.7,"[16.3--16.9]",17.3,"[15--20.9]",205
"Aves","Polyplectron bicalcaratum","All",1,"A",7.8,"[7.7--7.9]",7.4,"[6.7--8.3]",19.8,"[19.7--19.9]",20.7,"[18.3--23.6]",560
"Aves","Polyplectron inopinatum","Male",1.1,"A",9.2,"[9.2--9.3]",8.4,"[6.8--10.3]",19.9,"[19.8--20.1]",20,"[17.3--23.4]",146
"Aves","Polyplectron inopinatum","Female",1.3,"A",7.3,"[7.1--7.4]",6.6,"[5.5--8]",18.3,"[17.3--19]",18.8,"[15.5--22.7]",121
"Aves","Polyplectron inopinatum","All",1.1,"A",8.1,"[8--8.2]",7.6,"[6.6--8.7]",20.2,"[20.1--20.2]",19.7,"[17.3--22.8]",285
"Aves","Polyplectron malacense","Male",1.2,"A",7.7,"[7.6--8.5]",7.7,"[6--9.8]",21,"[20.7--22.6]",20.6,"[17.4--23.8]",100
"Aves","Polyplectron malacense","Female",1.8,"A",7.3,"[7.1--7.7]",7.1,"[5.8--8.8]",15.4,"[15.4--15.5]",16.2,"[13.6--21.2]",73
"Aves","Polyplectron malacense","All",0.7,"A",5.4,"[5.3--5.5]",5.5,"[4.7--6.5]",16.4,"[16.4--16.5]",17.8,"[15.6--20.2]",259
"Aves","Polyplectron napoleonis","Male",1.4,"A",9,"[8.9--9.1]",8.4,"[7.6--9.4]",22.1,"[22--22.2]",23.7,"[21.4--26.8]",558
"Aves","Polyplectron napoleonis","Female",1.7,"A",7.2,"[7.1--7.3]",7.1,"[6.5--7.8]",19.1,"[18.2--19.3]",19.3,"[17.3--21.4]",478
"Aves","Polyplectron napoleonis","All",1,"A",7.1,"[7.1--7.2]",6.8,"[6.3--7.2]",20.4,"[20.3--20.5]",22,"[20.3--23.8]",1242
"Aves","Polytelis alexandrae","Female",1,"A",8.1,"[7.9--8.2]",8.1,"[6.7--9.8]",22.3,"[22.1--22.4]",21.9,"[19.1--25.8]",195
"Aves","Polytelis alexandrae","All",0.9,"A",7.2,"[7.2--7.3]",7.5,"[6.7--8.4]",24.1,"[23.9--26.3]",22.7,"[20.5--25.5]",522
"Aves","Polytelis anthopeplus","All",0.9,"A",10,"[10--10.1]",9.3,"[7.8--11.2]",20.7,"[20.1--23.8]",22.7,"[19.4--29.3]",229
"Aves","Polytelis swainsonii","Male",2.1,"A",8.7,"[8.6--8.8]",8.7,"[7.5--10.1]",19.5,"[19.2--22.1]",19.6,"[16.4--24.1]",158
"Aves","Polytelis swainsonii","Female",1.9,"A",7.3,"[7.2--7.4]",7.6,"[6.5--8.8]",15.4,"[14.7--15.9]",16.1,"[13.4--20.7]",120
"Aves","Polytelis swainsonii","All",1.7,"A",8,"[8--8.1]",8.2,"[7.4--9]",18.1,"[17.7--22.1]",19.3,"[16.5--23.1]",302
"Aves","Porphyrio porphyrio","Male",1.8,"A",8.3,"[8.2--8.3]",8.5,"[7.2--10.1]",19.7,"[19.6--19.7]",19.7,"[16.3--24.3]",99
"Aves","Porphyrio porphyrio","Female",1.9,"A",9.3,"[8.8--9.4]",9,"[8.1--9.9]",14.4,"[14--14.8]",15.3,"[13.7--17.4]",111
"Aves","Porphyrio porphyrio","All",1.2,"A",7.8,"[7.8--7.9]",7.7,"[7--8.4]",17,"[16.9--17.1]",16.9,"[15.3--18.9]",345
"Aves","Psephotellus chrysopterygius","Male",2.4,"A",9.1,"[8.9--9.4]",9.2,"[7.5--11]",16.9,"[16.2--17.4]",17.4,"[14--23.4]",64
"Aves","Psephotellus chrysopterygius","Female",1.3,"A",7.3,"[7--7.4]",7.6,"[5.8--9.5]",13.1,"[13--13.4]",13.2,"[12.2--14.8]",65
"Aves","Psephotellus chrysopterygius","All",0.9,"A",7.7,"[7.6--7.8]",7.3,"[6.2--8.5]",15.2,"[14.4--16.2]",16,"[13.9--19]",202
"Aves","Psephotellus dissimilis","Male",1.4,"A",7.3,"[7--7.4]",7.1,"[5.9--8.5]",16.1,"[16--16.2]",16.2,"[14.4--19.2]",147
"Aves","Psephotellus dissimilis","Female",1.8,"A",8.4,"[8.3--9.1]",8.5,"[7--10.3]",16.1,"[16--16.1]",17,"[15.3--19.6]",128
"Aves","Psephotellus dissimilis","All",1,"A",7,"[6.9--7.1]",6.6,"[5.7--7.6]",16,"[16--16.1]",16.3,"[14.9--17.9]",345
"Aves","Psephotus haematonotus","Male",1,"A",6,"[5.9--6.1]",6.4,"[5.7--7.2]",12.9,"[12.9--13]",13,"[11.6--15.1]",229
"Aves","Psephotus haematonotus","Female",0.8,"A",5.9,"[5.7--6.1]",6.3,"[5.3--7.4]",12.9,"[12.4--13.1]",14.8,"[12.1--19.5]",185
"Aves","Psephotus haematonotus","All",0.8,"A",6,"[5.9--6]",6.2,"[5.6--6.8]",14.5,"[14.1--15.4]",15.2,"[13.6--17.3]",560
"Aves","Pseudeos fuscata","Male",3.1,"A",12.5,"[12.4--12.5]",11.4,"[9.6--13.6]",21.8,"[21.7--22.2]",23.1,"[18.7--30.5]",100
"Aves","Pseudeos fuscata","Female",2.9,"A",10.7,"[10.1--10.9]",9.8,"[8.2--11.5]",19.8,"[18.3--20.7]",22,"[17.6--28.9]",95
"Aves","Pseudeos fuscata","All",1.9,"A",9.9,"[9.9--10]",9.5,"[8.4--10.7]",21.9,"[21.8--22.2]",23.5,"[20.1--28.3]",304
"Aves","Psittacula derbiana","All",0.9,"A",11.3,"[11.2--11.4]",9.9,"[8.4--11.6]",21.8,"[21.8--21.9]",23.2,"[20.7--29.5]",456
"Aves","Psittacula krameri","Male",0.9,"A",12.3,"[12.2--12.3]",12.2,"[11.1--13.3]",21.6,"[21.4--21.8]",22.3,"[20.1--25.5]",345
"Aves","Psittacus erithacus","All",2,"A",22.9,"[22.8--23]",22.9,"[21.5--24.4]",48.7,"[47--51.2]",49.8,"[43.8--58.4]",1700
"Aves","Psitteuteles goldiei","Male",1.2,"A",6.5,"[6.4--6.6]",6.9,"[5.8--8.3]",19.8,"[19.5--20.8]",21.3,"[17.9--26.2]",181
"Aves","Psitteuteles goldiei","Female",1.8,"A",6.8,"[6.7--6.9]",6.8,"[5.8--8.2]",15.8,"[15.4--16.1]",17.1,"[14.5--21.5]",132
"Aves","Psitteuteles goldiei","All",1.2,"A",5.9,"[5.9--6]",6.2,"[5.4--7.1]",19.8,"[19.5--20.8]",20.1,"[17.1--24.2]",372
"Aves","Psophia crepitans","Male",1.2,"A",10,"[9.9--10.1]",9.7,"[8.2--11.4]",18.9,"[18.5--19.6]",18.8,"[17.5--20.4]",181
"Aves","Psophia crepitans","Female",2,"A",8.3,"[8.1--8.9]",8.5,"[7.4--9.7]",20.5,"[19.6--20.7]",19.3,"[17.1--22.2]",179
"Aves","Psophia crepitans","All",1,"A",8.7,"[8.6--8.9]",8.2,"[7.3--9.2]",19.5,"[19.3--19.6]",19.2,"[17.8--20.7]",427
"Aves","Pternistis leucoscepus","Male",0.9,"A",5.6,"[5.5--5.8]",5.7,"[4.5--7.2]",12.9,"[12.7--13]",14.5,"[11.6--19.3]",104
"Aves","Pternistis leucoscepus","Female",0.9,"A",4.2,"[4.1--4.3]",4.4,"[3.7--5.3]",12.7,"[12.3--13.4]",12.7,"[10.4--15.7]",115
"Aves","Pternistis leucoscepus","All",0.9,"A",5.3,"[5.3--5.4]",5.3,"[4.6--6.2]",13.4,"[13--13.4]",15.6,"[13.1--19]",239
"Aves","Pteroglossus viridis","Male",1,"A",8.5,"[8.5--8.6]",7.6,"[6.5--8.8]",17.3,"[17.3--17.6]",17.1,"[15.6--19.3]",258
"Aves","Pteroglossus viridis","Female",0.9,"A",7,"[6.8--7.1]",6.7,"[5.8--7.6]",15.4,"[15.3--15.6]",15.4,"[13.7--17.9]",274
"Aves","Pteroglossus viridis","All",0.9,"A",7.4,"[7.3--7.4]",6.9,"[6.2--7.7]",16,"[15.8--16.3]",16.6,"[15.3--18.4]",544
"Aves","Pteronetta hartlaubii","Male",3.2,"A",9,"[8.8--9.1]",9.1,"[7.6--10.7]",13.5,"[12.8--13.7]",13.4,"[12.3--15]",52
"Aves","Pteronetta hartlaubii","Female",2,"A",7,"[6.9--8.6]",7.5,"[6.1--9.2]",13.2,"[13.1--13.3]",13.3,"[12.1--14.8]",83
"Aves","Pteronetta hartlaubii","All",2.7,"A",9.3,"[9--9.4]",9,"[7.7--10.3]",16.8,"[16.5--19.2]",20.5,"[17.4--25.3]",149
"Aves","Pterorhinus courtoisi","Male",1.1,"A",13.2,"[13.1--13.4]",13.3,"[11.1--15.7]",23.8,"[23.7--23.8]",24,"[22.4--26.3]",307
"Aves","Pterorhinus courtoisi","Female",1,"A",9.8,"[9.5--10]",9.6,"[8.1--11.4]",19.9,"[18.4--20.1]",22.2,"[18.5--30.6]",258
"Aves","Pterorhinus courtoisi","All",0.9,"A",11.3,"[11.3--11.4]",11.1,"[9.8--12.3]",23.4,"[23.3--23.7]",24.7,"[21.8--29.6]",586
"Aves","Ptilinopus melanospilus","Female",0.8,"A",6.3,"[6.2--6.4]",5.9,"[5.2--6.8]",15.3,"[15.1--15.4]",17.5,"[15.1--20.7]",293
"Aves","Ptilinopus melanospilus","All",0.7,"A",5.7,"[5.6--5.9]",6.1,"[5.5--6.7]",17.5,"[17.2--18.2]",19,"[17.1--21.2]",666
"Aves","Ptilinopus porphyreus","Male",0.9,"A",5.9,"[5.8--6]",5.5,"[4.6--6.6]",14.9,"[14.5--15.9]",16.4,"[13.6--20.2]",171
"Aves","Ptilinopus porphyreus","Female",1,"A",4.9,"[4.9--5]",4.7,"[4--5.5]",11,"[10.9--11]",10.9,"[9.2--13.3]",148
"Aves","Ptilinopus porphyreus","All",0.8,"A",5.2,"[5.1--5.2]",4.9,"[4.3--5.6]",13.2,"[13.1--13.3]",14.2,"[12.4--16.4]",336
"Aves","Ptilinopus pulchellus","Male",1,"A",7.7,"[7.5--8]",7.7,"[6.4--9.4]",19.2,"[19.2--19.4]",20.2,"[17.3--24.7]",172
"Aves","Ptilinopus pulchellus","Female",1.4,"A",8.5,"[8.4--8.8]",7.6,"[6.3--9.2]",16.2,"[15.6--16.9]",18.4,"[16.1--22.1]",151
"Aves","Ptilinopus pulchellus","All",0.9,"A",7.6,"[7.5--7.7]",7.5,"[6.5--8.6]",18.9,"[18.3--19.2]",19.6,"[17.6--22.3]",353
"Aves","Ptilinopus regina","Male",1.5,"A",7,"[6.9--7.1]",7,"[5.6--8.8]",12.7,"[12.4--12.7]",12.9,"[12--14.7]",112
"Aves","Ptilinopus regina","Female",1.1,"A",8.4,"[7.8--8.5]",7.9,"[6.7--9.3]",16.8,"[16.6--17]",17.9,"[15.2--22.2]",141
"Aves","Ptilinopus regina","All",0.9,"A",7.1,"[7--7.1]",6.8,"[5.9--7.8]",19.3,"[19.2--19.4]",19,"[16.7--22]",316
"Aves","Ptilinopus roseicapilla","Male",1.1,"A",11.3,"[11.1--11.4]",11,"[8.1--13.9]",18.5,"[18.3--18.6]",19.8,"[17.6--24.7]",56
"Aves","Ptilinopus roseicapilla","Female",1.1,"A",4.5,"[4.2--4.7]",5.3,"[4.1--7]",13.1,"[13--13.2]",13.7,"[11.2--18]",51
"Aves","Ptilinopus roseicapilla","All",1.1,"A",8.3,"[8.2--8.7]",8.3,"[6.7--10.2]",18.4,"[18.3--18.6]",19.7,"[17.2--23.7]",111
"Aves","Ptilinopus superbus","Male",0.8,"A",6.1,"[6--6.1]",6.1,"[5.4--6.8]",13,"[13--13.1]",12.9,"[11.4--14.7]",235
"Aves","Ptilinopus superbus","Female",1,"A",5.7,"[5.6--5.7]",5.6,"[4.9--6.4]",13.3,"[13.3--13.4]",13.4,"[11.6--16]",222
"Aves","Ptilinopus superbus","All",0.8,"A",5.8,"[5.7--5.9]",5.8,"[5.3--6.4]",13.2,"[13.1--13.2]",13,"[11.8--14.5]",481
"Aves","Ptilonorhynchus violaceus","All",4.7,"A",14,"[13.7--14.2]",15,"[11.8--18.4]",22.3,"[22--22.4]",22.9,"[20.8--28.2]",54
"Aves","Ptilopsis leucotis","Male",1.3,"A",12.7,"[12.6--12.8]",12.2,"[10.3--14]",17.4,"[17.3--18]",18.9,"[17.4--21.2]",128
"Aves","Ptilopsis leucotis","All",1,"A",12.3,"[11.8--12.4]",11.4,"[10.2--12.5]",23.7,"[23.3--28.1]",23.6,"[20.9--27.1]",338
"Aves","Pucrasia macrolopha","Male",0.9,"A",5.4,"[5.2--5.7]",4.6,"[3.4--6.3]",10.4,"[10--11.1]",11.7,"[9.1--15.6]",55
"Aves","Pucrasia macrolopha","Female",1,"A",3.5,"[3.2--3.6]",3.4,"[2.7--4.2]",7.4,"[7.2--7.9]",7.6,"[6.2--9.5]",64
"Aves","Pucrasia macrolopha","All",1,"A",4.1,"[4.1--4.2]",3.8,"[3.1--4.6]",9.8,"[9.6--10]",9.3,"[7.9--11.3]",126
"Aves","Pycnonotus barbatus","Female",1,"A",8.4,"[8.1--8.5]",8.2,"[6.5--9.9]",15.5,"[15.1--15.6]",16,"[13.3--20.3]",71
"Aves","Pycnonotus barbatus","All",0.7,"A",6.5,"[6.4--6.6]",6.3,"[5.3--7.4]",13.8,"[13.7--14.1]",14.1,"[12.6--16.6]",227
"Aves","Pycnonotus cafer","Male",0.8,"A",6.5,"[6.3--7]",6.5,"[4.9--8.1]",11.7,"[11.2--12.1]",11.7,"[10.6--13.5]",60
"Aves","Pycnonotus cafer","Female",0.8,"A",7.2,"[6.9--7.4]",7.1,"[5.6--8.7]",16.4,"[15.2--17.3]",16.7,"[13.5--21.8]",81
"Aves","Pycnonotus cafer","All",0.8,"A",6.2,"[6.2--6.3]",6.2,"[5.3--7.2]",20.4,"[19.4--20.8]",18.5,"[15.9--21.4]",206
"Aves","Pycnonotus jocosus","Male",0.9,"A",9.5,"[9.5--9.6]",9.8,"[8.4--11.6]",20.4,"[20.2--20.5]",22,"[19--29.8]",323
"Aves","Pycnonotus jocosus","All",0.8,"A",6.3,"[6.2--6.3]",6.3,"[5.9--6.8]",20.4,"[20.2--20.5]",20.4,"[18.2--23.9]",1342
"Aves","Pygoscelis adeliae","All",3,"A",25.4,"[24.8--26.1]",25.4,"[22.8--28.1]",32.7,"[32.2--33.2]",33.8,"[31.6--37.6]",455
"Aves","Pygoscelis antarcticus","All",3.4,"A",30.1,"[29.7--30.6]",30.3,"[28--32.5]",38.2,"[37.7--39.1]",39,"[37.4--41.5]",405
"Aves","Pygoscelis papua","Male",2,"A",24.7,"[24.7--24.8]",23.2,"[21.9--24.5]",33.9,"[33.7--33.9]",35.3,"[33.2--38.2]",1063
"Aves","Pygoscelis papua","Female",2,"A",22.1,"[22--22.8]",20.4,"[19--21.8]",27.3,"[27.2--27.3]",33.6,"[29.9--40.6]",1101
"Aves","Pygoscelis papua","All",2,"A",24.1,"[24--24.1]",23.4,"[22.3--24.5]",33.2,"[33.2--33.3]",33,"[32.2--34.2]",2362
"Aves","Pyrrhocorax pyrrhocorax","Male",2,"A",16.3,"[15.4--17.6]",16.3,"[12.8--20.3]",27.2,"[25.8--28.1]",28,"[24.5--34]",109
"Aves","Pyrrhocorax pyrrhocorax","Female",3,"A",17.6,"[17.3--18.1]",17.5,"[14.2--20.7]",27.6,"[27.4--28.8]",28.1,"[25.6--31.5]",119
"Aves","Pyrrhocorax pyrrhocorax","All",2,"A",16.6,"[16.6--16.7]",15.5,"[13.5--17.7]",28.2,"[28.1--28.8]",28.4,"[25.2--33.5]",256
"Aves","Pyrrhula pyrrhula","Male",1,"A",3.2,"[3.1--3.3]",3,"[2.5--3.8]",7.4,"[6--8]",7.7,"[6.1--9.9]",60
"Aves","Pyrrhula pyrrhula","Female",1,"A",3,"[2.8--3.1]",2.6,"[2.2--3.1]",5.1,"[4.7--5.5]",6.2,"[5--7.9]",53
"Aves","Pyrrhura cruentata","Female",1.1,"A",10.1,"[10--10.1]",10.7,"[8.4--13.4]",21.1,"[20.9--21.4]",23.3,"[19.5--32.4]",117
"Aves","Radjah radjah","Male",2.5,"A",10.4,"[10.3--10.4]",10.1,"[9.2--11]",18.5,"[18.4--18.6]",19.7,"[17.7--22]",304
"Aves","Radjah radjah","Female",2.4,"A",10.2,"[10.1--10.2]",9.7,"[8.7--10.7]",17.6,"[17.5--17.6]",18.5,"[17.3--20]",334
"Aves","Radjah radjah","All",1.9,"A",10.1,"[10--10.2]",9.7,"[9.1--10.3]",19.7,"[19.4--19.8]",21,"[19.4--22.6]",814
"Aves","Ramphastos sulfuratus","Male",2.8,"A",7.2,"[7.1--8.3]",7.8,"[5.9--9.8]",13.8,"[13.2--14.9]",14.9,"[12.8--18.5]",39
"Aves","Ramphastos sulfuratus","Female",1.8,"A",6.7,"[6.6--6.8]",7,"[5.7--8.4]",11.8,"[11.4--11.9]",12.1,"[10.7--14.2]",61
"Aves","Ramphastos sulfuratus","All",2.3,"A",6.9,"[6.9--7]",7.3,"[6.3--8.3]",14.5,"[14.4--14.5]",15.2,"[13.2--18.3]",132
"Aves","Ramphastos toco","Male",1.9,"A",8.8,"[8.7--8.9]",8.9,"[7.9--9.9]",16.9,"[16.5--17.4]",17.3,"[16--18.8]",256
"Aves","Ramphastos toco","Female",2,"A",9.5,"[9.4--9.5]",9.4,"[8.6--10.3]",18.1,"[15.7--19.2]",17.3,"[15.7--19.1]",248
"Aves","Ramphastos toco","All",1.9,"A",9,"[9--9.1]",9.2,"[8.5--9.8]",17,"[16.9--17.4]",17.3,"[16.4--18.4]",529
"Aves","Ramphiculus jambu","Male",1.5,"A",6.9,"[6.6--7]",6.9,"[5.8--8.1]",15.5,"[15.3--15.6]",15.4,"[13.5--18.5]",132
"Aves","Ramphiculus jambu","Female",1.5,"A",6,"[5.9--6.1]",6,"[5--7]",11.4,"[11.3--11.6]",11,"[10.1--12.1]",113
"Aves","Ramphiculus jambu","All",0.9,"A",5.9,"[5.9--6]",5.9,"[5.2--6.6]",12.8,"[12.4--13]",13.7,"[12.5--15.6]",286
"Aves","Ramphocelus bresilius","Male",0.9,"A",6.9,"[6.8--6.9]",7,"[5.8--8.5]",15.7,"[15.6--15.9]",16,"[14.4--18.8]",186
"Aves","Ramphocelus bresilius","Female",1.3,"A",5.1,"[5--5.2]",5.8,"[4.9--6.9]",13.6,"[13.3--13.9]",15.1,"[12.7--18.8]",149
"Aves","Ramphocelus bresilius","All",0.9,"A",6,"[5.9--6]",6.1,"[5.3--6.9]",15.3,"[14.9--15.6]",15.5,"[14.1--17.8]",372
"Aves","Ramphocelus carbo","Male",0.6,"A",6.1,"[5.9--6.3]",5.7,"[4.7--6.8]",16.4,"[15.7--16.9]",17.4,"[14.3--21.5]",144
"Aves","Ramphocelus carbo","Female",0.8,"A",5.8,"[5.7--6.1]",5.5,"[4.5--6.6]",15.1,"[14.4--15.7]",16.2,"[13.2--19.8]",131
"Aves","Ramphocelus carbo","All",0.6,"A",5.4,"[5.3--5.4]",5.2,"[4.6--5.9]",16.7,"[15.7--16.9]",16.9,"[14.7--19.2]",381
"Aves","Recurvirostra avosetta","Male",1,"A",9.8,"[9.7--9.9]",9.6,"[8.8--10.5]",19.8,"[19.3--20.1]",20.1,"[18.8--21.8]",934
"Aves","Recurvirostra avosetta","Female",0.9,"A",8.9,"[8.8--9]",8.7,"[7.9--9.5]",20.2,"[20.2--20.4]",19.9,"[18.6--21.4]",867
"Aves","Recurvirostra avosetta","All",0.9,"A",8.2,"[8.2--8.3]",8.1,"[7.6--8.5]",21.9,"[21.9--22]",21.6,"[20.5--22.6]",2952
"Aves","Rhea americana","Male",1.3,"A",10.5,"[10.5--10.6]",10.3,"[9.7--11]",22.4,"[22.3--22.8]",22.5,"[21.3--23.8]",1171
"Aves","Rhea americana","Female",1.5,"A",10.6,"[10.5--10.6]",10.3,"[9.8--10.9]",22.5,"[22.4--22.5]",22.4,"[21.5--23.4]",1403
"Aves","Rhea americana","All",1.3,"A",9.6,"[9.5--9.7]",9.5,"[9.1--9.9]",20.7,"[20.6--20.7]",20.3,"[19.9--20.8]",3338
"Aves","Rhea pennata","Male",1.8,"A",6.4,"[6.4--6.5]",6.1,"[5.5--6.8]",13.9,"[13.3--14.4]",13.5,"[12.1--15.5]",261
"Aves","Rhea pennata","Female",1.6,"A",7.4,"[7.4--7.5]",6.8,"[6--7.5]",15.7,"[15.3--16.2]",15.5,"[13.9--17.8]",292
"Aves","Rhea pennata","All",1.1,"A",6,"[5.9--6]",5.5,"[5--6]",12.9,"[12.8--13]",13,"[12.1--13.9]",651
"Aves","Rhynchopsitta pachyrhyncha","Male",6.8,"A",18.3,"[18.2--19.8]",19,"[16.4--21.5]",28.9,"[28.8--29.2]",29.5,"[27.6--32.3]",96
"Aves","Rhynchopsitta pachyrhyncha","Female",4.9,"A",14.2,"[14--14.4]",15.1,"[13.5--16.7]",29.4,"[29--30.8]",27.7,"[24.4--32]",121
"Aves","Rhynchopsitta pachyrhyncha","All",4.4,"A",16.1,"[16--16.3]",16.3,"[15--17.8]",28.9,"[28.8--29.2]",29.1,"[26.8--32.2]",239
"Aves","Rollulus rouloul","Male",0.6,"A",4.9,"[4.8--4.9]",4.8,"[4.6--5.1]",13.3,"[13.2--13.5]",13.7,"[13--14.4]",2306
"Aves","Sarkidiornis melanotos","Male",1.2,"A",8.4,"[8.4--8.5]",8.1,"[7.4--8.7]",12.6,"[12.6--12.7]",13.5,"[12.7--14.6]",329
"Aves","Sarkidiornis melanotos","Female",1,"A",9.3,"[9.2--9.4]",9,"[8.2--9.7]",15.9,"[15.8--15.9]",17.2,"[15.8--18.9]",405
"Aves","Sarkidiornis melanotos","All",0.9,"A",8.6,"[8.5--8.7]",8.3,"[7.8--8.8]",14.9,"[14.9--15]",15.5,"[14.6--16.5]",789
"Aves","Scissirostrum dubium","Male",0.7,"A",6.6,"[6.5--6.7]",6.4,"[5.7--7.2]",14.3,"[14.1--14.8]",15.2,"[14.1--16.5]",473
"Aves","Scissirostrum dubium","Female",0.7,"A",5.8,"[5.7--5.8]",5.5,"[4.9--6.1]",12.3,"[12.2--12.4]",13.2,"[12.1--14.7]",479
"Aves","Scissirostrum dubium","All",0.6,"A",5.1,"[5.1--5.2]",5.3,"[4.9--5.7]",13.9,"[13.9--14]",14.2,"[13.4--15.2]",1114
"Aves","Scopus umbretta","Male",1.2,"A",8.7,"[8.7--9.1]",8.7,"[7.7--9.9]",20.5,"[20.4--20.6]",20.3,"[19.2--21.5]",404
"Aves","Scopus umbretta","Female",0.8,"A",5.1,"[5--5.1]",5.2,"[4.4--5.9]",16.3,"[16.1--16.4]",16.6,"[15.1--18.4]",454
"Aves","Scopus umbretta","All",0.8,"A",5.9,"[5.8--5.9]",5.8,"[5.3--6.4]",18.5,"[18.4--18.5]",18.5,"[17.3--19.7]",997
"Aves","Sericulus chrysocephalus","All",4,"A",9.7,"[9.6--9.8]",10.9,"[8.8--13.9]",18.5,"[18--18.9]",19.2,"[17.2--24.5]",50
"Aves","Sialia sialis","Male",0.9,"A",4.2,"[3.4--4.6]",4,"[3.1--5.1]",8.2,"[7.9--8.5]",9.2,"[7.5--11.9]",50
"Aves","Sialia sialis","Female",1,"A",4.5,"[4.3--4.6]",4.2,"[3.1--5.5]",8.2,"[7.9--8.5]",9,"[7.8--10.5]",46
"Aves","Sialia sialis","All",0.9,"A",3.6,"[3.4--3.8]",3.8,"[3.1--4.6]",8,"[7.9--8.5]",8.4,"[7.6--9.2]",114
"Aves","Sibirionetta formosa","Male",0.9,"A",7.2,"[7.1--7.3]",7.1,"[6.5--7.8]",16.2,"[15.8--16.3]",15.8,"[14.2--17.8]",388
"Aves","Sibirionetta formosa","Female",1,"A",6.5,"[6.5--6.6]",6.6,"[6--7.2]",12.3,"[12.1--12.4]",12.7,"[11.9--13.8]",384
"Aves","Sibirionetta formosa","All",0.9,"A",6.7,"[6.6--6.7]",6.6,"[6.2--7.1]",14.3,"[14--14.4]",14.7,"[13.6--15.8]",830
"Aves","Sicalis flaveola","Male",1.1,"A",5.6,"[5.5--5.7]",5.6,"[4.7--6.6]",15.2,"[14.1--16.7]",15.5,"[12.9--18.5]",147
"Aves","Sicalis flaveola","Female",1.1,"A",5.1,"[5--5.1]",4.8,"[4.1--5.4]",7.6,"[7.6--7.7]",7.7,"[7.2--8.4]",160
"Aves","Sicalis flaveola","All",0.6,"A",4.6,"[4.5--4.7]",4.5,"[4.1--4.9]",15.5,"[15.1--16.7]",13.9,"[12.4--15.6]",628
"Aves","Somateria fischeri","Male",2,"A",7.9,"[7.8--8]",7.9,"[5.7--11]",19,"[18.6--19.4]",19.3,"[16.3--25.5]",66
"Aves","Somateria fischeri","All",2,"A",7.6,"[7.5--7.6]",7.9,"[6.3--9.8]",20.6,"[19.4--23.1]",21.6,"[18.5--26.9]",142
"Aves","Somateria mollissima","Male",0.9,"A",6.8,"[6.8--6.9]",6.6,"[6.2--7]",15,"[14.9--15.1]",15.8,"[14.8--16.9]",999
"Aves","Somateria mollissima","Female",1,"A",6.8,"[6.8--6.9]",6.6,"[6.2--7]",15.9,"[15.8--15.9]",15.6,"[14.6--16.7]",1046
"Aves","Somateria mollissima","All",0.9,"A",6.7,"[6.6--6.7]",6.5,"[6.2--6.8]",15.3,"[15.3--15.4]",15.6,"[14.9--16.4]",2165
"Aves","Somateria spectabilis","All",2,"A",10.6,"[10.2--11.1]",9.1,"[5.9--13.3]",24.5,"[24.2--25.5]",27.1,"[18.7--40.1]",37
"Aves","Spatula clypeata","Male",1.9,"A",8.6,"[8.5--8.8]",8.5,"[8--9.1]",15.5,"[15.5--15.6]",15.4,"[14.6--16.3]",614
"Aves","Spatula clypeata","Female",0.9,"A",6.5,"[6.4--6.5]",6.5,"[6--7]",15.2,"[15--16.3]",16.2,"[14.8--17.8]",739
"Aves","Spatula clypeata","All",1,"A",7.2,"[7.2--7.3]",7.1,"[6.8--7.5]",16.5,"[16.5--16.6]",16.8,"[15.9--18]",1472
"Aves","Spatula cyanoptera","Male",0.9,"A",6.8,"[6.7--6.9]",6.5,"[6--7.1]",18.1,"[17.8--18.3]",19,"[17--21.3]",814
"Aves","Spatula cyanoptera","Female",0.9,"A",6,"[5.9--6]",5.9,"[5.4--6.3]",16.6,"[16.6--16.7]",17.5,"[15.6--19.8]",843
"Aves","Spatula cyanoptera","All",0.9,"A",6.2,"[6.1--6.3]",6,"[5.6--6.4]",17.1,"[17--17.5]",18.3,"[16.7--20.3]",1768
"Aves","Spatula discors","Male",1.1,"A",6.5,"[6.4--6.5]",6.2,"[5.7--6.7]",13.1,"[13.1--13.3]",13.3,"[12.2--14.7]",523
"Aves","Spatula discors","Female",1,"A",5.8,"[5.7--5.9]",5.6,"[5.2--6.1]",14.2,"[13.2--14.7]",14.1,"[12.6--15.9]",539
"Aves","Spatula discors","All",1,"A",6.1,"[6.1--6.2]",5.9,"[5.5--6.2]",13.3,"[13.2--13.3]",13.7,"[12.8--14.7]",1110
"Aves","Spatula hottentota","Male",0.8,"A",7.1,"[7.1--7.2]",7,"[6.3--7.8]",16.3,"[16.1--16.5]",16.4,"[15.3--17.6]",509
"Aves","Spatula hottentota","Female",1,"A",6,"[6--6.1]",6.2,"[5.6--6.8]",14.1,"[13.8--14.2]",14.3,"[13.2--15.5]",487
"Aves","Spatula hottentota","All",0.7,"A",6.4,"[6.4--6.5]",6.4,"[6--6.8]",16.6,"[16.5--16.6]",17.2,"[16.1--18.6]",1168
"Aves","Spatula platalea","Male",1.3,"A",9.6,"[9.5--9.6]",9.8,"[8.8--11]",20.8,"[20.8--20.9]",20.8,"[18.3--24.6]",308
"Aves","Spatula platalea","Female",1.3,"A",7.9,"[7.9--8]",8.1,"[7.2--9.2]",21.2,"[20.8--22.5]",20,"[17.4--23.7]",317
"Aves","Spatula platalea","All",1.3,"A",8,"[7.9--8]",8.7,"[8.1--9.5]",20.8,"[18.6--20.9]",20.1,"[18.2--22.2]",657
"Aves","Spatula puna","Male",1,"A",8.6,"[8.4--8.8]",8.4,"[7.5--9.5]",16.6,"[16.4--16.8]",19.3,"[16.5--23.7]",315
"Aves","Spatula puna","Female",0.7,"A",6.4,"[6.3--6.4]",6.4,"[5.6--7.3]",14.7,"[14.6--14.7]",17.6,"[15.1--21.4]",352
"Aves","Spatula puna","All",0.7,"A",7,"[7--7.1]",7.2,"[6.6--7.9]",15.9,"[15.9--16]",17.6,"[15.9--20.9]",748
"Aves","Spatula querquedula","Male",1.2,"A",5.9,"[5.9--6]",6.1,"[5.5--6.8]",13.4,"[13.3--13.6]",13.3,"[12.1--14.8]",329
"Aves","Spatula querquedula","Female",1,"A",5.5,"[5.5--5.6]",5.5,"[4.9--6.1]",13.4,"[13.4--13.5]",14.9,"[13.1--17.2]",386
"Aves","Spatula querquedula","All",0.8,"A",5.5,"[5.4--5.5]",5.4,"[5--5.9]",13.5,"[13.4--13.6]",13.8,"[12.8--15]",820
"Aves","Spatula rhynchotis","Male",1,"A",9.7,"[9.3--9.8]",9.6,"[8.3--10.9]",14.4,"[14.4--14.5]",14.5,"[13.9--15.2]",183
"Aves","Spatula versicolor","Male",1,"A",6.6,"[6.3--6.7]",6.7,"[5.6--8]",12.9,"[12.5--13.1]",13,"[12.2--14.4]",173
"Aves","Spatula versicolor","Female",1,"A",6.7,"[6.6--6.7]",6.5,"[5.5--7.7]",12.3,"[12.2--12.4]",14.3,"[12--19.7]",189
"Aves","Spatula versicolor","All",1,"A",5.9,"[5.9--6]",6,"[5.4--6.7]",12.1,"[12--12.1]",12.2,"[11.5--13.2]",397
"Aves","Spheniscus demersus","Male",2.5,"A",19.4,"[19.3--19.4]",19.4,"[18.7--20.1]",32.3,"[32.2--32.6]",32.4,"[31.7--33.2]",3000
"Aves","Spheniscus demersus","Female",2.7,"A",17.9,"[17.8--18]",18.3,"[17.6--19.1]",34.5,"[34.4--34.7]",34.5,"[33.5--35.6]",2834
"Aves","Spheniscus demersus","All",2.1,"A",17.3,"[17.2--17.3]",17.4,"[16.9--17.9]",33,"[32.9--33.1]",32.8,"[32.2--33.4]",6819
"Aves","Spheniscus humboldti","Male",2.1,"A",17.1,"[17--17.1]",17,"[16.3--17.7]",31.4,"[31.4--31.5]",32.3,"[31.3--33.4]",3467
"Aves","Spheniscus humboldti","Female",2.1,"A",15.7,"[15.7--15.8]",15.5,"[15--16.1]",30.9,"[30.9--31]",30.9,"[30--31.8]",3581
"Aves","Spheniscus humboldti","All",1.9,"A",15.1,"[15.1--15.2]",15,"[14.6--15.5]",29.4,"[29.4--29.5]",29.1,"[28.6--29.4]",7820
"Aves","Spheniscus magellanicus","Male",3.9,"A",22.2,"[21.3--22.3]",22,"[19.5--24.7]",31.5,"[31.4--32.1]",31.9,"[30.3--34.3]",242
"Aves","Spheniscus magellanicus","Female",3,"A",18.1,"[17.8--18.3]",17.1,"[14.7--19.9]",34,"[33.3--34.2]",36.5,"[32--47.3]",248
"Aves","Spheniscus magellanicus","All",3,"A",18.3,"[18.2--18.4]",17.6,"[15.7--19.5]",33.8,"[33.3--34.2]",37,"[33.1--43.6]",569
"Aves","Spilopelia senegalensis","Male",1.1,"A",7.1,"[7--7.5]",7.3,"[6.3--8.2]",11.7,"[11.5--12.9]",12.3,"[11.2--13.8]",227
"Aves","Spilopelia senegalensis","Female",1,"A",8,"[7--8.1]",8.1,"[7--9.5]",17.5,"[17.3--17.6]",19.8,"[15.8--26.3]",247
"Aves","Spilopelia senegalensis","All",0.6,"A",6.1,"[6--6.2]",6,"[5.6--6.6]",18,"[17.6--18.3]",18.5,"[16.8--20.3]",1111
"Aves","Spinus cucullatus","Male",0.5,"A",4,"[3.9--4]",4.3,"[3.7--4.8]",7.6,"[7.6--7.7]",8.1,"[7.2--9.4]",157
"Aves","Spinus cucullatus","Female",0.9,"A",4.2,"[4.1--4.3]",4,"[3.5--4.5]",7.3,"[7.2--7.6]",7,"[6.3--8]",139
"Aves","Spinus cucullatus","All",0.5,"A",4,"[3.9--4.1]",4.1,"[3.7--4.5]",7.6,"[7.5--7.7]",7.8,"[7.1--8.7]",330
"Aves","Spinus spinus","Male",1,"A",3.6,"[3.5--3.6]",3.9,"[3--4.9]",8.6,"[7.6--9.2]",8.7,"[6.9--11.4]",49
"Aves","Spizixos semitorques","Male",1.2,"A",6.2,"[5.9--6.4]",6.4,"[5.2--7.6]",14.3,"[14.1--14.4]",14.6,"[12--18.8]",104
"Aves","Spizixos semitorques","Female",1,"A",5.6,"[5.4--6.6]",6.3,"[5--7.7]",12.3,"[11.8--13]",13.4,"[11.1--17.2]",81
"Aves","Spizixos semitorques","All",0.8,"A",5.6,"[5.4--5.7]",6,"[5.1--6.9]",14.1,"[13.3--14.4]",13.9,"[12.6--15.5]",210
"Aves","Stagonopleura guttata","Male",0.4,"A",5.8,"[5.7--5.8]",5.4,"[4.6--6.2]",10,"[9.5--10.3]",10.1,"[8.9--12.3]",125
"Aves","Stagonopleura guttata","All",0.4,"A",3.1,"[3--3.1]",3.1,"[2.8--3.4]",9.9,"[9.5--10.3]",9.4,"[8.5--10.4]",696
"Aves","Stictonetta naevosa","Male",1,"A",9.3,"[9.1--9.5]",8.9,"[7.7--10.2]",16.2,"[16.1--16.3]",17.6,"[15.2--21.1]",160
"Aves","Stictonetta naevosa","Female",1,"A",11.2,"[10.9--11.5]",10.9,"[9.6--12.3]",17.7,"[17.2--18.2]",19.2,"[16.6--23]",170
"Aves","Stictonetta naevosa","All",1,"A",9.7,"[9.7--9.8]",10,"[9--11]",16.3,"[16.1--16.7]",17.1,"[15.9--18.6]",333
"Aves","Streptopelia decaocto","All",1,"A",8.2,"[8--8.3]",8.9,"[7.5--10.5]",29.3,"[29.2--29.3]",27.3,"[23.1--32.5]",179
"Aves","Streptopelia risoria","Male",0.6,"A",10.2,"[10.1--10.3]",9.4,"[8--11.1]",27,"[27--27.1]",26.2,"[22.4--32]",317
"Aves","Streptopelia risoria","Female",0.4,"A",9.4,"[9.3--9.5]",9.1,"[7.7--10.6]",20.1,"[20--20.1]",20.8,"[19--22.6]",313
"Aves","Streptopelia risoria","All",0.3,"A",8.3,"[8.2--8.4]",7.5,"[6.7--8.4]",21.3,"[21.1--21.6]",22.8,"[21.1--24.8]",1286
"Aves","Streptopelia roseogrisea","Female",0.6,"A",11.2,"[10.7--11.7]",12,"[8.2--15.7]",19.8,"[19.7--19.9]",19.9,"[17.9--22.8]",50
"Aves","Streptopelia roseogrisea","All",0.6,"A",15.7,"[14.6--16.3]",14.7,"[11.3--17.6]",20.7,"[20.6--20.7]",21.2,"[19.9--22.9]",124
"Aves","Streptopelia turtur","Male",0.8,"A",5.6,"[5.5--5.8]",6,"[5.1--7]",16.7,"[16.6--16.9]",16.8,"[14.1--20.4]",234
"Aves","Streptopelia turtur","Female",0.8,"A",5.8,"[5.8--5.9]",5.5,"[4.7--6.4]",16.7,"[16.2--17.1]",16,"[13.7--18.9]",221
"Aves","Strix aluco","Male",2,"A",17.3,"[15.9--18.9]",16.2,"[13.7--19.1]",21.5,"[21.4--21.5]",24.8,"[20.8--32]",86
"Aves","Strix aluco","All",3.3,"A",15.9,"[15.7--16]",15.3,"[14.3--16.5]",19.9,"[19.7--19.9]",21.6,"[19.9--24.4]",234
"Aves","Strix nebulosa","Male",2,"A",14.7,"[14.4--15.3]",14.7,"[13.2--16.1]",26.2,"[26.2--26.3]",26.9,"[25.1--29.4]",347
"Aves","Strix nebulosa","Female",1.1,"A",12.2,"[12.2--12.3]",12.1,"[10.9--13.3]",26.9,"[26.2--27.1]",27,"[24.1--30.7]",389
"Aves","Strix nebulosa","All",1,"A",13.1,"[13.1--13.2]",12.7,"[11.8--13.6]",26.3,"[26.2--26.3]",26.9,"[25.1--29.1]",897
"Aves","Strix uralensis","All",1,"A",16.3,"[16.3--16.4]",16.7,"[15.4--18]",25.7,"[25.6--25.9]",26.1,"[24.5--28.5]",539
"Aves","Struthio camelus","Male",1.9,"A",13.4,"[13.3--13.4]",12.9,"[12.1--13.9]",29.2,"[29--29.6]",29.7,"[28--32]",1299
"Aves","Struthio camelus","Female",2,"A",12.9,"[12.8--12.9]",12.9,"[12.4--13.4]",24.6,"[24.5--24.7]",24.4,"[23.6--25.4]",1976
"Aves","Struthio camelus","All",1.9,"A",13.1,"[13.1--13.2]",12.8,"[12.4--13.3]",27.2,"[26.9--27.2]",27.4,"[26.5--28.4]",3580
"Aves","Sturnus pagodarum","Male",1.3,"A",7.1,"[6.7--7.5]",6.9,"[5.9--8.1]",11.7,"[11.6--11.7]",13.5,"[11.2--17]",100
"Aves","Sturnus pagodarum","Female",1.2,"A",9.6,"[9.2--9.8]",9.3,"[7.9--10.8]",13.1,"[12.7--13.2]",16.2,"[13.6--20.4]",97
"Aves","Sturnus pagodarum","All",0.8,"A",7,"[7--7.1]",7,"[6.1--7.9]",11.6,"[11.5--11.7]",11.8,"[11.2--12.5]",293
"Aves","Surnia ulula","Male",1.1,"A",7.3,"[7.2--7.3]",6.7,"[5.7--7.6]",15.7,"[15.3--16.3]",16.5,"[14.1--19.7]",202
"Aves","Surnia ulula","Female",1,"A",7,"[6.7--7.4]",6.7,"[5.8--7.7]",13.1,"[13--13.2]",14.8,"[13--17.7]",188
"Aves","Surnia ulula","All",1,"A",7.2,"[7.1--7.2]",6.5,"[5.8--7.2]",15.3,"[14.3--15.7]",15.9,"[14.3--17.9]",417
"Aves","Syrmaticus ellioti","Male",1,"A",6.2,"[5.6--6.3]",6.2,"[5.1--7.6]",11.7,"[11.7--11.9]",11.6,"[10.9--12.3]",166
"Aves","Syrmaticus ellioti","Female",0.8,"A",5.9,"[5.9--6]",5.9,"[5--6.7]",11.8,"[11.7--11.8]",12.4,"[11.1--14.3]",189
"Aves","Syrmaticus ellioti","All",0.8,"A",6.3,"[6.2--6.3]",6.2,"[5.6--6.9]",13.5,"[13.3--13.6]",13.8,"[12.5--15.3]",413
"Aves","Syrmaticus humiae","Male",1,"A",7.8,"[7.7--8]",6.9,"[5.4--8.6]",13.9,"[13.1--14.6]",14.9,"[12--19.6]",68
"Aves","Syrmaticus humiae","All",1,"A",5.7,"[5.7--5.8]",5.4,"[4.7--6.1]",11.9,"[11.6--12.1]",11.6,"[10.2--13.4]",213
"Aves","Syrmaticus mikado","Male",1,"A",7.4,"[7--7.5]",6.6,"[5.4--7.8]",13.6,"[13.5--13.8]",13.1,"[11.3--15.7]",112
"Aves","Syrmaticus mikado","Female",1,"A",4.9,"[4.8--5]",5,"[4.3--5.7]",10.4,"[10--11]",10.3,"[8.7--12.3]",128
"Aves","Syrmaticus mikado","All",0.9,"A",5.7,"[5.5--5.8]",5.5,"[4.9--6.2]",12.9,"[12.6--12.9]",12.3,"[10.8--14]",261
"Aves","Syrmaticus reevesii","Male",1,"A",6.6,"[6.6--6.7]",6.6,"[5.9--7.4]",15.2,"[15.2--15.3]",14.8,"[13--17.3]",355
"Aves","Syrmaticus reevesii","Female",1,"A",6.3,"[6.3--6.4]",6.3,"[5.8--6.8]",12.9,"[12.4--13]",12.4,"[11.4--13.7]",452
"Aves","Tachybaptus ruficollis","Male",1,"A",4.7,"[4.4--5.1]",5,"[3.5--7.2]",11.3,"[10.3--11.7]",12.6,"[9.3--18.2]",41
"Aves","Tachybaptus ruficollis","All",1,"A",4.5,"[4.4--4.7]",4.9,"[3.5--6.8]",13.4,"[11.7--13.7]",14.7,"[11.6--19.6]",74
"Aves","Tadorna cana","Male",2.7,"A",10.6,"[10.5--10.8]",10.1,"[8.9--11.4]",20.1,"[19.9--20.9]",21,"[18.4--24.4]",176
"Aves","Tadorna cana","Female",2,"A",9.7,"[9.5--9.8]",9.7,"[8.7--10.7]",17.4,"[17.3--17.6]",18.5,"[16.6--20.8]",178
"Aves","Tadorna cana","All",1.9,"A",9.9,"[9.9--10]",9.9,"[9.1--10.7]",19.3,"[18.9--19.4]",19.4,"[17.9--21.2]",379
"Aves","Tadorna ferruginea","Male",1.8,"A",10.7,"[10.6--10.8]",10.7,"[9.9--11.4]",24.3,"[24.2--26.9]",23.9,"[21.9--26.3]",675
"Aves","Tadorna ferruginea","Female",1.8,"A",10.3,"[10.2--10.4]",10.4,"[9.6--11.1]",22,"[21.9--22.2]",22.9,"[21--25.3]",690
"Aves","Tadorna tadorna","Male",1,"A",9.9,"[9.8--9.9]",9.6,"[9.1--10.2]",19.2,"[19.1--19.5]",20.5,"[19.3--21.8]",1148
"Aves","Tadorna tadorna","Female",1.7,"A",10.4,"[10.4--10.5]",10.4,"[9.9--11]",20.9,"[20.7--21.3]",22.1,"[20.6--23.7]",1110
"Aves","Tadorna tadorna","All",1,"A",9.8,"[9.7--9.8]",9.5,"[9.2--9.9]",19.7,"[19.7--19.8]",20.5,"[19.7--21.4]",3108
"Aves","Tadorna tadornoides","Male",1.9,"A",9.4,"[9.3--9.5]",9.4,"[8--11]",22.4,"[21.8--22.6]",22.4,"[18.8--27.3]",139
"Aves","Tadorna tadornoides","Female",2.9,"A",11.3,"[11.1--11.4]",10.3,"[9--11.7]",19.3,"[19.1--20.1]",19.9,"[17.5--23.3]",137
"Aves","Tadorna tadornoides","All",1.9,"A",10.1,"[10--10.2]",9.8,"[8.8--10.9]",21.4,"[21.1--21.7]",21.1,"[19--23.8]",306
"Aves","Tadorna variegata","Male",1,"A",8.8,"[8.7--8.8]",8,"[6.5--9.6]",17.3,"[17.3--17.4]",16.9,"[15.4--18.8]",132
"Aves","Tadorna variegata","Female",2.3,"A",9.2,"[8.7--9.5]",9.1,"[7.6--10.7]",18.1,"[17.2--20.3]",18.3,"[16.5--20.7]",106
"Aves","Tadorna variegata","All",1.1,"A",8.6,"[8.4--8.7]",8.3,"[7.2--9.4]",17.6,"[17.4--17.8]",18.4,"[16.9--20.5]",284
"Aves","Taeniopygia bichenovii","Male",1,"A",4.2,"[4.2--4.3]",4.1,"[3.6--4.7]",7.2,"[7.1--7.2]",7.8,"[6.9--9.1]",133
"Aves","Taeniopygia bichenovii","Female",0.8,"A",3.2,"[3.2--3.3]",3.1,"[2.6--3.7]",7.1,"[7--7.1]",7.2,"[6.3--8.5]",120
"Aves","Taeniopygia bichenovii","All",0.2,"A",2.6,"[2.5--2.6]",2.5,"[2.3--2.7]",7.1,"[7--7.1]",7,"[6.5--7.6]",881
"Aves","Taeniopygia guttata","Male",0.2,"A",4,"[4--4.1]",4,"[3.8--4.3]",7.2,"[7.1--7.2]",7.3,"[6.9--7.7]",1205
"Aves","Taeniopygia guttata","Female",0.2,"A",3.2,"[3.2--3.3]",3.2,"[2.9--3.5]",8.3,"[8.2--8.4]",8.5,"[7.7--9.6]",1158
"Aves","Tangara mexicana","Male",1,"A",4.5,"[4.4--4.6]",4.5,"[4--5.2]",12.6,"[12.4--12.7]",11.9,"[10.4--14]",215
"Aves","Tangara mexicana","Female",0.9,"A",4,"[3.9--4]",4,"[3.4--4.6]",8.6,"[8.5--9]",9.3,"[8.3--10.8]",189
"Aves","Tangara mexicana","All",0.7,"A",3.8,"[3.7--3.9]",3.7,"[3.4--4.2]",9.9,"[9.8--9.9]",9.6,"[8.9--10.6]",477
"Aves","Tauraco erythrolophus","Male",1,"A",10.5,"[10.5--10.6]",9.9,"[8.7--11.2]",27,"[26.8--28.3]",26.2,"[22.4--31.3]",361
"Aves","Tauraco erythrolophus","Female",1.2,"A",9.1,"[9.1--9.2]",9.3,"[8.2--10.4]",22.9,"[22.2--23.6]",25.4,"[21.5--30.2]",368
"Aves","Tauraco erythrolophus","All",1,"A",9,"[8.9--9.1]",9,"[8.3--9.9]",23.5,"[23.1--23.6]",25.5,"[22.9--28.9]",808
"Aves","Tauraco fischeri","Male",2,"A",12.4,"[11.4--12.8]",11.6,"[9--14.4]",20.5,"[19.9--20.8]",25.3,"[19--35.6]",75
"Aves","Tauraco fischeri","Female",1.9,"A",7.5,"[7.2--7.9]",7.2,"[5.9--8.6]",14.2,"[12.9--15.3]",15.1,"[12.5--19.4]",65
"Aves","Tauraco fischeri","All",1.1,"A",8.4,"[8.4--8.5]",7.8,"[6.6--9.2]",19.1,"[18.3--19.9]",19.9,"[16.5--24.7]",172
"Aves","Tauraco leucolophus","Male",1.3,"A",10.6,"[10.5--10.7]",11.5,"[9.2--13.9]",21.5,"[21.3--22.5]",22.8,"[18.9--28.8]",87
"Aves","Tauraco leucolophus","Female",1.1,"A",9.3,"[8.1--9.7]",8.4,"[6.4--10.8]",20.9,"[19.7--21.5]",21.7,"[17.8--29.5]",88
"Aves","Tauraco leucolophus","All",1.2,"A",10.4,"[10.3--10.4]",9.8,"[8.1--11.8]",22.3,"[21.5--22.5]",23.1,"[20.4--27.3]",189
"Aves","Tauraco leucotis","Male",1.1,"A",12.9,"[12.9--13]",13.1,"[11.6--14.9]",28,"[27.8--28.5]",29.4,"[24.8--35.6]",315
"Aves","Tauraco leucotis","Female",2,"A",11.8,"[11.6--11.9]",12.4,"[10.8--14.2]",31.5,"[31.3--33.6]",30.7,"[26.8--36.6]",293
"Aves","Tauraco leucotis","All",1,"A",11.6,"[11.5--11.7]",11.8,"[10.8--12.8]",33.3,"[31.3--33.6]",31.5,"[27.9--36.2]",818
"Aves","Tauraco persa","All",1.4,"A",10.1,"[10--10.2]",10,"[9--11.3]",21.3,"[21.2--21.3]",23.9,"[20.1--29.3]",368
"Aves","Tetrao urogallus","Male",0.9,"A",4.3,"[4.2--4.4]",4.1,"[3.6--4.7]",9.7,"[9.6--10.1]",10.5,"[9.2--12.2]",261
"Aves","Tetrao urogallus","All",1,"A",4.7,"[4.6--4.7]",4.6,"[4.2--5]",12,"[11.9--12]",13.3,"[11.9--15]",551
"Aves","Tetraogallus himalayensis","Male",2,"A",4,"[3.7--4.2]",4.5,"[3.6--5.7]",10.5,"[10.4--10.7]",10.4,"[8--14.2]",43
"Aves","Tetraogallus himalayensis","All",0.9,"A",2.9,"[2.9--3]",2.9,"[2.4--3.5]",13.9,"[11.2--15.2]",11.9,"[9.1--16.3]",171
"Aves","Tetrastes bonasia","Male",1,"A",3.5,"[3.2--3.6]",3.5,"[2.9--4.4]",7.2,"[6.5--7.4]",7.8,"[6.5--10]",83
"Aves","Tetrastes bonasia","All",1,"A",3.9,"[3.8--4]",3.9,"[3.3--4.6]",8.5,"[8.2--8.7]",9.4,"[7.8--11.9]",151
"Aves","Tetrax tetrax","Male",0.9,"A",8.7,"[8.6--8.8]",8.7,"[7.4--10.1]",14.6,"[14.5--14.6]",15,"[13.2--17.8]",79
"Aves","Tetrax tetrax","All",0.9,"A",9.4,"[9.3--9.5]",9.4,"[8.1--10.9]",14.6,"[14.6--14.7]",15.3,"[14.1--17.8]",191
"Aves","Thinornis novaeseelandiae","Male",0.9,"A",6.7,"[6.5--7.5]",6.9,"[5.2--9.1]",13.5,"[13.2--14.9]",14.1,"[12.5--16.4]",68
"Aves","Thinornis novaeseelandiae","Female",1,"A",5.8,"[5--5.9]",5.3,"[4--7.1]",11.8,"[11.3--13.3]",12.7,"[10.5--15.5]",64
"Aves","Thinornis novaeseelandiae","All",0.8,"A",6.4,"[6.4--6.5]",6,"[4.8--7.3]",14.4,"[14.3--14.7]",15,"[13--17.7]",150
"Aves","Thraupis episcopus","Male",0.7,"A",6.7,"[6.6--6.8]",6.7,"[5.7--7.8]",18.9,"[18.4--19.9]",19.9,"[17.3--23.8]",261
"Aves","Thraupis episcopus","Female",1,"A",7,"[6.7--7.2]",6.4,"[5.5--7.6]",17.2,"[17--17.3]",18.8,"[15.9--23.2]",230
"Aves","Thraupis episcopus","All",0.7,"A",5.3,"[5.3--5.4]",5.5,"[4.9--6.2]",17.8,"[17.8--17.9]",18.7,"[16.8--21.2]",621
"Aves","Threskiornis aethiopicus","Male",1.8,"A",15.2,"[15.1--15.2]",15.3,"[14.3--16.5]",32,"[31.8--37.5]",34.7,"[31.3--38.8]",856
"Aves","Threskiornis aethiopicus","Female",1.7,"A",14.9,"[14.9--15]",15,"[13.9--16.1]",30.9,"[30.3--31.9]",32.5,"[29.3--36.2]",836
"Aves","Threskiornis aethiopicus","All",1,"A",13.8,"[13.7--13.8]",13.7,"[13.1--14.4]",32.4,"[31.9--33]",35.3,"[32.4--39]",3322
"Aves","Threskiornis melanocephalus","Female",1.3,"A",13.7,"[13.1--14]",13.8,"[11.7--16.3]",26.5,"[26.1--27.2]",28.1,"[23.8--34.6]",132
"Aves","Threskiornis melanocephalus","All",1.3,"A",13.7,"[13.5--13.9]",13.4,"[12--14.8]",25.3,"[25.1--25.6]",24.9,"[22.9--27.6]",413
"Aves","Threskiornis spinicollis","Male",10,"A",25.3,"[24.7--26.5]",24.8,"[21.2--28.5]",38,"[37.1--38.7]",40,"[35.8--49.5]",96
"Aves","Threskiornis spinicollis","All",10,"A",24.6,"[24.2--25]",24.7,"[22.6--27.1]",36.2,"[34.5--37.1]",36.5,"[34--41]",206
"Aves","Tockus deckeni","Male",1.7,"A",8.5,"[8.3--8.5]",8.3,"[7--9.9]",26.6,"[26.2--26.9]",26.9,"[21.7--36]",264
"Aves","Tockus deckeni","Female",1.6,"A",7.5,"[7.4--7.6]",7.8,"[6.7--8.9]",22.5,"[22.2--22.9]",22,"[18.8--26]",264
"Aves","Tockus deckeni","All",1.2,"A",7.3,"[7.3--7.4]",7.5,"[6.7--8.4]",26.5,"[26.2--26.6]",27.2,"[22.5--34.2]",589
"Aves","Tockus erythrorhynchus","Male",1.1,"A",9.2,"[8.8--9.4]",9,"[7.4--10.8]",19.5,"[18.4--20.3]",21.4,"[19--25.4]",213
"Aves","Tockus erythrorhynchus","Female",1,"A",6.1,"[5.8--6.3]",6.5,"[5.6--7.6]",18.9,"[18.1--19.1]",18.9,"[16.1--21.8]",209
"Aves","Tockus erythrorhynchus","All",1,"A",6.6,"[6.5--6.7]",7,"[6.3--7.8]",19.3,"[19.1--19.5]",20.5,"[18.3--22.8]",509
"Aves","Todiramphus chloris","Male",1.5,"A",5.9,"[5.7--6.1]",6.1,"[4.6--7.8]",16.3,"[16.2--16.4]",19.4,"[14.8--27.1]",82
"Aves","Todiramphus chloris","Female",1.5,"A",6.4,"[6--6.9]",6.3,"[5.1--7.7]",15.9,"[15.2--16]",16.5,"[14--19.6]",98
"Aves","Todiramphus chloris","All",0.9,"A",4.8,"[4.5--4.9]",4.9,"[4.1--5.8]",16.2,"[16--16.2]",16.3,"[14.3--19]",237
"Aves","Todiramphus cinnamominus","Male",1.8,"A",9.2,"[9.1--9.3]",9.6,"[8.3--11.1]",20.5,"[20.3--21.1]",20.4,"[18.6--22.9]",200
"Aves","Todiramphus cinnamominus","Female",1.4,"A",6.6,"[6.4--6.8]",6.5,"[5.8--7.2]",12.4,"[12.3--12.6]",12.6,"[11.5--14]",204
"Aves","Todiramphus cinnamominus","All",1.1,"A",7.7,"[7.6--7.8]",7.6,"[6.9--8.3]",17.7,"[17.3--18.2]",17,"[15.5--18.9]",437
"Aves","Todiramphus sanctus","Male",1.8,"A",6.7,"[6.5--7.5]",6.5,"[5--8.3]",13.7,"[13.6--13.9]",14.8,"[11.3--20.8]",54
"Aves","Todiramphus sanctus","All",1.8,"A",6.9,"[6.8--7.1]",7,"[5.8--8.5]",14,"[13.9--14.4]",14.6,"[12.9--18.1]",107
"Aves","Trachyphonus erythrocephalus","Male",0.7,"A",5.3,"[5.2--5.3]",5.1,"[4.4--6]",11.7,"[11.6--11.8]",13,"[11.2--15.5]",231
"Aves","Trachyphonus erythrocephalus","Female",0.8,"A",3.8,"[3.7--3.8]",3.9,"[3.3--4.7]",11.6,"[11.5--11.7]",11.4,"[9.9--13.2]",196
"Aves","Trachyphonus erythrocephalus","All",0.7,"A",4.6,"[4.5--4.8]",4.4,"[3.9--4.9]",11.6,"[11.6--11.7]",12.1,"[11.1--13.4]",453
"Aves","Tragopan caboti","Male",1,"A",5.5,"[5.4--5.6]",5.1,"[4.3--6.2]",13,"[12.9--13.6]",13.4,"[11.6--15.6]",156
"Aves","Tragopan caboti","Female",1.8,"A",5.9,"[5.7--6.1]",5.5,"[4.7--6.5]",11.6,"[11.3--12.9]",11.9,"[10.2--14.5]",122
"Aves","Tragopan caboti","All",1,"A",5,"[4.9--5.1]",5,"[4.4--5.6]",12.8,"[12.8--12.9]",12.6,"[11.2--14.2]",326
"Aves","Tragopan satyra","Male",1.2,"A",6.5,"[6.4--6.6]",6.1,"[5.4--6.8]",15.5,"[15.4--17.5]",17.9,"[15.8--20.5]",284
"Aves","Tragopan satyra","Female",1.9,"A",7.1,"[7--7.2]",6.5,"[5.9--7.2]",15.4,"[15.4--15.8]",17.4,"[15.3--20]",262
"Aves","Tragopan satyra","All",1,"A",6.4,"[6.3--6.5]",5.9,"[5.5--6.5]",15.3,"[15.1--15.4]",16.9,"[15.3--18.7]",631
"Aves","Tragopan temminckii","Male",1,"A",7.6,"[7.5--7.7]",7.4,"[6.7--8.1]",16.9,"[16.8--16.9]",17.3,"[15.9--19.2]",561
"Aves","Tragopan temminckii","Female",1,"A",6.5,"[6.4--6.6]",6.2,"[5.7--6.8]",14.6,"[14.4--15]",15.8,"[14.4--17.8]",574
"Aves","Tragopan temminckii","All",1,"A",7.1,"[7--7.1]",7,"[6.5--7.5]",16.5,"[16.2--16.5]",16.9,"[15.8--18.1]",1199
"Aves","Treron vernans","All",0.8,"A",4.5,"[4.4--4.6]",4.5,"[3.8--5.3]",9.6,"[9.3--9.6]",11.9,"[9.7--15.4]",169
"Aves","Trichoglossus chlorolepidotus","Male",1,"A",5.6,"[5.6--5.7]",5.6,"[4.5--7]",11.9,"[11.7--12.2]",12.1,"[10.5--15.4]",102
"Aves","Trichoglossus chlorolepidotus","Female",1.7,"A",8.4,"[8.2--9.3]",8.2,"[6.5--10.3]",17.5,"[16.6--17.9]",19.8,"[15.2--27.3]",91
"Aves","Trichoglossus chlorolepidotus","All",1.3,"A",7.2,"[7.1--7.3]",6.8,"[5.9--7.8]",17.7,"[17--17.9]",17.7,"[15.1--21.3]",293
"Aves","Trichoglossus forsteni","Female",1.3,"A",7.8,"[7.7--8.3]",8.1,"[7--9.3]",16.2,"[16.1--16.2]",16.8,"[14.2--21.1]",199
"Aves","Trichoglossus forsteni","All",1.3,"A",8.3,"[8.2--8.4]",8.7,"[7.7--9.7]",16.1,"[16--16.1]",16,"[14.8--17.7]",402
"Aves","Trichoglossus haematodus","Male",1.7,"A",9.6,"[9.6--9.7]",9.7,"[9--10.4]",22.9,"[22.8--23.1]",23.3,"[21.6--25.5]",844
"Aves","Trichoglossus haematodus","Female",2.1,"A",9,"[8.9--9.1]",9.4,"[8.8--10]",22.7,"[22.6--23]",22.8,"[20.9--25.3]",842
"Aves","Trichoglossus johnstoniae","Male",1.1,"A",7.3,"[6.7--8.2]",7.2,"[5.5--9.5]",17.7,"[17.3--17.8]",20.5,"[15.6--27.7]",78
"Aves","Trichoglossus johnstoniae","All",1.1,"A",6.8,"[6.7--7]",7.1,"[5.9--8.5]",17.7,"[17.3--17.8]",20.1,"[16--26.3]",161
"Aves","Trichoglossus moluccanus","Male",1.2,"A",11.4,"[11.3--11.4]",11.1,"[10.5--11.9]",23.4,"[23.1--23.5]",27.8,"[24.5--32.8]",1636
"Aves","Trichoglossus moluccanus","Female",1.1,"A",10.4,"[10.3--10.4]",10.3,"[9.7--10.9]",22.8,"[22.7--23.2]",23.5,"[21.3--26.6]",1749
"Aves","Tringa totanus","Male",1,"A",10.4,"[10.3--10.7]",10.1,"[8.1--12.7]",23.2,"[21.3--25.3]",26,"[21.3--34.5]",160
"Aves","Tringa totanus","Female",0.9,"A",6.2,"[5.9--6.3]",6.2,"[5.1--7.6]",17.4,"[16.5--17.5]",19,"[15.5--25.2]",174
"Aves","Tringa totanus","All",1,"A",7.5,"[7.5--7.6]",7.2,"[6.6--8]",20.8,"[20.3--21.2]",20.5,"[18.3--23.1]",595
"Aves","Trochalopteron milnei","Male",0.9,"A",6.5,"[6.4--6.7]",7.1,"[5.4--9]",13.2,"[13.2--13.3]",13.6,"[12.3--16.1]",81
"Aves","Trochalopteron milnei","Female",1.2,"A",6.9,"[6.7--7]",8,"[6--10.5]",15.3,"[14.9--15.5]",15.8,"[14.3--17.5]",76
"Aves","Trochalopteron milnei","All",0.8,"A",6.6,"[6.5--6.7]",6.6,"[5.4--8]",15,"[14.9--15.3]",15.3,"[14.1--16.6]",193
"Aves","Turdus migratorius","All",1,"A",6,"[5.7--6.2]",5.7,"[4.3--6.9]",8.2,"[8.1--8.2]",8.9,"[8--10.4]",31
"Aves","Turnix melanogaster","Male",0.7,"A",4.1,"[4--4.1]",3.9,"[3.2--4.7]",9.3,"[9.2--9.5]",9.8,"[8--12.1]",116
"Aves","Turnix melanogaster","Female",0.3,"A",3.6,"[3.5--3.8]",3.5,"[2.9--4.1]",7.2,"[6.9--8.1]",7.2,"[6.4--8.3]",149
"Aves","Turnix melanogaster","All",0.2,"A",3.1,"[3.1--3.2]",3,"[2.6--3.4]",8,"[7.7--8.1]",8.1,"[7.2--9.3]",378
"Aves","Turnix nigricollis","Male",0.6,"A",3.3,"[3.1--4.1]",3.4,"[2.5--4.7]",7.7,"[7.6--7.8]",8,"[6.8--9.8]",41
"Aves","Turnix nigricollis","Female",0.6,"A",3,"[2.9--3.1]",3,"[2.4--3.7]",5.6,"[5.2--5.7]",5.8,"[5--6.8]",53
"Aves","Turnix nigricollis","All",0.6,"A",3.2,"[3.1--3.2]",3.3,"[2.7--3.8]",7.2,"[7.1--7.3]",6.8,"[6.1--7.7]",97
"Aves","Turnix varius","Male",0.5,"A",2.4,"[2.2--2.4]",2.3,"[1.9--3]",5.5,"[5.2--5.7]",5.8,"[4.9--7.2]",89
"Aves","Turnix varius","All",0.4,"A",1.8,"[1.7--1.8]",1.8,"[1.5--2.1]",4.6,"[4.3--4.7]",4.5,"[4--5.1]",236
"Aves","Turtur tympanistria","All",0.6,"A",6.3,"[6.2--6.3]",6.5,"[5.5--7.7]",17.7,"[16.3--18.3]",18.1,"[14.8--23.1]",193
"Aves","Tympanuchus cupido","Male",0.9,"A",3,"[2.9--3]",3,"[2.8--3.3]",7.1,"[7--7.2]",7.3,"[6.8--7.8]",703
"Aves","Tympanuchus cupido","Female",0.9,"A",2.9,"[2.9--3]",3,"[2.7--3.2]",6.3,"[6.3--6.4]",6.3,"[6--6.7]",733
"Aves","Tympanuchus cupido","All",0.9,"A",2.9,"[2.9--3]",2.9,"[2.7--3]",6.7,"[6.6--6.7]",6.7,"[6.4--7]",1481
"Aves","Tyto alba","Male",0.9,"A",13.5,"[13.4--13.6]",13.2,"[12.3--14.2]",23.9,"[23.9--24]",24.6,"[23--26.6]",967
"Aves","Tyto alba","Female",0.9,"A",12.8,"[12.7--12.8]",12.6,"[11.8--13.3]",22.3,"[22.2--22.3]",22.8,"[21.5--24.5]",1026
"Aves","Tyto alba","All",0.8,"A",12.2,"[12.2--12.3]",12,"[11.4--12.5]",23.2,"[23--23.3]",24,"[22.9--25.3]",3138
"Aves","Upupa epops","Male",0.6,"A",2.6,"[2.5--2.6]",2.6,"[2.4--2.9]",6.4,"[6.3--6.5]",6.1,"[5.5--6.7]",329
"Aves","Upupa epops","Female",0.7,"A",2.5,"[2.4--2.5]",2.4,"[2.2--2.7]",6.7,"[6.5--7]",6.2,"[5.6--6.9]",298
"Aves","Upupa epops","All",0.7,"A",2.5,"[2.5--2.6]",2.6,"[2.4--2.8]",6.5,"[6.4--6.5]",6.1,"[5.7--6.6]",649
"Aves","Uraeginthus bengalus","Male",0.8,"A",4.3,"[4.2--4.3]",4.3,"[3.6--5.1]",8.9,"[8.9--9]",9.4,"[8.1--11.3]",130
"Aves","Uraeginthus bengalus","Female",0.9,"A",3,"[2.9--3]",3.2,"[2.7--3.8]",7.8,"[7.5--8.1]",7.9,"[6.7--9.7]",108
"Aves","Uraeginthus bengalus","All",0.8,"A",3.9,"[3.8--4]",3.9,"[3.5--4.3]",8.5,"[8.4--8.5]",8.5,"[7.7--9.7]",327
"Aves","Uraeginthus cyanocephalus","Male",1,"A",4.4,"[4.3--4.4]",4.1,"[3.3--5]",12.2,"[11.6--12.5]",11.3,"[9.5--13.1]",120
"Aves","Uraeginthus cyanocephalus","Female",1,"A",3.7,"[3.6--3.8]",3.5,"[2.9--4.3]",7.7,"[7--8]",7.7,"[6.4--9.5]",85
"Aves","Uraeginthus cyanocephalus","All",1,"A",3.8,"[3.7--3.9]",3.6,"[3.2--4.1]",8.2,"[8--8.4]",8.5,"[7.6--9.7]",240
"Aves","Urocissa erythrorhyncha","Male",1,"A",10.5,"[9.8--10.7]",9.5,"[8.2--11]",21.8,"[21.1--21.9]",24.8,"[20.4--31.6]",280
"Aves","Urocissa erythrorhyncha","Female",0.9,"A",11,"[10.9--11.1]",10.9,"[9.4--12.5]",25.6,"[25.4--27.1]",25.1,"[21.5--30.5]",273
"Aves","Urocissa erythrorhyncha","All",0.9,"A",10.6,"[10.4--10.7]",9.9,"[8.9--11]",21.9,"[21.8--21.9]",25.1,"[21.8--29.5]",619
"Aves","Urocolius macrourus","Male",1,"A",6.4,"[6.3--6.5]",6.6,"[5.7--7.5]",13.3,"[13.2--13.6]",14.4,"[12.3--18.2]",205
"Aves","Urocolius macrourus","All",0.7,"A",4.6,"[4.5--4.6]",4.9,"[4.5--5.5]",12.2,"[12.1--12.2]",13.4,"[11.8--15.2]",462
"Aves","Vanellus armatus","Male",2.6,"A",8,"[7.9--8]",8.1,"[7--9.3]",20.2,"[17.6--20.6]",18,"[15.3--21.5]",114
"Aves","Vanellus armatus","Female",2.4,"A",8,"[7.9--8]",8.3,"[7.1--9.9]",23.1,"[22.5--23.9]",22.4,"[18.9--26.6]",133
"Aves","Vanellus armatus","All",1.1,"A",5.5,"[5.4--5.6]",5.7,"[5--6.4]",18.9,"[18.5--19.2]",18.3,"[16--21.3]",435
"Aves","Vanellus chilensis","Female",1.9,"A",11.4,"[11.3--11.5]",9.7,"[7.5--12.1]",17.8,"[16.9--19]",18.2,"[16.1--22.7]",71
"Aves","Vanellus chilensis","All",1.8,"A",7,"[6.9--7.3]",7.2,"[6.3--8.4]",14.7,"[14.4--14.8]",16.1,"[14.3--19.8]",182
"Aves","Vanellus coronatus","Male",1.9,"A",5.6,"[5.3--5.7]",5.2,"[4.3--6.2]",10.9,"[10.9--11]",11.5,"[9.5--14.1]",70
"Aves","Vanellus coronatus","Female",1.2,"A",3.3,"[3.1--3.8]",3.7,"[3.1--4.5]",9.7,"[9.2--9.8]",9,"[7.4--11.4]",73
"Aves","Vanellus coronatus","All",0.8,"A",3.4,"[3.4--3.5]",3.5,"[3--4]",10.1,"[9.8--10.7]",9.8,"[8.5--11.4]",219
"Aves","Vanellus miles","Female",1.3,"A",9.6,"[9.4--9.7]",9.4,"[8.2--10.9]",22.8,"[22.7--22.9]",26.4,"[21.9--32.1]",283
"Aves","Vanellus miles","All",0.3,"A",7.4,"[7.4--7.5]",6.9,"[6.2--7.6]",20.6,"[20.5--20.7]",21.9,"[19.5--24.8]",1018
"Aves","Vanellus spinosus","Male",4.7,"A",9.2,"[9--9.5]",9.5,"[8.4--11]",20.1,"[19.4--21.7]",20.8,"[17.3--25.3]",83
"Aves","Vanellus spinosus","All",4.7,"A",10.6,"[10.5--10.6]",10.6,"[9.8--11.6]",26,"[25.3--27.1]",24.6,"[21.9--27.6]",239
"Aves","Vanellus vanellus","Female",2,"A",7.2,"[6.8--7.5]",7.1,"[5.6--9]",12.8,"[12.4--12.9]",13.3,"[11.8--16]",67
"Aves","Vanellus vanellus","All",2,"A",7.1,"[7.1--7.2]",6.6,"[5.8--7.7]",13.8,"[13.7--13.9]",13.4,"[12.5--14.3]",164
"Aves","Vini australis","Male",1.5,"A",10.4,"[10--10.5]",9.1,"[7.1--11.3]",19.6,"[19.4--20.5]",20.2,"[17.2--25.5]",86
"Aves","Vini australis","Female",1.8,"A",9.4,"[8.8--9.8]",8.6,"[6.9--10.5]",19,"[19--19.1]",19.1,"[15.6--25.5]",85
"Aves","Vini australis","All",1.3,"A",9.9,"[9.8--10]",9,"[7.6--10.4]",19.9,"[19.4--20.1]",20.5,"[17.6--24.5]",187
"Aves","Zapornia flavirostra","Male",0.9,"A",4.9,"[4.8--5]",5,"[4.4--5.8]",13.2,"[13.1--13.2]",13.8,"[12.1--16]",259
"Aves","Zapornia flavirostra","Female",0.8,"A",4,"[4--4.1]",4.2,"[3.7--4.8]",10.3,"[10.2--10.3]",10.8,"[9.5--12.5]",259
"Aves","Zapornia flavirostra","All",0.8,"A",3.7,"[3.6--3.7]",3.8,"[3.5--4.1]",11.5,"[11.3--11.9]",11.5,"[10.5--12.6]",740
"Aves","Zenaida asiatica","Male",1,"A",7.3,"[7.2--7.4]",7.9,"[6.4--9.6]",15.9,"[15.8--16]",17.8,"[14.1--24.2]",93
"Aves","Zenaida asiatica","All",1,"A",6.5,"[6.4--6.6]",6,"[5.2--6.9]",16.5,"[16.2--16.7]",18.1,"[15.6--21.4]",266
"Aves","Zenaida graysoni","Male",0.8,"A",7.3,"[7.2--7.4]",7.3,"[6.5--8.2]",14,"[13.9--14.1]",14.5,"[13.3--16.5]",290
"Aves","Zenaida graysoni","Female",0.8,"A",4.7,"[4.6--4.7]",4.7,"[4.2--5.2]",9.1,"[9--9.1]",9.1,"[8.6--9.6]",281
"Aves","Zenaida graysoni","All",0.7,"A",5.6,"[5.5--5.6]",5.5,"[5--6]",12.9,"[12.8--12.9]",12.8,"[12--13.7]",617
"Aves","Zenaida macroura","Female",0.4,"A",3.9,"[3.7--4]",3.3,"[2.5--4.3]",11.5,"[10.8--12.3]",10.1,"[7.7--13.2]",46
"Aves","Zenaida macroura","All",0.3,"A",3.3,"[3.2--3.5]",3.1,"[2.6--3.7]",12.2,"[12.1--12.3]",10.3,"[8.6--12.1]",207
"Aves","Zosterops lateralis","All",1,"A",4.9,"[4.8--5]",4.7,"[3.9--5.5]",8.8,"[8.4--9.6]",9.3,"[8--11.1]",98
"Aves","Zosterops palpebrosus","All",1,"A",4.5,"[4.5--4.6]",4.8,"[4.1--5.5]",9,"[8.2--9.6]",8.8,"[7.6--10.4]",84
"Reptilia","Acrantophis dumerili","Male",4.1,"A",23.8,"[23.7--24.1]",24.1,"[21.6--26.6]",34.2,"[33.9--34.2]",35.2,"[32.5--40.3]",233
"Reptilia","Acrantophis dumerili","All",4.1,"A",22.7,"[22.6--22.8]",22.8,"[20.9--24.6]",35.8,"[35.7--35.9]",35.7,"[34--37.9]",665
"Reptilia","Agkistrodon contortrix","Male",2,"A",13.3,"[13.2--13.4]",13.8,"[12.3--15.2]",17.9,"[17.8--18.3]",17.6,"[16.5--19.3]",43
"Reptilia","Agkistrodon contortrix","Female",2,"A",15.2,"[14.7--15.3]",14.1,"[11--16.6]",19.3,"[18.7--19.6]",19.9,"[18.1--22.9]",31
"Reptilia","Agkistrodon contortrix","All",2,"A",13.8,"[13.4--14.6]",14,"[12.2--15.9]",23.1,"[23--23.1]",22.5,"[20.8--24.6]",121
"Reptilia","Agkistrodon piscivorus","Female",3,"A",13.6,"[13.2--15.3]",13.4,"[10.4--16.2]",18.4,"[17.9--18.8]",19.5,"[17.7--24.4]",36
"Reptilia","Agkistrodon taylori","Male",2.7,"A",11.2,"[11.2--11.3]",11.3,"[10.3--12.3]",17.1,"[16.5--17.8]",17.2,"[15.6--19.3]",105
"Reptilia","Agkistrodon taylori","Female",2.7,"A",10,"[9.8--10.6]",10.4,"[9.4--11.5]",15,"[14.9--15.2]",15.1,"[13.9--16.8]",73
"Reptilia","Anolis barbatus","Male",1,"A",6.5,"[6.4--6.6]",5.9,"[4.7--7.3]",10.1,"[9.8--10.2]",10.1,"[9.1--12.4]",83
"Reptilia","Anolis barbatus","Female",1,"A",4.2,"[4--4.3]",4.2,"[3.5--5]",8.3,"[7.6--8.6]",8.6,"[7.1--10.9]",84
"Reptilia","Anolis barbatus","All",1,"A",5.1,"[5--5.1]",4.9,"[4.2--5.6]",8.7,"[8.6--8.9]",9.4,"[8.5--11.2]",210
"Reptilia","Anolis ricordii","Male",1,"A",5.3,"[4.6--5.5]",5,"[3.9--6.2]",10.9,"[10.8--10.9]",11,"[8.9--14.5]",56
"Reptilia","Anolis ricordii","Female",1.2,"A",4.2,"[4.1--4.3]",3.9,"[3.2--4.8]",9.2,"[9.1--9.4]",10.3,"[8.2--13.2]",75
"Reptilia","Anolis ricordii","All",1,"A",4.7,"[4.6--4.7]",4.4,"[3.8--5.2]",12,"[11.3--13.2]",12.5,"[10.7--15.1]",176
"Reptilia","Aspidoscelis uniparens","Female",0.5,"A",1.9,"[1.8--1.9]",2,"[1.8--2.2]",4.4,"[4.3--4.4]",4.4,"[4.2--4.7]",463
"Reptilia","Aspidoscelis uniparens","All",0.5,"A",1.9,"[1.9--2]",2,"[1.8--2.2]",4.4,"[4.3--4.4]",4.5,"[4.2--4.8]",474
"Reptilia","Basiliscus plumifrons","Male",1.1,"A",5.6,"[5.5--5.6]",5.8,"[5.4--6.2]",12.5,"[12.5--12.6]",12.2,"[11.3--13.3]",586
"Reptilia","Basiliscus plumifrons","Female",1.2,"A",5.2,"[5.1--5.3]",5.2,"[4.9--5.6]",11.7,"[11.4--11.7]",11.6,"[10.7--12.5]",584
"Reptilia","Basiliscus plumifrons","All",1.1,"A",4.9,"[4.8--4.9]",4.9,"[4.7--5.2]",11.3,"[11.2--11.3]",11.3,"[10.8--11.9]",1494
"Reptilia","Boa constrictor","Male",1.9,"A",13.8,"[13.8--13.9]",14,"[13.1--15]",27.5,"[27.5--27.6]",27.7,"[25.7--30.2]",589
"Reptilia","Boa constrictor","Female",3.1,"A",14.5,"[14.4--14.6]",14.8,"[14--15.7]",26.1,"[26--26.4]",26.5,"[24.8--28.7]",589
"Reptilia","Boa constrictor","All",1.9,"A",14,"[13.9--14]",14.4,"[13.8--15.1]",28,"[27.6--28.3]",27.7,"[26.5--29]",1805
"Reptilia","Bogertophis subocularis","All",2,"A",9.4,"[9.2--9.7]",8.2,"[6.6--10]",21,"[20.2--21.5]",20.1,"[17--23.5]",91
"Reptilia","Bothriechis schlegelii","Male",3,"A",9.4,"[9.3--9.4]",9.4,"[8.7--10.1]",17.1,"[17--17.2]",16.8,"[15.6--18.2]",276
"Reptilia","Bothriechis schlegelii","Female",2.7,"A",9.9,"[9.9--10]",10,"[9.3--10.8]",18.1,"[18.1--18.3]",17.4,"[16.3--18.8]",284
"Reptilia","Bothriechis schlegelii","All",2.4,"A",9.3,"[9.2--9.3]",9.4,"[8.9--9.9]",17.1,"[17--17.2]",16.9,"[16.2--17.7]",788
"Reptilia","Brachylophus bulabula","Male",1.8,"A",16.4,"[16.2--16.6]",15.5,"[13.8--17]",23.3,"[23.3--23.4]",24.2,"[22.1--27]",115
"Reptilia","Brachylophus bulabula","Female",1.8,"A",8.1,"[7.9--8.3]",7.8,"[6.7--8.9]",17,"[16.9--17.1]",16.4,"[14.3--19.3]",111
"Reptilia","Brachylophus bulabula","All",1.8,"A",11.2,"[11.1--11.4]",11.4,"[10--12.8]",21.7,"[21.6--21.8]",22.2,"[20.6--24.2]",228
"Reptilia","Brachylophus fasciatus","All",1.8,"A",12.4,"[12.4--12.5]",12.9,"[10.8--15.4]",24.2,"[23.4--24.7]",26.2,"[22.5--36.5]",226
"Reptilia","Caiman latirostris","All",5,"A",11.9,"[11.3--12]",11.6,"[9.8--13.5]",16.4,"[15.9--16.5]",18,"[15.5--26.7]",113
"Reptilia","Chamaeleo calyptratus","Male",1,"A",3.5,"[3.4--3.5]",3.4,"[3.2--3.6]",5.9,"[5.9--6]",6.1,"[5.8--6.5]",479
"Reptilia","Chamaeleo calyptratus","Female",1,"A",2.1,"[2.1--2.2]",2.2,"[2.1--2.3]",4.6,"[4.5--4.7]",4.8,"[4.4--5.1]",484
"Reptilia","Chilabothrus subflavus","Male",6.1,"A",25.3,"[24.8--25.9]",24.8,"[21.6--27.8]",33.1,"[33.1--33.3]",34.7,"[32.9--38.4]",151
"Reptilia","Chilabothrus subflavus","Female",6.1,"A",12.7,"[12.6--13.1]",13.4,"[11.9--15.2]",24.5,"[24.4--24.6]",26.5,"[23.7--31.5]",141
"Reptilia","Chilabothrus subflavus","All",6.1,"A",19.3,"[19.3--19.4]",18.5,"[16.7--20.5]",32.4,"[32--32.5]",34.9,"[32--46.1]",377
"Reptilia","Chlamydosaurus kingii","Male",1.6,"A",6.3,"[6.2--6.4]",6.5,"[6--7]",11.7,"[10.9--11.8]",11.1,"[10.2--12.2]",223
"Reptilia","Chlamydosaurus kingii","Female",1.6,"A",5.7,"[5.6--5.7]",5.9,"[5.4--6.4]",10.6,"[10.5--10.6]",11.1,"[10.1--12.2]",243
"Reptilia","Chlamydosaurus kingii","All",1.6,"A",5.9,"[5.8--5.9]",6,"[5.6--6.3]",11.8,"[11.7--11.8]",12,"[11.2--12.9]",676
"Reptilia","Corallus caninus","Male",3.2,"A",10.5,"[10.4--10.6]",10.4,"[9.4--11.4]",20.2,"[20.1--20.3]",20.2,"[18.2--22.8]",220
"Reptilia","Corallus caninus","Female",3.2,"A",10.3,"[10.2--10.4]",9.8,"[8.7--10.8]",21.5,"[20.9--21.9]",20,"[17.9--22.9]",195
"Reptilia","Corallus caninus","All",3.2,"A",10.1,"[10--10.1]",9.8,"[9.2--10.5]",19.9,"[19.9--20]",18.9,"[17.6--20.5]",475
"Reptilia","Corallus hortulanus","Female",1.5,"A",12,"[11.3--12.1]",13.5,"[10.8--16.4]",22.3,"[22.1--22.4]",23,"[20.8--27]",112
"Reptilia","Corallus hortulanus","All",1.5,"A",13.3,"[13.1--13.4]",13,"[11.8--14.5]",23.4,"[23.3--23.5]",24.9,"[22.1--28.4]",332
"Reptilia","Correlophus ciliatus","Female",0.8,"A",11.7,"[11.4--12]",12.2,"[10.2--14.7]",19.8,"[19.6--20]",24.8,"[19.2--36.7]",171
"Reptilia","Correlophus ciliatus","All",0.8,"A",11.3,"[11.2--11.3]",11.7,"[10.1--13.4]",18.1,"[17.4--18.2]",21.4,"[18--32.8]",499
"Reptilia","Crocodylus niloticus","Male",19,"A",34.8,"[34.7--35.1]",34.7,"[32.3--36.4]",38,"[37.8--38.1]",38.5,"[37.4--40.4]",48
"Reptilia","Crotalus atrox","Male",3,"A",16.9,"[16.1--17.2]",15.6,"[13.7--18]",22.6,"[22.4--27.5]",25.4,"[21.8--31.4]",90
"Reptilia","Crotalus atrox","All",3,"A",14.5,"[14.1--15.2]",14,"[12.6--15.5]",22.5,"[22.4--22.6]",24.1,"[21.4--28.1]",235
"Reptilia","Crotalus durissus","Male",2.7,"A",12,"[11.9--12.1]",12.1,"[11.4--12.9]",20.5,"[20.4--20.5]",20.1,"[18.6--22]",242
"Reptilia","Crotalus durissus","All",2.7,"A",12.8,"[12.8--12.9]",12.5,"[11.9--13.1]",20.5,"[20.4--20.5]",21,"[19.8--22.3]",564
"Reptilia","Crotalus horridus","Male",5,"A",16.9,"[16.5--17]",16.6,"[14.1--18.9]",24.1,"[23.9--24.3]",23.3,"[21.6--25.6]",62
"Reptilia","Crotalus horridus","All",6,"A",16.5,"[16.3--16.9]",16.2,"[14.6--18]",24.8,"[24.7--24.8]",26.7,"[23.7--30.8]",115
"Reptilia","Crotalus polystictus","Male",2.6,"A",8,"[8--8.1]",7.8,"[6.9--8.7]",13,"[12.4--13.5]",13.3,"[11.7--15.4]",89
"Reptilia","Crotalus polystictus","Female",2.6,"A",8.2,"[8.1--8.3]",8.2,"[7.4--9]",12.5,"[12.4--12.6]",13.1,"[11.9--14.6]",102
"Reptilia","Crotalus polystictus","All",2.6,"A",8,"[7.9--8.1]",7.9,"[7.3--8.5]",12.4,"[12.3--12.6]",12.8,"[11.8--13.9]",200
"Reptilia","Crotalus vegrandis","Male",2.9,"A",13.3,"[13.2--13.4]",13.3,"[11.6--15]",19,"[18.7--19.3]",18.6,"[17--20.7]",70
"Reptilia","Crotalus vegrandis","All",2.9,"A",12.7,"[12.3--12.8]",12.8,"[11.3--14.2]",20,"[19.9--20.1]",19.8,"[18.5--21.6]",187
"Reptilia","Crotaphytus collaris","Male",0.9,"A",3.4,"[3.4--3.5]",3.4,"[2.8--4]",7.2,"[7.1--7.2]",7.2,"[6.5--8.2]",117
"Reptilia","Crotaphytus collaris","Female",0.9,"A",3.6,"[3.5--3.6]",3.5,"[3.1--4]",7.4,"[7.3--7.4]",7.8,"[6.7--9.1]",159
"Reptilia","Crotaphytus collaris","All",0.9,"A",3.3,"[3.2--3.4]",3.2,"[2.9--3.5]",7.7,"[7.6--7.8]",8.1,"[7.3--9.1]",377
"Reptilia","Cyclura cornuta","Female",3,"A",14.7,"[14.5--15.8]",15.6,"[13.5--18.2]",30.3,"[30.2--30.3]",37,"[30.5--48.4]",187
"Reptilia","Cyclura nubila","Female",2,"A",13.8,"[13.7--13.8]",14.7,"[11.1--18.3]",25.4,"[24--26.2]",25.6,"[23--29.9]",88
"Reptilia","Dipsosaurus dorsalis","All",2.7,"A",6.3,"[6.2--6.4]",6.7,"[5.6--8]",11.1,"[11--11.1]",13.1,"[10.8--18]",76
"Reptilia","Drymarchon couperi","Male",3.6,"A",12.4,"[12.3--12.6]",12.5,"[11.3--13.7]",17.9,"[17.7--17.9]",18.1,"[17.1--19.4]",164
"Reptilia","Drymarchon couperi","Female",3.7,"A",12.3,"[12.2--12.3]",12,"[10.8--13.4]",17.7,"[17.7--17.8]",18,"[16.7--19.7]",149
"Reptilia","Drymarchon couperi","All",2.8,"A",12.2,"[12.2--12.3]",12,"[11.2--12.8]",17.9,"[17.8--17.9]",18.2,"[17.4--19.4]",364
"Reptilia","Elaphe anomala","Male",2.5,"A",9.2,"[9.1--9.3]",9.1,"[8--10.2]",15.1,"[14.3--15.6]",14.8,"[12.9--17.4]",66
"Reptilia","Elaphe anomala","All",2.5,"A",8.8,"[8.6--8.9]",9.1,"[8.3--9.8]",14.5,"[14.4--15.1]",14.5,"[13.1--16.4]",188
"Reptilia","Elaphe taeniura","Male",2.1,"A",10.8,"[10.6--10.9]",10.1,"[8.8--11.4]",19.3,"[18--19.8]",19,"[16.9--22.1]",151
"Reptilia","Elaphe taeniura","Female",2.1,"A",10.5,"[10.5--10.6]",9.9,"[8.9--10.9]",15.3,"[15.2--15.3]",17,"[15.4--19.3]",166
"Reptilia","Elaphe taeniura","All",2.1,"A",9.8,"[9.8--9.9]",9.3,"[8.5--10.1]",20.7,"[20.3--21]",19.8,"[17.9--22]",455
"Reptilia","Epicrates cenchria","Male",3.3,"A",18.2,"[18.1--18.4]",18.4,"[16.1--20.7]",28,"[27.6--28.1]",28.5,"[26.3--32.6]",181
"Reptilia","Epicrates cenchria","All",3.3,"A",18.5,"[18.4--18.7]",18.5,"[17.3--19.8]",29.7,"[29.6--29.9]",29.9,"[28.2--32]",510
"Reptilia","Epicrates maurus","All",4.6,"A",22.2,"[22.2--22.4]",23.2,"[20.9--25.5]",32.9,"[32.4--33.3]",33.5,"[30.8--37.6]",209
"Reptilia","Erpeton tentaculatum","Male",0.9,"A",6.9,"[6.8--7]",6.8,"[6--7.6]",14.2,"[14--14.7]",14.9,"[13--17.1]",184
"Reptilia","Erpeton tentaculatum","Female",1.7,"A",7.2,"[7.1--7.2]",7.3,"[6.4--8.3]",14.7,"[14.4--15]",14.8,"[13.6--16.2]",195
"Reptilia","Erpeton tentaculatum","All",0.9,"A",6.2,"[6.2--6.3]",6.1,"[5.6--6.5]",14.2,"[14.1--14.4]",14.5,"[13.4--15.7]",738
"Reptilia","Eublepharis macularius","Male",1.1,"A",12.8,"[12.7--12.9]",13.1,"[12--14.2]",25.1,"[25.1--25.2]",24.4,"[22.2--27.1]",448
"Reptilia","Eublepharis macularius","Female",1.1,"A",11.7,"[11.6--11.7]",11.7,"[11.1--12.3]",21.9,"[21.8--21.9]",21.6,"[20.4--23.2]",906
"Reptilia","Eublepharis macularius","All",0.8,"A",11.3,"[11.3--11.4]",11.3,"[10.8--11.8]",23,"[22.9--23.2]",22.2,"[21.1--23.4]",2308
"Reptilia","Eunectes murinus","Female",4.1,"A",15.3,"[15--15.6]",16.1,"[13.8--19]",30.2,"[28.4--30.7]",31.5,"[27.8--41.5]",148
"Reptilia","Eunectes murinus","All",4.1,"A",15.1,"[15--15.3]",15.7,"[14.1--17.5]",26.5,"[26.4--26.7]",27.9,"[25.8--31.5]",307
"Reptilia","Eunectes notaeus","Male",4,"A",18.5,"[18.1--18.6]",17.8,"[15.7--20.2]",32.6,"[32.6--32.7]",32.7,"[28.7--39]",132
"Reptilia","Eunectes notaeus","Female",4,"A",14.1,"[13.8--14.3]",14.3,"[12.4--16.5]",31.8,"[31.7--31.8]",32.8,"[27.1--41.4]",148
"Reptilia","Eunectes notaeus","All",4,"A",16,"[15.8--16.1]",16.1,"[14.6--17.6]",32.7,"[32.6--32.7]",34.1,"[30--39.5]",406
"Reptilia","Furcifer pardalis","Male",1.1,"A",3.3,"[3.3--3.4]",3.4,"[3.2--3.5]",5.3,"[5.2--5.3]",5.4,"[5.2--5.6]",617
"Reptilia","Furcifer pardalis","Female",1,"A",2.2,"[2.1--2.2]",2.3,"[2.1--2.4]",4.2,"[4.1--4.2]",4.3,"[4--4.6]",501
"Reptilia","Furcifer pardalis","All",1,"A",2.8,"[2.7--2.8]",2.8,"[2.7--2.9]",4.9,"[4.8--4.9]",4.9,"[4.8--5.1]",1215
"Reptilia","Gekko gecko","Male",0.2,"A",9.4,"[9--9.5]",9.4,"[8.1--10.9]",19.7,"[19--20]",19,"[16--22.9]",118
"Reptilia","Gekko gecko","Female",0.2,"A",7.2,"[7.2--7.3]",7.1,"[5.9--8.5]",19.9,"[19.7--20.2]",20,"[16.7--24.7]",170
"Reptilia","Gekko gecko","All",0.2,"A",5.5,"[5.4--5.5]",5.8,"[5.2--6.4]",18,"[17.9--18.1]",17.2,"[15.5--19.1]",822
"Reptilia","Glyptemys muhlenbergii","All",7.9,"A",17,"[16.9--17.1]",16.4,"[13.9--19.6]",28.7,"[28.2--29.1]",31.6,"[26.7--39.4]",50
"Reptilia","Gongylophis colubrinus","All",2.8,"A",22.5,"[22.2--22.7]",21.4,"[18.5--25]",32.8,"[32.3--33.3]",37.6,"[32.7--57.8]",315
"Reptilia","Gonyosoma boulengeri","Male",2.2,"A",10.5,"[10.4--10.5]",10.8,"[9.6--12.2]",20.1,"[17.9--20.7]",19.1,"[16.6--23.1]",118
"Reptilia","Gonyosoma boulengeri","Female",2.2,"A",7.7,"[7.6--8]",7.7,"[6.6--8.9]",13.9,"[13.7--14]",15.2,"[13--18.8]",111
"Reptilia","Gonyosoma boulengeri","All",2.2,"A",9.2,"[9.1--9.4]",9.3,"[8.4--10.3]",20.4,"[20.1--20.7]",19.7,"[17.3--22.9]",286
"Reptilia","Gonyosoma oxycephalum","Male",2.3,"A",10.2,"[10.1--10.3]",9.8,"[8.4--11.1]",16.3,"[16.2--16.4]",16.4,"[15.2--17.9]",129
"Reptilia","Gonyosoma oxycephalum","Female",2.3,"A",8.6,"[8.6--8.7]",8.4,"[7.1--9.9]",14.8,"[14.6--14.9]",14.8,"[13.8--15.9]",110
"Reptilia","Gonyosoma oxycephalum","All",2.3,"A",8.9,"[8.8--9]",8.9,"[8.1--9.7]",15.9,"[15.8--15.9]",15.9,"[15--17.1]",303
"Reptilia","Heloderma horridum","All",2.9,"A",25,"[24.8--25.3]",25.2,"[22.9--27.3]",30.6,"[30.5--31.1]",32.5,"[30.7--36]",456
"Reptilia","Heloderma suspectum","Female",2.1,"A",21.5,"[21.3--21.7]",22.2,"[19.8--24.6]",34.4,"[33.9--35]",34.6,"[32--38.1]",185
"Reptilia","Heloderma suspectum","All",2.1,"A",21.6,"[21.5--21.7]",23.1,"[20.9--25.7]",35,"[34.9--36.3]",38.1,"[35.5--42.8]",479
"Reptilia","Heterodon nasicus","Female",2,"A",10.9,"[10.7--11.1]",11.5,"[10--12.8]",16.5,"[16.4--16.6]",16.1,"[14.9--17.5]",84
"Reptilia","Heterodon nasicus","All",2,"A",11.6,"[11.6--11.7]",12,"[10.8--13.1]",17,"[16.9--17.1]",17.8,"[16.9--19.1]",220
"Reptilia","Hydrosaurus pustulatus","Female",2.5,"A",10.3,"[10.3--10.4]",10.4,"[8.7--12.4]",24.4,"[24.3--24.5]",26.9,"[22.1--33.6]",130
"Reptilia","Hydrosaurus pustulatus","All",2.5,"A",9.8,"[9.7--9.9]",9.4,"[8--11.2]",26.7,"[26.3--26.8]",31.5,"[26--39.7]",308
"Reptilia","Iguana iguana","Male",4.5,"A",10.8,"[10.7--11]",10.9,"[10--11.9]",19.5,"[19.4--19.6]",20.2,"[18.8--22]",285
"Reptilia","Iguana iguana","Female",4.5,"A",10.2,"[10.2--10.3]",10,"[9.3--10.9]",18.8,"[18.8--18.9]",19.2,"[17.5--21.4]",282
"Reptilia","Iguana iguana","All",4.5,"A",10.3,"[10.2--10.3]",10.2,"[9.7--10.9]",19,"[18.9--19.1]",19,"[18.3--19.8]",709
"Reptilia","Lachesis muta","Male",4.1,"A",11.9,"[11.8--12]",11.6,"[10.1--13.2]",19,"[18.1--20.3]",19.2,"[16.8--22.8]",77
"Reptilia","Lachesis muta","Female",4.1,"A",10.1,"[9.9--10.9]",10,"[8.7--11.7]",17.2,"[17.1--17.6]",18.2,"[15.8--21.6]",67
"Reptilia","Lachesis muta","All",4.1,"A",11.5,"[11.2--11.6]",10.9,"[9.8--12]",19.1,"[19--19.2]",18.9,"[17.2--21.3]",151
"Reptilia","Lampropeltis abnorma","Male",2.7,"A",17.3,"[17--17.4]",16,"[14--18]",26.5,"[26.5--26.9]",27,"[24--31.3]",108
"Reptilia","Lampropeltis abnorma","Female",2.7,"A",14.4,"[14.3--14.5]",14.1,"[12.3--15.8]",22.3,"[22.1--22.5]",22.5,"[20--26.9]",95
"Reptilia","Lampropeltis abnorma","All",2.7,"A",15.6,"[15.4--16]",15.1,"[13.8--16.4]",25.3,"[25.1--26.2]",25.7,"[23.5--28.5]",265
"Reptilia","Lampropeltis californiae","Male",2.1,"A",13.4,"[13.3--13.5]",13.9,"[12.7--15.1]",25.1,"[24.3--26.2]",23.3,"[20.9--26.4]",155
"Reptilia","Lampropeltis californiae","Female",2.1,"A",12.2,"[12.1--12.2]",12.4,"[11--13.8]",25.1,"[25.1--25.3]",22.9,"[19.9--26.7]",143
"Reptilia","Lampropeltis californiae","All",2.1,"A",12.6,"[12.5--12.6]",12.7,"[11.8--13.5]",23.8,"[22.4--24.3]",22.9,"[21.1--25]",427
"Reptilia","Lampropeltis getula","Male",3,"A",15.6,"[15.4--15.8]",16,"[14.5--17.4]",20,"[19.7--20.1]",20,"[18.7--21.9]",56
"Reptilia","Lampropeltis polyzona","Male",2,"A",14.1,"[14--14.2]",14.7,"[13.3--16.1]",27.4,"[27.3--27.5]",26.5,"[24--29.7]",244
"Reptilia","Lampropeltis polyzona","Female",2.8,"A",15.3,"[15.2--15.3]",15,"[13.5--16.5]",30.7,"[30.7--30.8]",27.8,"[24.5--32.2]",204
"Reptilia","Lampropeltis polyzona","All",2,"A",13.5,"[13.4--13.6]",13.8,"[12.8--14.9]",27.4,"[27.3--27.5]",26.6,"[24.9--28.6]",631
"Reptilia","Lamprophis fuliginosus","All",0.5,"A",11.2,"[11--11.3]",11.2,"[9.1--13.3]",16.9,"[15.6--18.3]",17.7,"[15.7--20.9]",124
"Reptilia","Lygodactylus williamsi","Male",0.6,"A",4.8,"[4.7--4.9]",5.1,"[4.5--5.8]",8.4,"[8.3--8.7]",8.6,"[8.1--9.4]",242
"Reptilia","Lygodactylus williamsi","Female",0.6,"A",3.3,"[3.3--3.4]",3.4,"[3--3.9]",7.3,"[7.2--7.5]",7.4,"[6.5--8.7]",182
"Reptilia","Lygodactylus williamsi","All",0.6,"A",4,"[3.9--4]",4,"[3.6--4.4]",8.2,"[8.2--8.3]",8.3,"[7.9--8.7]",547
"Reptilia","Malacochersus tornieri","Male",4.8,"A",22.6,"[22.3--22.8]",22.2,"[20.1--24.8]",29.2,"[29.1--29.2]",39.5,"[32.1--53]",271
"Reptilia","Morelia spilota","Male",5.5,"A",13.6,"[13.4--13.7]",13.8,"[12.6--15.1]",25.6,"[25.4--25.7]",24.9,"[22--28.8]",180
"Reptilia","Morelia spilota","Female",5.5,"A",12.5,"[12.3--12.8]",12.5,"[11.3--13.8]",22.3,"[22.1--30.9]",25.5,"[22--30.4]",190
"Reptilia","Morelia spilota","All",5.5,"A",12.8,"[12.7--12.9]",13.1,"[12.4--14]",25.7,"[25.4--25.7]",26.1,"[23.5--29.5]",455
"Reptilia","Morelia viridis","Male",2.4,"A",16.6,"[16.4--16.7]",16.5,"[14.9--18]",28.7,"[28.4--28.8]",29.1,"[27.6--30.7]",391
"Reptilia","Morelia viridis","Female",3.3,"A",12,"[11.9--12.1]",12.1,"[11.2--13.1]",22.1,"[22--22.1]",23.2,"[21.7--25.1]",358
"Reptilia","Morelia viridis","All",3,"A",13.8,"[13.7--13.9]",13.7,"[12.9--14.5]",26.5,"[26.5--26.6]",26.4,"[25.3--27.6]",916
"Reptilia","Naja pallida","Male",2.8,"A",15.2,"[15.1--15.4]",14.8,"[12.9--16.6]",23.2,"[23--23.3]",23.5,"[20.5--28.1]",62
"Reptilia","Naja pallida","All",2.8,"A",15,"[14.8--15.2]",14.4,"[13.1--15.7]",23.2,"[23--23.3]",23.4,"[20.9--27]",145
"Reptilia","Nephrurus amyae","Female",1.6,"A",6.1,"[6--6.1]",6.5,"[4.8--8.7]",12.7,"[11.9--13.5]",13.1,"[10.9--17.2]",36
"Reptilia","Nephrurus amyae","All",1.6,"A",8.2,"[8.1--8.3]",8,"[6.7--9.7]",15.9,"[15.8--16.3]",17.1,"[14.3--21]",126
"Reptilia","Nerodia sipedon","All",2,"A",6.7,"[5.8--6.8]",6.2,"[4.9--8.1]",12.8,"[11.7--13.4]",13.4,"[11.3--16.6]",43
"Reptilia","Notechis scutatus","All",0.7,"A",4.9,"[4.9--5]",5.3,"[3.9--6.9]",10.4,"[9.9--10.9]",11.7,"[8.9--16.6]",60
"Reptilia","Pantherophis guttatus","Male",1.9,"A",14.6,"[14.5--14.7]",14.5,"[13.7--15.2]",24.1,"[23.7--24.2]",25,"[23.3--27.1]",619
"Reptilia","Pantherophis guttatus","Female",1.9,"A",12.5,"[12.4--12.6]",12.1,"[11.6--12.7]",20.2,"[20.2--20.3]",20.5,"[19.3--21.9]",584
"Reptilia","Pantherophis guttatus","All",1.5,"A",12.9,"[12.9--13]",13,"[12.5--13.6]",25.4,"[25.3--25.5]",24.8,"[23.4--26.4]",1922
"Reptilia","Pantherophis obsoletus","Male",2.2,"A",14.5,"[14.4--14.5]",14.7,"[13.8--15.6]",20.1,"[20--20.1]",21.4,"[20.1--23]",228
"Reptilia","Pantherophis obsoletus","Female",2.2,"A",13.6,"[13.5--13.7]",13.2,"[12--14.5]",22.7,"[22.5--22.8]",22.4,"[20.4--25.2]",200
"Reptilia","Pantherophis obsoletus","All",2.2,"A",13.6,"[13.5--13.7]",13.7,"[13.1--14.3]",19.6,"[19.5--19.6]",19.3,"[18.7--20]",603
"Reptilia","Petrosaurus thalassinus","Female",1.4,"A",4.8,"[4.8--4.9]",5.1,"[4.1--6.3]",8.7,"[8.5--8.9]",9,"[8.1--11]",63
"Reptilia","Petrosaurus thalassinus","All",1.4,"A",5.8,"[5.8--5.9]",5.9,"[5.1--6.8]",9,"[8.9--9.4]",9.4,"[8.9--10.2]",164
"Reptilia","Phelsuma grandis","Male",1,"A",10.3,"[10.2--10.3]",9.8,"[8.9--10.8]",17.1,"[16.9--17.5]",17.6,"[16.3--19.5]",305
"Reptilia","Phelsuma grandis","Female",1,"A",6.7,"[6.6--6.7]",6.3,"[5.6--7]",14.4,"[14.3--14.6]",14.6,"[13.6--15.9]",472
"Reptilia","Phelsuma grandis","All",0.9,"A",7.1,"[7.1--7.2]",7,"[6.5--7.6]",16.3,"[16--16.4]",16,"[15.1--17.1]",1281
"Reptilia","Phelsuma standingi","Male",1.3,"A",13.1,"[12.9--13.3]",12.7,"[11.3--14.2]",27.6,"[24.5--27.8]",26.4,"[23.1--31.1]",286
"Reptilia","Phelsuma standingi","Female",1.1,"A",10,"[9.9--10.2]",9.8,"[8.7--11]",25.3,"[25--25.5]",27.1,"[23--32.1]",404
"Reptilia","Phelsuma standingi","All",1.1,"A",10.9,"[10.8--11]",10.1,"[9.4--11.1]",27.6,"[27.6--27.8]",29.2,"[25.4--33]",966
"Reptilia","Physignathus cocincinus","Male",1,"A",7.1,"[7--7.1]",6.9,"[6.1--7.7]",12.3,"[11.5--12.6]",12.8,"[11.4--15]",151
"Reptilia","Physignathus cocincinus","Female",1,"A",7.5,"[7.3--7.6]",7.2,"[6.6--7.9]",14.3,"[14.3--14.4]",14,"[12.7--15.7]",272
"Reptilia","Physignathus cocincinus","All",1,"A",6.7,"[6.6--6.8]",6.7,"[6.3--7.1]",14.3,"[14.3--14.4]",14.1,"[13.1--15.2]",792
"Reptilia","Pituophis melanoleucus","Male",1.9,"A",14.7,"[14.3--14.9]",14.3,"[12.5--16.3]",23.4,"[23.4--23.5]",25.2,"[22.3--29.2]",120
"Reptilia","Pituophis melanoleucus","Female",1.9,"A",13.3,"[13.3--13.4]",12.4,"[10.9--14.2]",20.3,"[20.2--20.6]",21.9,"[19.3--25.6]",118
"Reptilia","Pituophis melanoleucus","All",1.9,"A",13.6,"[13.6--13.7]",13.4,"[12.2--14.6]",23.3,"[23.2--23.4]",23.4,"[21.6--25.7]",331
"Reptilia","Pituophis ruthveni","Male",2.9,"A",15.4,"[15.1--15.7]",16.1,"[14.1--18.2]",22.4,"[22.1--22.5]",23.1,"[21.3--25.8]",119
"Reptilia","Pituophis ruthveni","Female",2.6,"A",16.3,"[16.1--16.4]",16.1,"[13.4--18.9]",22.8,"[21.7--23]",24.8,"[22.2--28.6]",107
"Reptilia","Pituophis ruthveni","All",2.9,"A",16,"[15.7--16.3]",15.9,"[14.3--17.9]",24,"[24--24.1]",24.4,"[22.6--26.4]",234
"Reptilia","Pogona vitticeps","Male",0.8,"A",6.8,"[6.8--6.9]",7,"[6.7--7.3]",11.8,"[11.7--11.8]",11.8,"[11.3--12.4]",763
"Reptilia","Pogona vitticeps","Female",1.2,"A",6.3,"[6.2--6.3]",6.3,"[6--6.6]",12.4,"[12.4--12.5]",13.1,"[12.3--14]",817
"Reptilia","Pogona vitticeps","All",0.9,"A",6.2,"[6.1--6.2]",6.2,"[6--6.4]",12.9,"[12.8--12.9]",13.2,"[12.6--13.8]",2388
"Reptilia","Pseudechis porphyriacus","All",0.8,"A",10.6,"[10.5--10.6]",9.4,"[6.7--12.3]",15.1,"[15--15.6]",16.6,"[14.4--20.4]",44
"Reptilia","Python bivittatus","Male",2.3,"A",18.7,"[18.6--18.7]",18.2,"[16.5--19.9]",35.2,"[34.4--36.7]",32.6,"[29.4--36.8]",269
"Reptilia","Python bivittatus","Female",2.3,"A",15.7,"[15.3--15.8]",15.6,"[14.3--17]",29.4,"[28--34.3]",30.7,"[27.5--34.8]",306
"Reptilia","Python bivittatus","All",2.3,"A",15.4,"[15.3--15.4]",15.3,"[14.3--16.3]",34,"[33.8--34.1]",32.1,"[29.6--35.3]",915
"Reptilia","Python molurus","Male",4.3,"A",16.7,"[16.6--17]",15.7,"[13.4--18.3]",32,"[31.2--32.2]",35.1,"[28.1--46.5]",122
"Reptilia","Python molurus","Female",4.3,"A",16.8,"[16.5--17.4]",16,"[13.8--18.3]",28.5,"[28.2--28.8]",30.7,"[25.3--39.8]",110
"Reptilia","Python molurus","All",4.3,"A",16.9,"[16.6--17]",15.4,"[13.8--17.3]",31.8,"[31.2--32.2]",35.9,"[30.2--44.1]",307
"Reptilia","Python regius","Male",1.7,"A",27.3,"[27.2--27.6]",26.8,"[23.8--30.4]",40.3,"[40.2--40.7]",43.2,"[38.5--53.2]",411
"Reptilia","Rieppeleon brevicaudatus","Male",0.5,"A",1.7,"[1.6--1.8]",1.9,"[1.5--2.3]",3.4,"[3.3--3.4]",3.4,"[3--3.9]",52
"Reptilia","Rieppeleon brevicaudatus","Female",0.5,"A",1.2,"[1.2--1.3]",1.3,"[1.1--1.6]",2.4,"[2.3--2.5]",2.5,"[2.1--3.3]",46
"Reptilia","Rieppeleon brevicaudatus","All",0.5,"A",1.4,"[1.3--1.4]",1.5,"[1.3--1.8]",3.2,"[3--3.3]",3.1,"[2.8--3.5]",111
"Reptilia","Sanzinia madagascariensis","Male",3.7,"A",16.6,"[16.4--16.9]",15.5,"[14--17.1]",28.1,"[27.9--28.4]",29.6,"[26.8--33.3]",237
"Reptilia","Sanzinia madagascariensis","Female",3.7,"A",14.2,"[14.1--14.2]",14.1,"[13--15.1]",22.6,"[22.3--22.7]",24.2,"[22--27.1]",229
"Reptilia","Sanzinia madagascariensis","All",3.1,"A",14.7,"[14.6--14.7]",14.7,"[13.7--15.8]",27.3,"[27.2--27.3]",28.2,"[26.1--30.8]",546
"Reptilia","Sauromalus ater","Male",1,"A",11,"[10.9--11.3]",10.9,"[9.3--12.5]",21.7,"[21.5--21.8]",24.2,"[19.8--31.4]",167
"Reptilia","Sauromalus ater","All",1,"A",9.5,"[9.3--9.6]",9.2,"[8.3--10.2]",26.5,"[26.1--26.7]",28,"[24.8--31.6]",531
"Reptilia","Sceloporus magister","All",2,"A",3.9,"[3.9--4]",4.1,"[3.5--4.8]",9.1,"[8.5--9.3]",9.8,"[7.8--12.7]",59
"Reptilia","Sceloporus serrifer","Male",1.2,"A",5.9,"[5.7--6]",6.1,"[5.3--7]",12.2,"[12--12.5]",12.9,"[11.1--15.3]",156
"Reptilia","Sceloporus serrifer","Female",0.9,"A",6.6,"[6.5--6.7]",6.4,"[5.6--7.1]",11.7,"[11.5--11.7]",11,"[9.9--12.3]",151
"Reptilia","Sceloporus serrifer","All",0.9,"A",5.4,"[5.3--5.4]",5.2,"[4.8--5.6]",14.7,"[13.5--14.9]",14.7,"[13.2--16.4]",661
"Reptilia","Shinisaurus crocodilurus","Male",1.9,"A",15.2,"[14.7--15.4]",15.4,"[13.7--17.3]",25.7,"[24.9--27.1]",26.4,"[24.2--29.4]",233
"Reptilia","Shinisaurus crocodilurus","Female",1.8,"A",12.2,"[12--12.4]",12.7,"[11.5--14.1]",22.2,"[20.5--23.2]",21.8,"[19.5--24.4]",231
"Reptilia","Shinisaurus crocodilurus","All",1.7,"A",13.3,"[13.3--13.4]",13.4,"[12.3--14.4]",25.6,"[24.9--25.7]",25.3,"[23.5--27.4]",740
"Reptilia","Sistrurus catenatus","Female",3,"A",9.2,"[8.8--9.4]",8.4,"[7.2--9.7]",12.9,"[11.8--14]",13.7,"[11.8--17]",65
"Reptilia","Sistrurus catenatus","All",3,"A",9.6,"[9.5--9.8]",9.6,"[8.7--10.6]",14.4,"[14.3--14.7]",15.1,"[13.4--17.6]",139
"Reptilia","Sternotherus carinatus","All",6,"A",13.7,"[13.5--14.1]",13.3,"[11.1--15.7]",23.5,"[23.2--24]",25.2,"[20.3--32.6]",42
"Reptilia","Thamnophis radix","Male",1.7,"A",6.8,"[6.7--7.2]",6.3,"[5.2--7.4]",9.5,"[8.9--10.5]",9.9,"[8.5--11.8]",39
"Reptilia","Thamnophis radix","Female",1.7,"A",4.2,"[3.9--4.6]",4.3,"[3.4--5.3]",8.5,"[8.3--8.8]",8.2,"[6.8--10.3]",46
"Reptilia","Thamnophis radix","All",1.7,"A",4.9,"[4.7--5]",5,"[4.3--5.8]",8.8,"[8.8--8.9]",9.1,"[8.1--10.4]",106
"Reptilia","Thamnophis sirtalis","Male",1.2,"A",5.1,"[5--5.1]",4.9,"[4.5--5.3]",8.4,"[8.1--8.5]",8.5,"[8--9.1]",270
"Reptilia","Thamnophis sirtalis","Female",1.4,"A",4.9,"[4.8--4.9]",4.8,"[4.4--5.2]",8.6,"[8.3--8.8]",8.8,"[8.3--9.5]",290
"Reptilia","Tiliqua scincoides","Female",1.1,"A",15.5,"[15.2--16]",15.8,"[14--17.8]",32.5,"[30.9--32.7]",32.7,"[28.5--39.1]",218
"Reptilia","Tiliqua scincoides","All",1.1,"A",16.7,"[16.5--16.8]",16.7,"[15.4--18.3]",28.7,"[28.6--29]",29.5,"[27.8--32.4]",909
"Reptilia","Timon lepidus","Male",1.2,"A",8,"[7.9--8.1]",7.7,"[6.7--8.8]",14.6,"[14.2--14.7]",14.9,"[13.1--17.4]",123
"Reptilia","Timon lepidus","Female",1.2,"A",6,"[5.7--6.1]",6.2,"[5.3--7.1]",12.1,"[11.9--12.9]",12.2,"[10.6--14.3]",122
"Reptilia","Timon lepidus","All",1.2,"A",6.8,"[6.7--6.8]",6.7,"[6--7.3]",12.6,"[12.4--12.7]",13.4,"[12.2--14.8]",362
"Reptilia","Tribolonotus gracilis","All",1.4,"A",5.6,"[5.4--5.7]",5.5,"[4.8--6.3]",10.9,"[10.7--11]",11.2,"[10.1--13.5]",221
"Reptilia","Trimeresurus trigonocephalus","Male",2.2,"A",9.6,"[9.2--10.1]",9.5,"[7.9--10.9]",15.2,"[15.1--15.3]",15.1,"[12.9--18.4]",50
"Reptilia","Trimeresurus trigonocephalus","Female",2.2,"A",11.8,"[11.7--11.9]",11.3,"[9.9--12.9]",17,"[16.8--17.1]",18.1,"[15.9--21.6]",70
"Reptilia","Trimeresurus trigonocephalus","All",2.2,"A",10.9,"[10.7--11]",10.8,"[9.6--12]",17.9,"[17.1--19.6]",19.1,"[16.8--22.1]",140
"Reptilia","Trioceros jacksonii","Male",1.1,"A",2.6,"[2.5--2.7]",2.7,"[2.5--3.1]",6.3,"[6.2--6.3]",6.7,"[5.8--7.9]",127
"Reptilia","Trioceros jacksonii","Female",1.1,"A",2.9,"[2.8--3.1]",2.8,"[2.4--3.2]",5,"[4.9--5.1]",5.4,"[4.8--6.1]",112
"Reptilia","Trioceros jacksonii","All",1.1,"A",2.6,"[2.6--2.7]",2.7,"[2.5--3]",6.7,"[6.6--6.8]",6.8,"[6.2--7.7]",278
"Reptilia","Uroplatus fimbriatus","Male",1.3,"A",5.1,"[5--5.2]",5.2,"[4.6--6]",11.8,"[11.6--12]",12.5,"[11.1--14.6]",189
"Reptilia","Uroplatus fimbriatus","Female",2,"A",5.6,"[5.6--5.7]",5.5,"[4.9--6.1]",10.5,"[10.5--10.6]",10.7,"[9.5--12.2]",153
"Reptilia","Uroplatus fimbriatus","All",1.3,"A",4.9,"[4.8--5]",5,"[4.5--5.5]",10.9,"[10.9--11]",11.5,"[10.6--12.8]",386
"Reptilia","Uroplatus henkeli","Male",1.4,"A",5.7,"[5.6--5.7]",5.8,"[5.4--6.2]",11.7,"[11.6--11.8]",11.8,"[10.8--13]",520
"Reptilia","Uroplatus henkeli","Female",1.3,"A",4.9,"[4.8--5]",5,"[4.6--5.4]",11.2,"[11.2--11.5]",11.1,"[9.9--12.5]",438
"Reptilia","Uroplatus henkeli","All",1.3,"A",5.3,"[5.2--5.3]",5.3,"[5--5.6]",11.3,"[11.2--11.5]",11.3,"[10.6--12.1]",1014
"Reptilia","Uroplatus phantasticus","Male",0.9,"A",3.1,"[3--3.1]",3.1,"[2.6--3.6]",6.1,"[5.9--6.3]",6.6,"[5.7--7.9]",108
"Reptilia","Uroplatus phantasticus","Female",0.9,"A",2.3,"[2.2--2.3]",2.4,"[2.1--2.7]",5.3,"[5.1--5.3]",5.4,"[4.6--6.4]",101
"Reptilia","Uroplatus phantasticus","All",0.9,"A",2.7,"[2.7--2.8]",2.7,"[2.4--3]",6,"[5.9--6.1]",6.1,"[5.4--7]",220
"Reptilia","Varanus acanthurus","Female",2.2,"A",6.5,"[6.4--6.6]",6.8,"[5.8--7.8]",14.4,"[13.7--15]",14.5,"[12.1--18]",89
"Reptilia","Varanus indicus","All",1.5,"A",8.8,"[8.7--8.9]",8.9,"[7.3--10.7]",16.1,"[15.9--16.1]",16.9,"[14.2--21.2]",82
"Reptilia","Varanus komodoensis","Male",4.5,"A",18.1,"[18--18.1]",17.7,"[16.3--19.1]",26.5,"[25.9--28.4]",26.9,"[24.3--30.8]",201
"Reptilia","Varanus komodoensis","Female",4.5,"A",14.3,"[14.3--14.4]",14.1,"[13.3--14.9]",17.9,"[17.5--18.3]",18.2,"[17.3--19.2]",158
"Reptilia","Varanus komodoensis","All",4.5,"A",15.9,"[15.9--16]",15.9,"[14.9--17]",26.9,"[25.9--27.9]",25.9,"[23.7--28.9]",367
"Reptilia","Varanus niloticus","All",3.5,"A",7.7,"[7.4--8.2]",9.2,"[7.4--11.7]",17.3,"[17.2--17.4]",19.1,"[15.9--25.7]",50
"Reptilia","Varanus prasinus","Male",2.6,"A",12.2,"[12--12.7]",11.9,"[10.5--13.2]",16.5,"[15.9--16.8]",17.4,"[16.2--19.2]",106
"Reptilia","Varanus prasinus","Female",2.6,"A",7.8,"[7.7--8.1]",8.1,"[6.8--9.5]",16.2,"[16.2--16.3]",15.6,"[13.4--18.9]",72
"Reptilia","Varanus prasinus","All",2.6,"A",10.4,"[10.3--10.5]",10,"[9.1--11]",16.5,"[16.3--16.8]",17.5,"[16--19.5]",186
"Reptilia","Vipera ammodytes","Male",4,"A",8.4,"[8.3--8.5]",8.6,"[7.4--9.9]",14.5,"[14.3--14.8]",15.1,"[12.8--18.6]",59
"Reptilia","Vipera ammodytes","All",4,"A",9.3,"[9.2--9.5]",9.6,"[8.8--10.6]",17,"[16.7--17.7]",16.4,"[14.5--18.8]",143
"Reptilia","Vipera aspis","All",4,"A",10.8,"[10.3--11.1]",10.1,"[8.2--12.6]",20.9,"[19.8--21]",21.8,"[17.8--27.3]",82
"Amphibia","Adelphobates galactonotus","Female",1.5,"A",5.8,"[5.8--5.9]",6,"[4.8--7.5]",11.3,"[11.2--11.3]",13.3,"[10.3--18.2]",51
"Amphibia","Adelphobates galactonotus","All",1.5,"A",8.2,"[8.1--8.3]",7.7,"[7--8.5]",16.8,"[16.7--17.3]",17.9,"[15.8--20.8]",516
"Amphibia","Ambystoma mexicanum","Male",1.5,"A",7.5,"[7.4--7.6]",7.4,"[6.9--8]",12,"[11.8--12.1]",12.1,"[11.3--13.2]",244
"Amphibia","Ambystoma mexicanum","Female",1.5,"A",6.8,"[6.7--6.9]",6.9,"[6.3--7.6]",12,"[12--12.1]",12,"[11.1--13.2]",230
"Amphibia","Ambystoma mexicanum","All",1.5,"A",5.9,"[5.8--5.9]",5.9,"[5.6--6.2]",11.5,"[11.5--11.6]",11.8,"[11.2--12.4]",959
"Amphibia","Ambystoma tigrinum","All",4,"A",8.5,"[7.7--8.8]",8.6,"[7.4--9.8]",14.1,"[14--14.3]",16.5,"[13.4--21.6]",63
"Amphibia","Anaxyrus baxteri","Male",1,"A",3.6,"[3.5--3.6]",3.6,"[3.5--3.8]",6,"[6--6.1]",6.1,"[5.9--6.3]",771
"Amphibia","Anaxyrus houstonensis","Male",2.7,"A",6.2,"[6.1--6.2]",6,"[5.8--6.2]",7.9,"[7.8--7.9]",7.8,"[7.6--8.1]",504
"Amphibia","Anaxyrus houstonensis","Female",2,"A",4.9,"[4.8--4.9]",5,"[4.8--5.1]",7.8,"[7.8--7.9]",7.8,"[7.4--8.2]",784
"Amphibia","Anaxyrus houstonensis","All",2,"A",5.2,"[5.2--5.3]",5.3,"[5.2--5.4]",7.7,"[7.7--7.8]",7.6,"[7.4--7.8]",1473
"Amphibia","Atelopus zeteki","Male",2.4,"A",7.4,"[7.4--7.5]",7.6,"[7.3--8]",18.4,"[18.3--18.4]",18.8,"[17.4--20.4]",1395
"Amphibia","Bufo bufo","All",4,"A",8.8,"[8.6--9]",9,"[7.6--10.2]",12,"[11.6--12.1]",12,"[11--13.5]",40
"Amphibia","Ceratobatrachus guentheri","Male",1.2,"A",3.8,"[3.7--3.8]",3.6,"[3--4.3]",6.7,"[6.6--6.7]",7.1,"[6.2--8.5]",68
"Amphibia","Ceratobatrachus guentheri","Female",1.2,"A",3.9,"[3.8--4.3]",4,"[3.3--4.6]",7,"[6.6--7.1]",7.1,"[6.4--7.9]",92
"Amphibia","Ceratobatrachus guentheri","All",1.2,"A",2.8,"[2.8--2.9]",2.9,"[2.7--3.1]",6.7,"[6.7--6.9]",7.4,"[6.8--8.1]",566
"Amphibia","Cynops pyrrhogaster","All",2.5,"A",11,"[10.3--11.1]",11,"[9--13.8]",23.1,"[23.1--23.2]",22.9,"[21.8--24]",100
"Amphibia","Dendrobates auratus","Male",0.7,"A",7.1,"[7.1--7.2]",7.3,"[6.4--8.3]",17.7,"[17.1--17.8]",19.1,"[16.6--22.6]",285
"Amphibia","Dendrobates auratus","Female",0.7,"A",6,"[6--6.1]",5.7,"[5.1--6.5]",17.8,"[17.5--18.1]",17.3,"[15.2--19.7]",320
"Amphibia","Dendrobates auratus","All",0.7,"A",4.1,"[4.1--4.2]",4.2,"[4.1--4.4]",15.7,"[15.6--15.7]",14.8,"[13.9--15.8]",4089
"Amphibia","Dendrobates leucomelas","Male",1.2,"A",7.4,"[7.3--7.4]",7.6,"[6.3--9.3]",17.1,"[17--17.4]",17.9,"[14.5--24]",99
"Amphibia","Dendrobates leucomelas","Female",1.2,"A",6,"[5.9--6]",6,"[5.1--7]",14.6,"[14.2--14.8]",12.3,"[10.2--15.5]",86
"Amphibia","Dendrobates leucomelas","All",1.2,"A",5.7,"[5.7--5.8]",5.7,"[5.3--6.2]",15.9,"[15.8--16.1]",16.5,"[14.9--18.2]",1114
"Amphibia","Dendrobates tinctorius","Male",1.3,"A",6.3,"[6.2--6.3]",6.4,"[6--6.8]",15.5,"[15.4--15.6]",15,"[13.9--16.1]",759
"Amphibia","Dendrobates tinctorius","Female",1.3,"A",6.5,"[6.5--6.6]",6.5,"[6.1--6.9]",14.8,"[14.7--14.8]",14.7,"[13.7--15.8]",778
"Amphibia","Incilius alvarius","Male",3,"A",9.5,"[9.1--10.3]",10,"[8.5--11.5]",17.5,"[17.2--17.6]",18.3,"[15.8--22]",60
"Amphibia","Incilius alvarius","Female",3,"A",8.4,"[8.2--8.5]",8.1,"[7--9.2]",14.8,"[14.7--14.9]",14.7,"[13.1--17]",94
"Amphibia","Incilius alvarius","All",3,"A",8.5,"[8.4--8.5]",9,"[8.1--9.9]",17.5,"[17.5--17.6]",17.9,"[16.2--19.9]",213
"Amphibia","Leptodactylus fallax","Male",2,"A",5.8,"[5.7--5.9]",6,"[5.4--6.5]",12,"[12--12.1]",12.4,"[11.1--14]",287
"Amphibia","Leptodactylus fallax","Female",2.8,"A",8.1,"[8--8.2]",7.9,"[7.3--8.6]",12.7,"[12.6--12.8]",12.7,"[12.1--13.5]",244
"Amphibia","Leptodactylus fallax","All",2,"A",6.5,"[6.4--6.5]",6.5,"[6.1--6.9]",12.4,"[12.3--12.5]",12.6,"[11.8--13.5]",646
"Amphibia","Lithobates catesbeianus","All",2.7,"A",7.4,"[7.3--7.5]",6.9,"[5.6--8.1]",10,"[9.6--10.4]",10.1,"[9.3--11.2]",43
"Amphibia","Lithobates pipiens","All",1.5,"A",5.4,"[5.3--5.6]",5.5,"[4.9--6.2]",7.6,"[7.2--7.8]",8.3,"[7.2--10.3]",125
"Amphibia","Lithobates sevosus","Male",2,"A",7.8,"[7.8--7.9]",7.6,"[7.2--8]",10,"[10--10.1]",10.4,"[9.9--11.3]",166
"Amphibia","Lithobates sevosus","Female",2,"A",8.4,"[8.3--8.5]",8.1,"[7.7--8.7]",10.4,"[10.2--10.5]",10.8,"[10.2--11.6]",165
"Amphibia","Lithobates sevosus","All",2,"A",7.8,"[7.8--7.9]",7.7,"[7.3--8]",10.1,"[10.1--10.2]",10.5,"[10.1--10.9]",368
"Amphibia","Oophaga pumilio","All",0.4,"A",3.8,"[3.7--3.9]",3.9,"[3.3--4.6]",7.2,"[7.1--7.2]",7.4,"[7.1--7.8]",277
"Amphibia","Osteopilus septentrionalis","All",0.5,"A",3.3,"[3.3--3.4]",3.1,"[2.6--3.6]",5,"[4.9--5]",5.3,"[4.6--6.2]",68
"Amphibia","Peltophryne lemur","Male",1.6,"A",7.6,"[7.6--7.7]",7.7,"[7.4--8.1]",17,"[16.8--17.1]",17.1,"[16--18.3]",1207
"Amphibia","Peltophryne lemur","Female",1.6,"A",7.6,"[7.6--7.7]",7.7,"[7.3--8]",17.7,"[17.7--18.3]",16.5,"[15.5--17.7]",1195
"Amphibia","Peltophryne lemur","All",1.6,"A",7.1,"[7.1--7.2]",7.3,"[7.1--7.5]",13.7,"[13.7--13.8]",14,"[13.4--14.7]",2455
"Amphibia","Phyllobates bicolor","Male",0.7,"A",4.9,"[4.8--5.6]",4.7,"[3.5--6.2]",10,"[9.5--10.3]",10.5,"[8.3--14.4]",33
"Amphibia","Phyllobates bicolor","Female",0.7,"A",5.1,"[4.9--5.5]",4.6,"[3.5--5.7]",7.8,"[7.2--8.7]",9.2,"[7.5--11.9]",37
"Amphibia","Phyllobates bicolor","All",0.7,"A",3.2,"[3.2--3.3]",3.3,"[3--3.6]",9.6,"[9.5--9.6]",9.4,"[8.5--10.6]",468
"Amphibia","Rhinella marina","Male",1,"A",7.1,"[6.2--7.3]",7.5,"[5.7--9.9]",16.2,"[16.1--16.5]",16.3,"[14.6--18.7]",53
"Amphibia","Rhinella marina","Female",1,"A",8.9,"[8.5--9.2]",7.7,"[5.9--9.3]",13.4,"[12.3--13.8]",14.3,"[12.1--18.1]",43
"Amphibia","Rhinella marina","All",1,"A",7.9,"[7.9--8]",7.7,"[6.6--9]",15.3,"[14.9--15.4]",15.2,"[14.1--16.5]",164
"Amphibia","Trachycephalus resinifictrix","Male",1.2,"A",5.1,"[5.1--5.2]",5.2,"[4.5--5.9]",11.7,"[11.6--11.7]",10.2,"[9--12]",121
"Amphibia","Trachycephalus resinifictrix","Female",1.2,"A",4.7,"[4.5--4.7]",4.8,"[4.1--5.7]",9.8,"[9.7--9.9]",10.1,"[9.2--11.4]",127
"Amphibia","Trachycephalus resinifictrix","All",1.2,"A",4.9,"[4.8--4.9]",5.1,"[4.8--5.4]",12.4,"[12.2--12.4]",11.3,"[10.5--12.4]",574
"Amphibia","Tylototriton shanjing","Female",2.1,"A",9,"[8.4--9.2]",9.2,"[6.7--12.2]",21.1,"[18.8--21.5]",20.7,"[16--28.2]",31
"Amphibia","Tylototriton shanjing","All",2.1,"A",7.2,"[7.2--7.3]",6.6,"[6--7.3]",18.4,"[17.9--18.6]",17.2,"[15.2--19.4]",302
"Osteichthyes","Hippocampus erectus","All",0.7,"A",1.9,"[1.8--1.9]",2,"[1.8--2.2]",4.1,"[3.6--4.2]",3.9,"[3.4--4.6]",177
"Mammalia","Acomys russatus","Male",0.2,"C",NA,"[1.9--2.1]",NA,"[1.2--2.5]",NA,"[4--4.3]",NA,"[3.2--6.2]",33
"Mammalia","Aepyprymnus rufescens","Male",0.5,"C",NA,"[5.3--5.6]",NA,"[4.9--6.5]",NA,"[0--7.3]",NA,"[6.9--9.1]",86
"Mammalia","Aotus lemurinus","All",2.1,"C",NA,"[11.4--13.2]",NA,"[9.2--15.8]",NA,"[0--24.4]",NA,"[22--40.8]",39
"Mammalia","Aotus trivirgatus","Male",3.1,"C",NA,"[14.5--15.3]",NA,"[10--15.1]",NA,"[0--26.3]",NA,"[23.6--37.9]",74
"Mammalia","Arabitragus jayakari","Male",1.1,"C",NA,"[9.1--9.3]",NA,"[8.3--10.4]",NA,"[0--10.6]",NA,"[10.9--14.1]",67
"Mammalia","Arabitragus jayakari","All",1.1,"C",NA,"[11.5--11.8]",NA,"[10.2--13]",NA,"[0--13.1]",NA,"[13.1--19.4]",133
"Mammalia","Arctocephalus australis","All",5,"C",NA,"[11.9--13.5]",NA,"[10.6--14.2]",NA,"[0--19.2]",NA,"[18.3--26.5]",71
"Mammalia","Ateles belzebuth","All",4.5,"C",NA,"[17.8--21.9]",NA,"[15.1--31]",NA,"[0--35]",NA,"[35--77.5]",31
"Mammalia","Ateles chamek","All",4.3,"C",NA,"[24.9--25.7]",NA,"[14.9--27.2]",NA,"[0--28.2]",NA,"[26.9--57.5]",40
"Mammalia","Ateles fusciceps","Male",4.4,"C",NA,"[23--23.2]",NA,"[19.7--25.6]",NA,"[0--30.9]",NA,"[31.1--43.3]",228
"Mammalia","Ateles fusciceps","Female",5.4,"C",NA,"[28.4--28.7]",NA,"[24.9--30.8]",NA,"[0--34.5]",NA,"[34.7--57.5]",291
"Mammalia","Ateles fusciceps","All",4.3,"C",NA,"[24.7--24.8]",NA,"[22.4--26.7]",NA,"[0--32.6]",NA,"[33.2--46]",549
"Mammalia","Ateles geoffroyi","Male",3.5,"C",NA,"[29.3--29.9]",NA,"[26.3--32.2]",NA,"[0--51.2]",NA,"[45.7--62.7]",392
"Mammalia","Ateles hybridus","Female",4.7,"C",NA,"[23.4--24.5]",NA,"[17.8--27.3]",NA,"[0--31.7]",NA,"[32.2--68.8]",73
"Mammalia","Ateles hybridus","All",2.9,"C",NA,"[19.9--20.3]",NA,"[17.9--24.3]",NA,"[0--29.6]",NA,"[31.2--55]",150
"Mammalia","Ateles paniscus","Female",4.2,"C",NA,"[18.5--19.9]",NA,"[13--22.6]",NA,"[0--31.5]",NA,"[25.7--60.1]",33
"Mammalia","Ateles paniscus","All",3.8,"C",NA,"[20.6--20.7]",NA,"[15.6--28]",NA,"[0--33]",NA,"[32.4--77.9]",61
"Mammalia","Atherurus africanus","Male",1.6,"C",NA,"[12.8--13.2]",NA,"[10.2--14.1]",NA,"[0--16.6]",NA,"[16--18.7]",91
"Mammalia","Axis kuhlii","Male",0.8,"C",NA,"[7.2--9.2]",NA,"[5.8--10]",NA,"[0--10.9]",NA,"[10.8--16.5]",39
"Mammalia","Bettongia tropica","All",0.8,"C",NA,"[6.6--7.1]",NA,"[3.9--8.4]",NA,"[0--11.1]",NA,"[10.1--21.6]",31
"Mammalia","Bos primigenius","Female",1.9,"C",NA,"[13.2--14.8]",NA,"[11.8--17.2]",NA,"[0--22.6]",NA,"[21.9--37.1]",88
"Mammalia","Bos primigenius","All",1.6,"C",NA,"[12.2--12.5]",NA,"[9.8--13.7]",NA,"[0--22.6]",NA,"[21.3--33.2]",171
"Mammalia","Callorhinus ursinus","All",4.2,"C",NA,"[18.7--19.4]",NA,"[16.7--20]",NA,"[0--20.1]",NA,"[20.2--23.5]",35
"Mammalia","Canis aureus","Male",0.9,"C",NA,"[10.9--11.3]",NA,"[9.4--12.1]",NA,"[0--18.8]",NA,"[17--22.6]",142
"Mammalia","Capra pyrenaica","Female",1.5,"C",NA,"[10.5--11.2]",NA,"[6.4--13.1]",NA,"[0--15.3]",NA,"[14.5--29.6]",32
"Mammalia","Castor fiber","Male",2,"C",NA,"[6.9--7.2]",NA,"[5.7--11]",NA,"[0--12.2]",NA,"[12--29]",37
"Mammalia","Castor fiber","Female",2.7,"C",NA,"[7.3--8.2]",NA,"[6--9.6]",NA,"[0--11.6]",NA,"[10.9--19.3]",42
"Mammalia","Castor fiber","All",2.4,"C",NA,"[7.2--7.3]",NA,"[6.3--9]",NA,"[0--11.4]",NA,"[11.3--19.6]",78
"Mammalia","Catagonus wagneri","Male",2.1,"C",NA,"[16--18.4]",NA,"[14.9--19]",NA,"[0--19.5]",NA,"[18.7--24.1]",95
"Mammalia","Cebus capucinus","Female",4.9,"C",NA,"[25.8--28.3]",NA,"[21.8--30.3]",NA,"[0--34.3]",NA,"[34.6--67.9]",144
"Mammalia","Cebus capucinus","All",3.5,"C",NA,"[23.2--23.5]",NA,"[20.2--26.9]",NA,"[0--26.9]",NA,"[34.2--68.5]",327
"Mammalia","Cebus olivaceus","Male",3.7,"C",NA,"[16.6--17.9]",NA,"[14--21.5]",NA,"[0--22.4]",NA,"[22.1--42.6]",66
"Mammalia","Cebus olivaceus","Female",3.7,"C",NA,"[19.6--22.8]",NA,"[15.8--27.9]",NA,"[0--31.4]",NA,"[32.2--56.1]",56
"Mammalia","Ceratotherium simum","Female",4.7,"C",NA,"[34.4--35.1]",NA,"[32--35.9]",NA,"[0--37.7]",NA,"[37.6--42.1]",291
"Mammalia","Cercocebus lunulatus","Male",4,"C",NA,"[16.7--18.5]",NA,"[13.7--20.1]",NA,"[0--21.8]",NA,"[21.9--28.7]",58
"Mammalia","Cercocebus lunulatus","Female",3.9,"C",NA,"[20.5--20.6]",NA,"[19.4--22.6]",NA,"[0--22.9]",NA,"[22.6--25.9]",72
"Mammalia","Cercocebus lunulatus","All",4,"C",NA,"[20.9--21]",NA,"[19.8--26.1]",NA,"[0--35.6]",NA,"[33.2--47.9]",143
"Mammalia","Cercopithecus ascanius","Male",4.9,"C",NA,"[21.7--22.5]",NA,"[16.1--24.1]",NA,"[0--29.2]",NA,"[28.1--46]",64
"Mammalia","Cercopithecus cephus","All",4.2,"C",NA,"[15--15.4]",NA,"[10.2--17.4]",NA,"[0--23.2]",NA,"[20.4--45.5]",36
"Mammalia","Cercopithecus mitis","Male",4.8,"C",NA,"[15.2--16.5]",NA,"[12.7--17.5]",NA,"[0--23.9]",NA,"[22.8--32.4]",71
"Mammalia","Cercopithecus petaurista","Female",5,"C",NA,"[17.2--20.7]",NA,"[12.8--21.6]",NA,"[0--23.3]",NA,"[22.4--38.2]",33
"Mammalia","Cercopithecus wolfi","All",4.6,"C",NA,"[19.1--19.9]",NA,"[17.5--24]",NA,"[0--25.3]",NA,"[25--32.8]",34
"Mammalia","Cerdocyon thous","Female",0.8,"C",NA,"[7.7--8.1]",NA,"[5.6--9.1]",NA,"[0--9.2]",NA,"[10--18.2]",34
"Mammalia","Chaetophractus villosus","Male",1.1,"C",NA,"[13.3--14.4]",NA,"[11.6--16.5]",NA,"[0--19.8]",NA,"[19.7--34.5]",155
"Mammalia","Chaetophractus villosus","Female",1.3,"C",NA,"[12.3--13.4]",NA,"[10--14]",NA,"[0--19.8]",NA,"[19.8--32.1]",113
"Mammalia","Chlorocebus pygerythrus","Female",0.5,"C",NA,"[18.6--19.5]",NA,"[17.1--20.9]",NA,"[0--22]",NA,"[22--27.4]",95
"Mammalia","Chlorocebus pygerythrus","All",0.5,"C",NA,"[19.2--19.8]",NA,"[17.8--20.6]",NA,"[0--22]",NA,"[22.6--25.4]",189
"Mammalia","Chlorocebus sabaeus","All",3.4,"C",NA,"[17.4--18]",NA,"[13.3--18.9]",NA,"[0--27.9]",NA,"[24--41.5]",97
"Mammalia","Choloepus hoffmanni","Male",2.4,"C",NA,"[15.6--16.3]",NA,"[12.3--22.9]",NA,"[0--31.7]",NA,"[29.2--41.3]",60
"Mammalia","Choloepus hoffmanni","All",2.4,"C",NA,"[17.3--18.4]",NA,"[16.1--24.1]",NA,"[0--32.4]",NA,"[31.8--43.2]",124
"Mammalia","Chrotogale owstoni","All",2,"C",NA,"[10.8--11.2]",NA,"[8.5--11.8]",NA,"[0--14.1]",NA,"[13.7--19.1]",41
"Mammalia","Civettictis civetta","All",0.8,"C",NA,"[9.7--10.5]",NA,"[8.9--14.2]",NA,"[0--10.5]",NA,"[11.8--24.2]",35
"Mammalia","Colobus angolensis","Male",4,"C",NA,"[18.6--18.8]",NA,"[13.5--19.1]",NA,"[0--23.7]",NA,"[23.7--44.4]",92
"Mammalia","Colobus angolensis","All",3.4,"C",NA,"[19.9--20.5]",NA,"[17.2--21.7]",NA,"[0--27.3]",NA,"[26.6--32]",219
"Mammalia","Colobus polykomos","Male",4.5,"C",NA,"[13.5--15.7]",NA,"[11.7--18.8]",NA,"[0--23.2]",NA,"[22.2--28.5]",59
"Mammalia","Dasypus novemcinctus","Female",1,"C",NA,"[5.8--5.9]",NA,"[3.5--7.1]",NA,"[0--12.4]",NA,"[8.9--19.8]",30
"Mammalia","Dasypus novemcinctus","All",1,"C",NA,"[5.9--6.1]",NA,"[4.6--8]",NA,"[0--9.5]",NA,"[9.4--16.6]",48
"Mammalia","Dasyurus geoffroii","Female",0.9,"C",NA,"[5--5.9]",NA,"[4.7--6.1]",NA,"[0--6]",NA,"[6.2--8.2]",126
"Mammalia","Dolichotis salinicola","Female",0.6,"C",NA,"[3.4--3.6]",NA,"[3--4.3]",NA,"[0--7.6]",NA,"[7.6--12.4]",149
"Mammalia","Elephas maximus","Male",11.6,"C",NA,"[37--37.7]",NA,"[36.1--54.6]",NA,"[0--38.7]",NA,"[40.2--79.1]",206
"Mammalia","Elephas maximus","All",5.8,"C",NA,"[48.4--48.7]",NA,"[46.6--51.2]",NA,"[0--51.6]",NA,"[52.6--63.6]",723
"Mammalia","Eulemur albifrons","Male",2.4,"C",NA,"[15.1--15.3]",NA,"[13.9--17]",NA,"[0--30.3]",NA,"[26.5--33.9]",277
"Mammalia","Eulemur rubriventer","Male",2.1,"C",NA,"[20.4--20.7]",NA,"[17.9--22.9]",NA,"[0--24.3]",NA,"[24.2--36.4]",131
"Mammalia","Eulemur rubriventer","Female",2.9,"C",NA,"[20.4--20.7]",NA,"[17.4--23.3]",NA,"[0--26.3]",NA,"[25.8--40]",111
"Mammalia","Eulemur rubriventer","All",2.1,"C",NA,"[20--20.2]",NA,"[18--21.6]",NA,"[0--24.3]",NA,"[24.7--31.4]",251
"Mammalia","Euphractus sexcinctus","Female",0.9,"C",NA,"[11.4--11.6]",NA,"[10--13.2]",NA,"[0--14.5]",NA,"[14.5--19.9]",94
"Mammalia","Gazella bennettii","Female",1.3,"C",NA,"[9.6--9.9]",NA,"[9.1--11.2]",NA,"[0--10.7]",NA,"[11.8--14.8]",137
"Mammalia","Genetta genetta","Female",2.1,"C",NA,"[14.3--14.7]",NA,"[12.6--15.4]",NA,"[0--18.2]",NA,"[17.1--19.8]",67
"Mammalia","Gorilla gorilla","Male",7.9,"C",NA,"[34.6--34.8]",NA,"[33.6--37]",NA,"[0--43.9]",NA,"[45.3--54.7]",464
"Mammalia","Halichoerus grypus","Male",3.7,"C",NA,"[15.5--17.5]",NA,"[10.6--18.5]",NA,"[0--24.4]",NA,"[23--40]",54
"Mammalia","Halichoerus grypus","All",3.7,"C",NA,"[20.9--21.6]",NA,"[17.5--26.1]",NA,"[0--41.6]",NA,"[39.8--67.6]",137
"Mammalia","Hapalemur alaotrensis","Female",2,"C",NA,"[10.4--11]",NA,"[8.7--12.1]",NA,"[0--17.4]",NA,"[16.7--23.5]",75
"Mammalia","Hemiechinus auritus","Female",0.5,"C",NA,"[4.7--4.8]",NA,"[4.1--5.2]",NA,"[0--7]",NA,"[6.6--8.6]",90
"Mammalia","Heterohyrax brucei","Male",1.9,"C",NA,"[7.1--7.2]",NA,"[5.5--8]",NA,"[0--11.4]",NA,"[10.8--18.1]",73
"Mammalia","Hydrictis maculicollis","All",2.3,"C",NA,"[14.1--16.9]",NA,"[10--17.1]",NA,"[0--19.3]",NA,"[18.5--33.2]",36
"Mammalia","Hylobates pileatus","Female",7,"C",NA,"[18.2--20.8]",NA,"[15.4--24.7]",NA,"[0--31.2]",NA,"[27--58.5]",39
"Mammalia","Hylobates pileatus","All",6,"C",NA,"[22.7--23.1]",NA,"[18.6--25.8]",NA,"[0--29]",NA,"[28.6--47.2]",97
"Mammalia","Isoodon macrourus","Female",0.3,"C",NA,"[4.2--4.3]",NA,"[2.9--5.3]",NA,"[0--7.3]",NA,"[6.5--13.2]",32
"Mammalia","Lagorchestes hirsutus","Male",0.5,"C",NA,"[5.7--5.9]",NA,"[4.8--7]",NA,"[0--14.7]",NA,"[11.8--18.5]",158
"Mammalia","Lagothrix lagothricha","Male",4.8,"C",NA,"[15.2--16.6]",NA,"[13.2--19.1]",NA,"[0--34.2]",NA,"[32.2--50.4]",74
"Mammalia","Lasiorhinus latifrons","Female",1.6,"C",NA,"[12.5--19.4]",NA,"[8.6--20.4]",NA,"[0--20.7]",NA,"[20.2--45.8]",31
"Mammalia","Lasiorhinus latifrons","All",1.6,"C",NA,"[15.3--20.2]",NA,"[14.2--21.8]",NA,"[0--23.2]",NA,"[22.9--28.2]",50
"Mammalia","Leopardus wiedii","Male",3,"C",NA,"[17.7--18.7]",NA,"[14.9--19.5]",NA,"[0--21.4]",NA,"[22.8--26.6]",79
"Mammalia","Lophocebus aterrimus","Female",4.7,"C",NA,"[24.4--25.8]",NA,"[19.6--27.8]",NA,"[0--31.4]",NA,"[29.4--37.8]",59
"Mammalia","Loxodonta africana","Female",8.4,"C",NA,"[27.7--30.5]",NA,"[25.3--35.6]",NA,"[0--33]",NA,"[32.5--67.2]",71
"Mammalia","Macaca arctoides","Male",2.6,"C",NA,"[17.7--17.8]",NA,"[12.1--21]",NA,"[0--27.9]",NA,"[26.2--46.8]",70
"Mammalia","Macaca mulatta","Male",3.6,"C",NA,"[21.5--22.6]",NA,"[20--22.6]",NA,"[0--24.7]",NA,"[24.6--28.1]",397
"Mammalia","Macaca sylvanus","Male",3,"C",NA,"[13.8--14.1]",NA,"[12.6--15.8]",NA,"[0--22.3]",NA,"[22.1--26.7]",562
"Mammalia","Marmota vancouverensis","Female",2,"C",NA,"[9.3--10.1]",NA,"[9.2--10.5]",NA,"[0--10.8]",NA,"[10.7--12.1]",54
"Mammalia","Martes martes","Female",1.4,"C",NA,"[8.4--9.6]",NA,"[7.1--11.2]",NA,"[0--11.6]",NA,"[11.5--20.3]",43
"Mammalia","Mazama gouazoubira","Female",1.1,"C",NA,"[7.4--9.6]",NA,"[5.7--10.5]",NA,"[0--10.2]",NA,"[11--22.9]",32
"Mammalia","Mesembriomys gouldii","Female",0.2,"C",NA,"[4.2--4.6]",NA,"[3.2--6.1]",NA,"[10.2--10.6]",NA,"[7.7--14.5]",39
"Mammalia","Mesembriomys gouldii","All",0.2,"C",NA,"[4.6--5]",NA,"[4--6.3]",NA,"[0--10.6]",NA,"[8.3--14]",73
"Mammalia","Mico melanurus","Male",1.6,"C",NA,"[5.6--5.7]",NA,"[4.8--6.6]",NA,"[0--13.5]",NA,"[10.8--15.7]",123
"Mammalia","Mico melanurus","All",1.6,"C",NA,"[5.8--5.9]",NA,"[5.6--6.8]",NA,"[11.6--11.8]",NA,"[10.7--13.4]",240
"Mammalia","Microtus pennsylvanicus","Female",0.3,"C",NA,"[1--1.2]",NA,"[0.9--1.3]",NA,"[0--2]",NA,"[2.2--3.5]",121
"Mammalia","Moschus moschiferus","Female",1,"C",NA,"[5.6--6]",NA,"[4.4--7.5]",NA,"[0--16.2]",NA,"[14.2--22.7]",85
"Mammalia","Moschus moschiferus","All",1,"C",NA,"[5.7--6.2]",NA,"[5--6.9]",NA,"[0--15]",NA,"[13.6--18.9]",169
"Mammalia","Muntiacus muntjak","Male",1.4,"C",NA,"[9.4--9.7]",NA,"[8.1--10.3]",NA,"[0--17.1]",NA,"[15.8--20.8]",260
"Mammalia","Mustela eversmanii","Female",0.9,"C",NA,"[5.4--6.7]",NA,"[4.9--6.8]",NA,"[0--7.7]",NA,"[7.2--8.8]",71
"Mammalia","Mustela nivalis","Male",0.3,"C",NA,"[3.1--4.4]",NA,"[2.1--4.6]",NA,"[0--5.3]",NA,"[5--11]",33
"Mammalia","Mustela nivalis","Female",0.3,"C",NA,"[5.4--5.7]",NA,"[3.4--5.8]",NA,"[6.3--6.6]",NA,"[6.2--7.9]",38
"Mammalia","Myrmecophaga tridactyla","Male",2.3,"C",NA,"[17.1--17.4]",NA,"[15.7--18.4]",NA,"[0--21.3]",NA,"[20.8--23.7]",226
"Mammalia","Neovison vison","Female",0.9,"C",NA,"[4.7--5.2]",NA,"[3.7--7]",NA,"[0--10.2]",NA,"[9.3--19.2]",44
"Mammalia","Nomascus gabriellae","Female",5.7,"C",NA,"[26--26.2]",NA,"[24.3--33.5]",NA,"[0--31.5]",NA,"[30.9--47.1]",67
"Mammalia","Nomascus leucogenys","Male",6.6,"C",NA,"[29.3--29.6]",NA,"[23.9--33.9]",NA,"[0--32.2]",NA,"[36.8--80.2]",111
"Mammalia","Nomascus leucogenys","Female",7.2,"C",NA,"[30.3--30.5]",NA,"[28--35.5]",NA,"[0--34.4]",NA,"[33.7--48.5]",88
"Mammalia","Nomascus leucogenys","All",5.2,"C",NA,"[29.3--29.7]",NA,"[26.7--30.6]",NA,"[0--32.3]",NA,"[32.6--40.9]",215
"Mammalia","Nycticebus bengalensis","All",1.7,"C",NA,"[10.7--10.8]",NA,"[7.7--12.5]",NA,"[0--13.1]",NA,"[12.7--19.1]",34
"Mammalia","Orycteropus afer","Male",2.6,"C",NA,"[19.1--22.3]",NA,"[13.9--23.2]",NA,"[0--26.4]",NA,"[25.9--29.2]",55
"Mammalia","Orycteropus afer","Female",2.8,"C",NA,"[20.4--21]",NA,"[18.1--25.1]",NA,"[0--29.7]",NA,"[27.8--35.1]",92
"Mammalia","Otolemur monteiri","All",1.2,"C",NA,"[11.6--12.1]",NA,"[10.4--13.9]",NA,"[0--12.3]",NA,"[12.6--18.5]",71
"Mammalia","Ovis ammon","Male",2.3,"C",NA,"[5.4--8]",NA,"[4.6--8.8]",NA,"[0--9.3]",NA,"[8.7--21]",31
"Mammalia","Ovis ammon","Female",1.1,"C",NA,"[6--7.3]",NA,"[4.8--8.9]",NA,"[0--16.5]",NA,"[13.5--24.6]",47
"Mammalia","Ovis ammon","All",1.7,"C",NA,"[6--7.3]",NA,"[5.2--8.2]",NA,"[0--14.4]",NA,"[12.7--21.2]",79
"Mammalia","Pan paniscus","Male",6.7,"C",NA,"[31.3--32.4]",NA,"[30.6--35.1]",NA,"[0--35.6]",NA,"[35.3--41.7]",92
"Mammalia","Pan paniscus","All",8.2,"C",NA,"[35.6--35.7]",NA,"[34.4--40.4]",NA,"[0--39.5]",NA,"[39.7--50.5]",196
"Mammalia","Pan troglodytes","All",7.3,"C",NA,"[41.2--41.3]",NA,"[40.1--42.2]",NA,"[0--49.5]",NA,"[50.4--54.3]",2078
"Mammalia","Perameles bougainville","All",0.4,"C",NA,"[3.1--3.4]",NA,"[2.4--4.1]",NA,"[0--5.1]",NA,"[4.8--5.7]",51
"Mammalia","Petrogale lateralis","All",1.5,"C",NA,"[3.8--5.3]",NA,"[3.3--6.3]",NA,"[0--9.8]",NA,"[7.9--16.2]",35
"Mammalia","Petrogale penicillata","Male",1.5,"C",NA,"[5.7--5.8]",NA,"[5.2--6.7]",NA,"[0--9.6]",NA,"[9.2--13.4]",184
"Mammalia","Plecturocebus cupreus","Male",2.8,"C",NA,"[14.6--16.5]",NA,"[13.3--19.1]",NA,"[0--24.9]",NA,"[24.8--43.4]",115
"Mammalia","Plecturocebus donacophilus","Male",3.2,"C",NA,"[18.6--20.4]",NA,"[17.2--24.2]",NA,"[0--27]",NA,"[26.1--34.9]",63
"Mammalia","Pongo abelii","Female",8.8,"C",NA,"[34.2--34.8]",NA,"[30.1--36.8]",NA,"[0--46.8]",NA,"[49.8--75.8]",220
"Mammalia","Pongo abelii","All",8,"C",NA,"[31.3--31.5]",NA,"[29.2--33.3]",NA,"[0--44.2]",NA,"[46--58.1]",391
"Mammalia","Pongo pygmaeus","Male",7.4,"C",NA,"[31.6--31.9]",NA,"[28.4--32.8]",NA,"[0--39.3]",NA,"[38.9--46.2]",257
"Mammalia","Pongo pygmaeus","Female",8.3,"C",NA,"[37.5--38.5]",NA,"[34.2--39.9]",NA,"[0--44.6]",NA,"[45.6--55.7]",293
"Mammalia","Potos flavus","Male",1.3,"C",NA,"[21.9--22.1]",NA,"[19--25.2]",NA,"[0--26.9]",NA,"[26.5--44.8]",212
"Mammalia","Procyon cancrivorus","Male",1,"C",NA,"[7.3--7.9]",NA,"[5.3--10.1]",NA,"[0--12]",NA,"[11--25.9]",30
"Mammalia","Propithecus coquereli","Female",3.7,"C",NA,"[13.9--15.6]",NA,"[13.5--17.2]",NA,"[0--17.5]",NA,"[17.8--21.7]",41
"Mammalia","Pteronura brasiliensis","Female",3.1,"C",NA,"[13.1--13.2]",NA,"[11.2--13.8]",NA,"[0--14.5]",NA,"[14.3--17.1]",66
"Mammalia","Pteropus hypomelanus","Male",2.5,"C",NA,"[18.1--18.6]",NA,"[14.4--19.7]",NA,"[0--23.1]",NA,"[22--28.9]",72
"Mammalia","Pteropus livingstonii","Female",3.4,"C",NA,"[16.3--17.9]",NA,"[13.7--19.9]",NA,"[0--17.9]",NA,"[18.4--34.5]",45
"Mammalia","Pteropus vampyrus","Male",1,"C",NA,"[16.2--16.4]",NA,"[13.9--17.4]",NA,"[0--23]",NA,"[22.1--26.4]",244
"Mammalia","Pteropus vampyrus","All",1.7,"C",NA,"[15.3--15.6]",NA,"[13.9--16.6]",NA,"[0--22.7]",NA,"[21.8--24.9]",442
"Mammalia","Raphicerus campestris","Female",1.1,"C",NA,"[3.6--4.5]",NA,"[3.1--5]",NA,"[0--7.2]",NA,"[7.1--11.9]",66
"Mammalia","Rhombomys opimus","All",0.3,"C",NA,"[3.1--3.5]",NA,"[2.9--4.1]",NA,"[0--5.6]",NA,"[5.6--8.8]",55
"Mammalia","Rusa timorensis","Female",1.4,"C",NA,"[11.8--12.1]",NA,"[11--12.8]",NA,"[0--13.5]",NA,"[13.5--18.2]",451
"Mammalia","Rusa timorensis","All",1.4,"C",NA,"[11.5--11.6]",NA,"[10.4--12.2]",NA,"[0--13]",NA,"[14.5--21.2]",832
"Mammalia","Saguinus labiatus","Male",2.2,"C",NA,"[10.4--10.6]",NA,"[9--11.1]",NA,"[0--24.2]",NA,"[22.2--30.6]",369
"Mammalia","Saguinus mystax","Male",1.5,"C",NA,"[8.9--9.2]",NA,"[6.4--10.8]",NA,"[0--15.5]",NA,"[14.3--24.2]",48
"Mammalia","Sapajus apella","Female",3.3,"C",NA,"[24.2--24.3]",NA,"[22.1--25.2]",NA,"[0--33.2]",NA,"[38.4--52.2]",782
"Mammalia","Suncus etruscus","Female",0.2,"C",NA,"[1.6--1.7]",NA,"[1.4--1.9]",NA,"[0--3.3]",NA,"[2.8--3.9]",168
"Mammalia","Symphalangus syndactylus","Male",5.4,"C",NA,"[28.2--28.3]",NA,"[25.8--30.1]",NA,"[0--35.1]",NA,"[34.2--38.6]",299
"Mammalia","Symphalangus syndactylus","Female",5.7,"C",NA,"[26.9--27.7]",NA,"[24--29.3]",NA,"[0--36]",NA,"[35.8--43.8]",252
"Mammalia","Symphalangus syndactylus","All",4.8,"C",NA,"[29.9--30]",NA,"[27.6--32.3]",NA,"[0--44]",NA,"[43.7--51.7]",636
"Mammalia","Tapirus bairdii","Female",1.9,"C",NA,"[20.5--24.9]",NA,"[15.4--27.1]",NA,"[0--28.8]",NA,"[28.3--40.6]",35
"Mammalia","Tayassu pecari","Male",0.1,"C",NA,"[8.4--8.9]",NA,"[6.4--10.4]",NA,"[0--15]",NA,"[20.1--48.5]",206
"Mammalia","Tayassu pecari","All",0.1,"C",NA,"[7.7--7.9]",NA,"[6.5--9.9]",NA,"[0--16.6]",NA,"[16.6--35.4]",530
"Mammalia","Thylogale billardierii","Female",1.2,"C",NA,"[3.4--3.5]",NA,"[2.7--4.2]",NA,"[0--7]",NA,"[5.7--9.1]",47
"Mammalia","Tolypeutes matacus","Male",1,"C",NA,"[17--17.2]",NA,"[15.4--18.9]",NA,"[0--23.4]",NA,"[22.8--29.1]",293
"Mammalia","Trachypithecus cristatus","Female",2.6,"C",NA,"[13--13.6]",NA,"[12.1--16.2]",NA,"[0--25]",NA,"[24.3--35.4]",135
"Mammalia","Tragelaphus scriptus","Male",1.5,"C",NA,"[5.1--5.3]",NA,"[4.3--6]",NA,"[0--7.6]",NA,"[7.1--10]",73
"Mammalia","Vulpes cana","All",0.8,"C",NA,"[8.9--10.3]",NA,"[6--12]",NA,"[0--14.7]",NA,"[14.4--28.9]",45
"Aves","Accipiter gentilis","All",1.5,"C",NA,"[11.2--11.9]",NA,"[6.3--13.4]",NA,"[0--13.2]",NA,"[13.6--31.5]",43
"Aves","Aegolius funereus","Female",2.9,"C",NA,"[7.3--7.7]",NA,"[6.4--9]",NA,"[0--12.9]",NA,"[12.5--19]",69
"Aves","Aegypius monachus","Male",5,"C",NA,"[32.3--33.7]",NA,"[30.7--35.8]",NA,"[0--36.8]",NA,"[36.6--42.7]",94
"Aves","Aegypius monachus","Female",5,"C",NA,"[30.6--32.6]",NA,"[28.8--34.4]",NA,"[0--32.6]",NA,"[33.1--43.6]",99
"Aves","Aegypius monachus","All",5,"C",NA,"[30.3--30.4]",NA,"[28.9--33.4]",NA,"[0--32.3]",NA,"[32.9--43.3]",189
"Aves","Agapornis canus","Male",0.7,"C",NA,"[5.7--6.1]",NA,"[4.4--6.8]",NA,"[0--15.7]",NA,"[13.3--21.3]",116
"Aves","Agapornis fischeri","Male",0.8,"C",NA,"[6.9--7.4]",NA,"[5.8--7.7]",NA,"[0--16.1]",NA,"[16.6--22.9]",256
"Aves","Agapornis roseicollis","Female",0.7,"C",NA,"[6.6--6.8]",NA,"[6.3--8.2]",NA,"[0--12.2]",NA,"[13.2--20.4]",265
"Aves","Agapornis roseicollis","All",0.7,"C",NA,"[6.2--6.3]",NA,"[6.1--6.8]",NA,"[11.2--11.3]",NA,"[11.9--14.1]",1423
"Aves","Agapornis taranta","Male",1.3,"C",NA,"[7.4--9.6]",NA,"[5.8--9.8]",NA,"[0--11.5]",NA,"[10.9--19]",67
"Aves","Alcedo atthis","All",1,"C",NA,"[4.4--4.5]",NA,"[3.4--6.8]",NA,"[0--9.7]",NA,"[9.2--15.6]",37
"Aves","Alectoris graeca","All",0.9,"C",NA,"[3.5--3.7]",NA,"[3.2--4.3]",NA,"[0--9]",NA,"[8.8--12.3]",227
"Aves","Alopecoenas xanthonurus","Female",0,"C",NA,"[7.8--8.3]",NA,"[5.2--10.6]",NA,"[0--15.1]",NA,"[14.9--30.9]",72
"Aves","Amazilia amazilia","Female",1,"C",NA,"[3.4--3.5]",NA,"[2.8--4.3]",NA,"[0--7.8]",NA,"[6.6--10.7]",84
"Aves","Amazona aestiva","Male",2.5,"C",NA,"[23.6--24.1]",NA,"[21.5--26.4]",NA,"[0--29.7]",NA,"[30.3--38.2]",262
"Aves","Amazona aestiva","Female",2.5,"C",NA,"[18.4--19.2]",NA,"[16.1--20.3]",NA,"[0--26.4]",NA,"[28.8--43.5]",187
"Aves","Amazona autumnalis","All",4.5,"C",NA,"[19.4--19.5]",NA,"[16.1--21.3]",NA,"[0--27.1]",NA,"[26.5--40.5]",96
"Aves","Amazona leucocephala","Male",2,"C",NA,"[20.8--21.6]",NA,"[18.1--24.2]",NA,"[0--27.2]",NA,"[26.9--33.9]",201
"Aves","Amazona leucocephala","Female",2,"C",NA,"[15.8--16.2]",NA,"[14--20.8]",NA,"[0--29.3]",NA,"[30.5--66.3]",160
"Aves","Amazona leucocephala","All",2,"C",NA,"[20.6--20.9]",NA,"[17.8--23.4]",NA,"[0--29.3]",NA,"[30.3--63.1]",397
"Aves","Amazona viridigenalis","Female",4.1,"C",NA,"[20.2--22.6]",NA,"[16.8--25.2]",NA,"[0--28.3]",NA,"[27.2--43]",58
"Aves","Amazona viridigenalis","All",3.8,"C",NA,"[18.4--21.1]",NA,"[17.1--23.6]",NA,"[0--28.3]",NA,"[27.8--47.6]",149
"Aves","Amazonetta brasiliensis","Female",1.1,"C",NA,"[7.5--7.6]",NA,"[6.7--7.8]",NA,"[0--15]",NA,"[13.5--16.3]",568
"Aves","Amazonetta brasiliensis","All",0.9,"C",NA,"[8.5--8.6]",NA,"[7.5--8.3]",NA,"[0--11.6]",NA,"[12--13.3]",1420
"Aves","Anas georgica","Male",0.9,"C",NA,"[9.6--9.8]",NA,"[8.6--11.2]",NA,"[0--14.8]",NA,"[17.5--28]",258
"Aves","Anas poecilorhyncha","Female",0.9,"C",NA,"[6.3--6.4]",NA,"[6--7.2]",NA,"[0--16.8]",NA,"[13.5--17.2]",344
"Aves","Anastomus lamelligerus","Female",1.6,"C",NA,"[7.6--8.7]",NA,"[5.8--10.2]",NA,"[0--13.2]",NA,"[12.8--27.8]",54
"Aves","Anodorhynchus hyacinthinus","Male",5.9,"C",NA,"[26.1--26.3]",NA,"[24.6--27.6]",NA,"[0--30.2]",NA,"[30.4--35.1]",280
"Aves","Anodorhynchus hyacinthinus","Female",5.9,"C",NA,"[25.5--25.6]",NA,"[24.2--27.9]",NA,"[0--30.2]",NA,"[30.3--36.5]",255
"Aves","Anodorhynchus hyacinthinus","All",5.9,"C",NA,"[24.9--25]",NA,"[23.1--25.9]",NA,"[0--28.4]",NA,"[31.1--41.5]",533
"Aves","Anser albifrons","Male",3.9,"C",NA,"[17.2--17.5]",NA,"[14.7--18.6]",NA,"[0--21.2]",NA,"[21.4--25.1]",132
"Aves","Anser albifrons","Female",4.3,"C",NA,"[14.9--15.1]",NA,"[14.3--18.2]",NA,"[0--23.1]",NA,"[22.1--27.7]",141
"Aves","Anser albifrons","All",4.1,"C",NA,"[17.9--18]",NA,"[16--18.8]",NA,"[0--21.8]",NA,"[22.3--27.2]",314
"Aves","Anser brachyrhynchus","Male",3,"C",NA,"[10.5--11.1]",NA,"[8.6--14.9]",NA,"[0--20.6]",NA,"[20.2--37]",48
"Aves","Anser brachyrhynchus","Female",3,"C",NA,"[10.6--11.6]",NA,"[8.6--15.4]",NA,"[0--18.8]",NA,"[19.2--38.9]",46
"Aves","Anser fabalis","Male",3,"C",NA,"[13.3--15.7]",NA,"[12--17.5]",NA,"[0--19.8]",NA,"[18.3--25.3]",34
"Aves","Anser fabalis","Female",3,"C",NA,"[15.8--16.2]",NA,"[13--19.2]",NA,"[0--21.1]",NA,"[19.2--26.4]",35
"Aves","Anseranas semipalmata","Male",2.6,"C",NA,"[12.4--12.7]",NA,"[11--15.5]",NA,"[0--21.2]",NA,"[21--39.4]",179
"Aves","Aquila chrysaetos","Male",4,"C",NA,"[25.4--25.6]",NA,"[22.1--27.2]",NA,"[0--28.4]",NA,"[27.9--36.4]",124
"Aves","Aquila chrysaetos","All",4,"C",NA,"[24.4--25.2]",NA,"[20.4--29]",NA,"[0--25.4]",NA,"[30.7--65.7]",224
"Aves","Aquila nipalensis","Male",4,"C",NA,"[23.3--23.5]",NA,"[21.2--34.6]",NA,"[0--25.3]",NA,"[25.5--52.4]",69
"Aves","Aquila rapax","Female",4,"C",NA,"[20.4--25.3]",NA,"[16.6--25.4]",NA,"[0--25.3]",NA,"[24.8--48.7]",37
"Aves","Aquila rapax","All",4,"C",NA,"[25.4--25.7]",NA,"[22.4--31.4]",NA,"[0--27.3]",NA,"[28.3--51.1]",89
"Aves","Ara ararauna","Male",3.8,"C",NA,"[25.3--25.7]",NA,"[23.2--26]",NA,"[0--29]",NA,"[31.9--39.1]",992
"Aves","Ara ararauna","Female",2.7,"C",NA,"[23--23.1]",NA,"[21.2--23.5]",NA,"[0--28.2]",NA,"[30.1--35.4]",1021
"Aves","Ara ararauna","All",1.9,"C",NA,"[21.7--21.8]",NA,"[20.5--22]",NA,"[0--26.3]",NA,"[30.4--37]",2691
"Aves","Ara chloropterus","Male",5,"C",NA,"[27.2--27.4]",NA,"[25.7--28.8]",NA,"[0--31.2]",NA,"[31.7--39.5]",436
"Aves","Ara chloropterus","Female",5.9,"C",NA,"[28.7--29.2]",NA,"[27.7--33]",NA,"[0--41.5]",NA,"[40.9--49.7]",407
"Aves","Ara chloropterus","All",1.7,"C",NA,"[28.3--28.7]",NA,"[27.2--31]",NA,"[0--41.8]",NA,"[41.9--50.9]",1283
"Aves","Ara glaucogularis","Female",4.8,"C",NA,"[22.4--22.6]",NA,"[20.8--27.1]",NA,"[0--24.8]",NA,"[25--38]",159
"Aves","Ara macao","Male",4.1,"C",NA,"[25.3--25.4]",NA,"[23--26.8]",NA,"[0--28.4]",NA,"[35.8--51.9]",807
"Aves","Ara macao","All",3.3,"C",NA,"[23.5--23.6]",NA,"[22.1--23.9]",NA,"[0--27.5]",NA,"[31.9--37.5]",1984
"Aves","Ara militaris","Male",3.5,"C",NA,"[23.5--24]",NA,"[21.7--25.6]",NA,"[0--28.1]",NA,"[29.4--40.5]",423
"Aves","Ara militaris","Female",3.5,"C",NA,"[22.2--22.3]",NA,"[20.1--24]",NA,"[0--27.2]",NA,"[32.5--48.8]",416
"Aves","Ara militaris","All",2.9,"C",NA,"[22.4--23]",NA,"[21--23.4]",NA,"[0--26.7]",NA,"[28.2--34.8]",1053
"Aves","Ara rubrogenys","Male",3.4,"C",NA,"[23--23.3]",NA,"[19.7--24.8]",NA,"[0--27.2]",NA,"[27.6--37.1]",181
"Aves","Aratinga jandaya","Male",2,"C",NA,"[11.8--13.6]",NA,"[10.7--15.3]",NA,"[0--21.5]",NA,"[18.4--31.4]",83
"Aves","Aratinga jandaya","Female",1.9,"C",NA,"[9.8--10.4]",NA,"[8.4--12.2]",NA,"[0--15]",NA,"[14--21.7]",52
"Aves","Arborophila gingica","Male",0.8,"C",NA,"[6.5--6.8]",NA,"[4.5--7.8]",NA,"[0--9.3]",NA,"[9.3--19.3]",70
"Aves","Artamus leucorhynchus","Male",0.9,"C",NA,"[5.9--9]",NA,"[5.3--9.3]",NA,"[0--10.5]",NA,"[10.7--25.6]",95
"Aves","Artamus leucorhynchus","Female",0.9,"C",NA,"[7.4--9]",NA,"[6.4--10.2]",NA,"[0--11.5]",NA,"[12.9--28.7]",92
"Aves","Asio otus","Female",2,"C",NA,"[8.4--9.9]",NA,"[7.5--10.8]",NA,"[0--13]",NA,"[13.2--20.7]",58
"Aves","Aythya affinis","Male",1.1,"C",NA,"[9.9--10.1]",NA,"[9.1--12]",NA,"[0--15.8]",NA,"[15.3--17.3]",168
"Aves","Aythya australis","Male",1.8,"C",NA,"[12.7--13.5]",NA,"[11.4--14.2]",NA,"[0--19.8]",NA,"[18.5--24.2]",149
"Aves","Aythya novaeseelandiae","Female",1,"C",NA,"[9.1--9.4]",NA,"[7.9--11]",NA,"[0--16.3]",NA,"[15.7--20.3]",179
"Aves","Balearica pavonina","Female",4.6,"C",NA,"[17.1--17.5]",NA,"[15--20.7]",NA,"[0--30.2]",NA,"[28.7--43.4]",158
"Aves","Barnardius zonarius","Male",1,"C",NA,"[7.6--9.1]",NA,"[6.3--9.8]",NA,"[0--14.3]",NA,"[12.8--21.8]",64
"Aves","Bostrychia hagedash","Male",1.8,"C",NA,"[14.2--14.9]",NA,"[11.2--18.7]",NA,"[0--24.2]",NA,"[22.8--45.9]",105
"Aves","Branta bernicla","Female",2,"C",NA,"[11.6--11.8]",NA,"[8--14.2]",NA,"[0--16.8]",NA,"[15.9--34.7]",30
"Aves","Branta bernicla","All",2,"C",NA,"[11.7--12.5]",NA,"[8.7--13.7]",NA,"[0--15.8]",NA,"[15.6--34.2]",61
"Aves","Bubo africanus","All",1.1,"C",NA,"[20.1--20.4]",NA,"[16.9--22.5]",NA,"[0--24.4]",NA,"[24.3--35.9]",267
"Aves","Bubo virginianus","All",2,"C",NA,"[19.9--21]",NA,"[18.5--22.5]",NA,"[0--27.4]",NA,"[25.9--32]",178
"Aves","Bucorvus abyssinicus","Female",4.9,"C",NA,"[19--19.2]",NA,"[16.3--21.9]",NA,"[0--27]",NA,"[28.9--51.6]",102
"Aves","Bucorvus abyssinicus","All",4.9,"C",NA,"[21--21.1]",NA,"[19.6--24.2]",NA,"[0--28.3]",NA,"[29.4--44.8]",205
"Aves","Burhinus oedicnemus","Male",2.1,"C",NA,"[9.2--9.7]",NA,"[8.1--11.7]",NA,"[0--16.1]",NA,"[16.5--31.8]",112
"Aves","Buteo buteo","Female",2.5,"C",NA,"[23.7--24.3]",NA,"[19.3--26.3]",NA,"[0--26.9]",NA,"[27.5--36.7]",48
"Aves","Buteo jamaicensis","Female",2,"C",NA,"[17.7--20]",NA,"[16.3--21.5]",NA,"[0--21.4]",NA,"[20.8--27]",36
"Aves","Bycanistes bucinator","Male",1.4,"C",NA,"[13.5--14.3]",NA,"[10.6--16]",NA,"[0--22]",NA,"[22.8--45.8]",116
"Aves","Bycanistes bucinator","All",2.1,"C",NA,"[15.5--15.7]",NA,"[14.2--17]",NA,"[0--20.2]",NA,"[19.6--23.2]",228
"Aves","Cacatua alba","Male",2.6,"C",NA,"[25.5--26.5]",NA,"[22.4--27.4]",NA,"[0--30.1]",NA,"[29.2--39.7]",192
"Aves","Cacatua alba","Female",2.6,"C",NA,"[19.3--20.4]",NA,"[16.1--22.3]",NA,"[0--26.6]",NA,"[29.5--57.4]",150
"Aves","Cacatua alba","All",2.6,"C",NA,"[19.9--20.4]",NA,"[18.5--22]",NA,"[0--25.2]",NA,"[26--36.4]",423
"Aves","Cacatua citrinocristata","Female",3.7,"C",NA,"[15.6--17.3]",NA,"[14--19.2]",NA,"[0--26.2]",NA,"[24.1--36.8]",80
"Aves","Cacatua citrinocristata","All",3.7,"C",NA,"[17.6--18.1]",NA,"[16.1--20.4]",NA,"[0--26.2]",NA,"[26.8--43.6]",176
"Aves","Cacatua haematuropygia","All",5,"C",NA,"[19.8--20.4]",NA,"[15.2--21.3]",NA,"[0--27.3]",NA,"[27.7--45.7]",77
"Aves","Cacatua moluccensis","Male",3.3,"C",NA,"[23.6--23.7]",NA,"[20.7--27.6]",NA,"[0--31]",NA,"[37.1--76.1]",222
"Aves","Cacatua moluccensis","Female",3.3,"C",NA,"[17.1--17.6]",NA,"[14.7--19]",NA,"[0--26.2]",NA,"[27--41.5]",191
"Aves","Cacatua moluccensis","All",3.3,"C",NA,"[19.2--19.5]",NA,"[17.3--20.6]",NA,"[0--27.2]",NA,"[27.3--34.8]",483
"Aves","Cacicus cela","Female",1.1,"C",NA,"[8.2--8.5]",NA,"[5.9--10.1]",NA,"[0--11.1]",NA,"[11.4--27]",67
"Aves","Cacicus cela","All",1.1,"C",NA,"[8.2--8.3]",NA,"[5.7--8.6]",NA,"[0--9.4]",NA,"[9.5--20.1]",97
"Aves","Callocephalon fimbriatum","Male",3.5,"C",NA,"[15.9--16.9]",NA,"[11.7--17.9]",NA,"[0--17.8]",NA,"[17.6--25.6]",32
"Aves","Callocephalon fimbriatum","All",3.5,"C",NA,"[15.1--15.9]",NA,"[12.5--16.8]",NA,"[0--17.9]",NA,"[17.9--20.7]",62
"Aves","Calypte costae","Male",0.8,"C",NA,"[3.1--3.6]",NA,"[2.4--4.1]",NA,"[0--4.5]",NA,"[4.9--10.4]",41
"Aves","Campylorhynchus brunneicapillus","All",0.7,"C",NA,"[3.6--4]",NA,"[2.2--4.5]",NA,"[0--7.2]",NA,"[5.8--12.7]",30
"Aves","Carduelis carduelis","Female",1,"C",NA,"[2.9--3]",NA,"[2.5--3.5]",NA,"[0--5.7]",NA,"[4.6--7.4]",69
"Aves","Casuarius casuarius","Male",3.9,"C",NA,"[28.3--28.6]",NA,"[24.4--30.7]",NA,"[0--34.3]",NA,"[33.8--40.8]",143
"Aves","Casuarius casuarius","Female",3.9,"C",NA,"[19.6--20.4]",NA,"[17.5--23.4]",NA,"[0--33.1]",NA,"[33.3--57.1]",162
"Aves","Casuarius casuarius","All",3.9,"C",NA,"[21.5--22.1]",NA,"[19.6--24.1]",NA,"[0--29]",NA,"[29--35.4]",298
"Aves","Cathartes aura","Male",11,"C",NA,"[20.8--20.9]",NA,"[18.3--22.8]",NA,"[0--23.2]",NA,"[22.9--40.6]",59
"Aves","Cathartes aura","Female",11,"C",NA,"[19.8--20.8]",NA,"[18.6--25.3]",NA,"[0--25.4]",NA,"[25.4--48.8]",39
"Aves","Cathartes aura","All",11,"C",NA,"[19.4--19.8]",NA,"[18.5--20.8]",NA,"[0--22.1]",NA,"[22--26.6]",114
"Aves","Chalcopsitta duivenbodei","Male",4.8,"C",NA,"[14.3--14.8]",NA,"[9--16.8]",NA,"[0--14.8]",NA,"[16.4--37]",33
"Aves","Charadrius hiaticula","Male",1,"C",NA,"[4.2--4.4]",NA,"[2.8--4.8]",NA,"[0--6.8]",NA,"[5.5--10.3]",39
"Aves","Chloephaga melanoptera","Male",3.4,"C",NA,"[11.1--12.1]",NA,"[8.6--13.3]",NA,"[0--17.6]",NA,"[16.6--23.5]",69
"Aves","Chrysomus icterocephalus","All",0.8,"C",NA,"[8.9--9.1]",NA,"[6.5--10.6]",NA,"[0--15.7]",NA,"[16--32]",81
"Aves","Ciconia abdimii","Female",2.1,"C",NA,"[11.7--11.8]",NA,"[10.6--13.7]",NA,"[0--19.3]",NA,"[18.4--27.7]",297
"Aves","Ciconia boyciana","Male",3.9,"C",NA,"[19.3--20.3]",NA,"[14.6--21]",NA,"[0--24.3]",NA,"[23.5--37.9]",93
"Aves","Ciconia boyciana","Female",3.9,"C",NA,"[18.3--19]",NA,"[15.1--20.4]",NA,"[0--24.7]",NA,"[24.5--32.6]",95
"Aves","Cinnyricinclus leucogaster","Male",3.7,"C",NA,"[11.3--12.6]",NA,"[9.2--14.2]",NA,"[0--16.1]",NA,"[16.7--36.1]",78
"Aves","Cinnyricinclus leucogaster","Female",2.9,"C",NA,"[14--14.4]",NA,"[9.6--15]",NA,"[0--20.1]",NA,"[19.5--38]",102
"Aves","Cinnyricinclus leucogaster","All",3.3,"C",NA,"[12.5--12.6]",NA,"[9.8--13.2]",NA,"[15--15.1]",NA,"[14.7--16.3]",163
"Aves","Columba janthina","Male",0.7,"C",NA,"[9.9--10.8]",NA,"[7.9--12.3]",NA,"[0--15]",NA,"[14.2--26.7]",53
"Aves","Coracias garrulus","Male",2,"C",NA,"[6.9--7.8]",NA,"[6--8.6]",NA,"[11.1--11.2]",NA,"[10.4--13.8]",84
"Aves","Coragyps atratus","Male",8,"C",NA,"[18.1--20.7]",NA,"[14.9--24.8]",NA,"[0--22]",NA,"[23.5--53.4]",31
"Aves","Coragyps atratus","Female",8,"C",NA,"[24.3--24.5]",NA,"[17.2--27.2]",NA,"[0--27.4]",NA,"[27.3--64]",41
"Aves","Coragyps atratus","All",8,"C",NA,"[22--22.7]",NA,"[18.6--24.3]",NA,"[0--25.3]",NA,"[25--49.4]",102
"Aves","Corvus corax","Female",4.6,"C",NA,"[14.3--15.3]",NA,"[12--18]",NA,"[0--20.7]",NA,"[20.6--41.3]",73
"Aves","Corvus hawaiiensis","Male",2.9,"C",NA,"[18.8--19.4]",NA,"[18.3--22.6]",NA,"[0--24.5]",NA,"[23.5--29.8]",83
"Aves","Cossypha albicapilla","Male",1,"C",NA,"[8--8.3]",NA,"[6.4--10.9]",NA,"[0--15.3]",NA,"[14--30.3]",81
"Aves","Coua cristata","Male",0.9,"C",NA,"[8.2--9]",NA,"[6.8--11.6]",NA,"[0--15.1]",NA,"[15.7--37.4]",88
"Aves","Cyanoramphus auriceps","Male",0.9,"C",NA,"[5.3--6]",NA,"[4.6--7.4]",NA,"[0--11.3]",NA,"[11.4--19]",78
"Aves","Cygnus cygnus","Female",4,"C",NA,"[14.2--14.4]",NA,"[10.2--15.9]",NA,"[0--22.2]",NA,"[21.1--38.2]",73
"Aves","Cynanthus latirostris","All",1,"C",NA,"[3.1--3.7]",NA,"[2.7--4.7]",NA,"[0--6.8]",NA,"[6.4--12.7]",50
"Aves","Dendrocygna arcuata","Female",0.9,"C",NA,"[7.4--7.6]",NA,"[6.8--8.4]",NA,"[0--13.8]",NA,"[14.2--18.9]",287
"Aves","Dendrocygna guttata","Female",0.9,"C",NA,"[7.2--7.4]",NA,"[6.2--8.3]",NA,"[0--12.8]",NA,"[13.4--23.7]",208
"Aves","Dendrocygna guttata","All",0.9,"C",NA,"[6.9--7.2]",NA,"[6.4--7.8]",NA,"[0--12.8]",NA,"[14.7--21.8]",488
"Aves","Deroptyus accipitrinus","Male",4.6,"C",NA,"[14--15]",NA,"[11.7--17.7]",NA,"[0--22]",NA,"[21.8--34.9]",71
"Aves","Diopsittaca nobilis","Male",1.9,"C",NA,"[13--13.5]",NA,"[10.7--14.7]",NA,"[0--20.3]",NA,"[19.3--23.8]",167
"Aves","Ducula aenea","Male",0.7,"C",NA,"[6.9--7.2]",NA,"[5.6--8.6]",NA,"[0--18.8]",NA,"[15.7--26.9]",125
"Aves","Eclectus roratus","Male",2,"C",NA,"[13.8--14]",NA,"[12.4--14.6]",NA,"[21.7--21.8]",NA,"[24.5--36]",682
"Aves","Entomyzon cyanotis","Male",2,"C",NA,"[15.6--18.2]",NA,"[13.1--18.5]",NA,"[0--22.5]",NA,"[21.3--34.9]",151
"Aves","Entomyzon cyanotis","Female",2.2,"C",NA,"[11.9--12.4]",NA,"[10--13.8]",NA,"[0--16.9]",NA,"[16.9--25.7]",162
"Aves","Eolophus roseicapilla","Male",1.7,"C",NA,"[19.7--19.8]",NA,"[16.2--21.3]",NA,"[0--25.4]",NA,"[26.3--52]",391
"Aves","Estrilda astrild","Male",0.5,"C",NA,"[3.8--4]",NA,"[3.1--5.1]",NA,"[0--8.2]",NA,"[7--12.6]",53
"Aves","Eudyptes chrysolophus","Male",5,"C",NA,"[25.4--26.2]",NA,"[24.3--28.2]",NA,"[0--30]",NA,"[31--37.2]",131
"Aves","Eudyptes chrysolophus","Female",5.9,"C",NA,"[25.8--26.7]",NA,"[24.3--30.8]",NA,"[0--32.1]",NA,"[32--44.8]",116
"Aves","Eudyptes moseleyi","Female",5,"C",NA,"[23.9--24.9]",NA,"[17.9--25.9]",NA,"[0--27.4]",NA,"[27.2--47.1]",91
"Aves","Eudyptes moseleyi","All",4.1,"C",NA,"[24.9--25.8]",NA,"[21.6--27]",NA,"[0--31.4]",NA,"[31--37.4]",219
"Aves","Falcipennis falcipennis","Female",1,"C",NA,"[4--4.4]",NA,"[3.4--5.3]",NA,"[0--7.2]",NA,"[6.7--8.4]",93
"Aves","Falco biarmicus","Female",3.2,"C",NA,"[15.6--16.8]",NA,"[15.7--18.8]",NA,"[0--22.3]",NA,"[21.4--25.7]",144
"Aves","Falco cherrug","Female",1.8,"C",NA,"[16--16.9]",NA,"[14.8--17.9]",NA,"[0--23.3]",NA,"[20.9--25]",179
"Aves","Falco naumanni","Male",1,"C",NA,"[7.2--7.4]",NA,"[6.5--9.3]",NA,"[0--10.4]",NA,"[10.1--15.8]",50
"Aves","Falco naumanni","Female",1.5,"C",NA,"[13.3--13.5]",NA,"[8.6--15]",NA,"[0--16.7]",NA,"[16.5--32.8]",51
"Aves","Falco rusticolus","Female",2,"C",NA,"[14--14.1]",NA,"[9.3--15.9]",NA,"[0--16.8]",NA,"[16.4--30.1]",42
"Aves","Falco rusticolus","All",2,"C",NA,"[14.9--15]",NA,"[12--16.8]",NA,"[0--19.3]",NA,"[18.4--25.9]",90
"Aves","Falco vespertinus","All",1,"C",NA,"[5.6--6.1]",NA,"[5.4--10.6]",NA,"[0--13.2]",NA,"[15--33.7]",67
"Aves","Forpus coelestis","Male",1,"C",NA,"[5.5--6.6]",NA,"[4.6--6.9]",NA,"[0--9.3]",NA,"[8.9--13.6]",65
"Aves","Forpus passerinus","All",1,"C",NA,"[3.6--4]",NA,"[2.5--4.5]",NA,"[0--6.3]",NA,"[5.4--10.7]",33
"Aves","Fratercula arctica","Male",3,"C",NA,"[13.1--14]",NA,"[10.8--15.8]",NA,"[0--21.2]",NA,"[21.1--39.9]",116
"Aves","Fratercula arctica","Female",3,"C",NA,"[14.1--14.5]",NA,"[12.3--16.3]",NA,"[0--24.1]",NA,"[22.6--35]",124
"Aves","Fratercula arctica","All",3,"C",NA,"[11.9--12.1]",NA,"[10.9--13.4]",NA,"[0--18.2]",NA,"[19.3--27.9]",246
"Aves","Fratercula cirrhata","Male",3,"C",NA,"[15.7--16.1]",NA,"[12.2--18.2]",NA,"[0--25.1]",NA,"[25.5--48.2]",128
"Aves","Fratercula cirrhata","Female",2.9,"C",NA,"[16.7--17]",NA,"[15--18.7]",NA,"[0--25.1]",NA,"[22.9--27.9]",161
"Aves","Fulica atra","All",1,"C",NA,"[10.6--10.7]",NA,"[9.9--11.9]",NA,"[0--11.4]",NA,"[12.2--16.6]",110
"Aves","Gallicolumba rufigula","Female",0.9,"C",NA,"[3.4--3.8]",NA,"[3.1--4.9]",NA,"[0--8.8]",NA,"[8.4--16.7]",89
"Aves","Gallirallus australis","Male",1,"C",NA,"[6--7]",NA,"[5.2--9.9]",NA,"[0--12.8]",NA,"[12--19.6]",47
"Aves","Garrulax bicolor","Male",0.9,"C",NA,"[8.6--9.4]",NA,"[5.8--9.9]",NA,"[0--11.3]",NA,"[11.8--27.2]",103
"Aves","Garrulax bicolor","Female",0.9,"C",NA,"[6.5--6.6]",NA,"[4.4--7.6]",NA,"[0--11]",NA,"[10.4--23]",87
"Aves","Garrulax bicolor","All",0.9,"C",NA,"[6.1--6.2]",NA,"[4.9--7.3]",NA,"[0--10.1]",NA,"[9.9--14.1]",177
"Aves","Garrulax canorus","Female",0.9,"C",NA,"[7.1--7.2]",NA,"[5.7--9.8]",NA,"[0--12.3]",NA,"[13.1--29.4]",63
"Aves","Garrulax canorus","All",0.8,"C",NA,"[7.2--7.4]",NA,"[6.2--9]",NA,"[0--11.4]",NA,"[12.1--23.2]",117
"Aves","Geopelia humeralis","Male",0.6,"C",NA,"[6.9--7.2]",NA,"[6.1--8.6]",NA,"[0--12.6]",NA,"[12.2--19.8]",125
"Aves","Glaucidium brasilianum","Female",1,"C",NA,"[7.5--7.9]",NA,"[5.2--8.9]",NA,"[0--10.6]",NA,"[10.1--17.3]",32
"Aves","Goura cristata","Female",2.4,"C",NA,"[12.2--13]",NA,"[9.4--13.9]",NA,"[0--21.9]",NA,"[21.3--36.3]",120
"Aves","Goura sclaterii","Male",1.5,"C",NA,"[10.1--10.4]",NA,"[7.8--12.9]",NA,"[0--21.9]",NA,"[21.2--36.6]",94
"Aves","Goura sclaterii","Female",1.5,"C",NA,"[11.3--14.2]",NA,"[9.6--16.9]",NA,"[0--23.5]",NA,"[21.3--41.7]",82
"Aves","Goura sclaterii","All",1.5,"C",NA,"[10.4--10.7]",NA,"[8.6--12.3]",NA,"[0--21.9]",NA,"[20.7--35.8]",184
"Aves","Grus americana","Male",3.9,"C",NA,"[25.3--29]",NA,"[24.5--30.4]",NA,"[0--32.7]",NA,"[32.8--40.3]",97
"Aves","Grus antigone","Female",4.8,"C",NA,"[19.1--20.6]",NA,"[16.9--21.3]",NA,"[0--25]",NA,"[24.4--29.8]",172
"Aves","Grus grus","Male",5,"C",NA,"[19.9--21.8]",NA,"[15.9--24.7]",NA,"[0--25.3]",NA,"[26--65.1]",93
"Aves","Grus grus","All",5,"C",NA,"[21.4--21.8]",NA,"[18.4--23.4]",NA,"[0--32.3]",NA,"[32.6--52]",197
"Aves","Grus japonensis","Male",3.1,"C",NA,"[25.4--26.6]",NA,"[23.2--28.9]",NA,"[0--34.7]",NA,"[34.7--44.2]",382
"Aves","Grus monacha","Female",2.8,"C",NA,"[14.5--15.4]",NA,"[11.6--20.9]",NA,"[0--30.3]",NA,"[28.4--56]",54
"Aves","Grus rubicunda","Male",3.7,"C",NA,"[15.4--16.6]",NA,"[12--22.1]",NA,"[0--32]",NA,"[30.2--55.8]",41
"Aves","Grus rubicunda","Female",3.7,"C",NA,"[15.7--16.5]",NA,"[12--22.8]",NA,"[0--30.7]",NA,"[28.9--57.6]",33
"Aves","Grus rubicunda","All",3.7,"C",NA,"[16--16.6]",NA,"[12.9--20.2]",NA,"[0--32]",NA,"[30.9--52.6]",76
"Aves","Grus vipio","Male",4,"C",NA,"[17.4--17.9]",NA,"[15.7--20.5]",NA,"[0--33.2]",NA,"[36.5--56.9]",269
"Aves","Gypaetus barbatus","All",7.1,"C",NA,"[23.4--24.7]",NA,"[22.3--26.4]",NA,"[0--26.5]",NA,"[26.9--35.2]",111
"Aves","Gyps fulvus","Male",4.1,"C",NA,"[29.9--31.6]",NA,"[28.2--40.2]",NA,"[0--32.4]",NA,"[34.4--72.6]",214
"Aves","Gyps fulvus","All",4.6,"C",NA,"[28.8--28.9]",NA,"[27.5--32.2]",NA,"[0--29.9]",NA,"[31.9--46.4]",431
"Aves","Gyps rueppelli","Female",4.5,"C",NA,"[25.6--27.1]",NA,"[22.7--29.8]",NA,"[0--27.7]",NA,"[27.8--46.2]",77
"Aves","Gyps rueppelli","All",4.5,"C",NA,"[26.5--27.3]",NA,"[23.7--29.6]",NA,"[0--31.3]",NA,"[31.2--40.8]",165
"Aves","Haematopus ostralegus","Female",4,"C",NA,"[11.8--11.9]",NA,"[9.5--12.8]",NA,"[0--16.2]",NA,"[14.5--21.8]",54
"Aves","Haemorhous mexicanus","Male",1,"C",NA,"[6.8--7.4]",NA,"[5.8--10.1]",NA,"[0--14.3]",NA,"[14.5--29.7]",80
"Aves","Haemorhous mexicanus","Female",1,"C",NA,"[5.2--5.8]",NA,"[4.8--7.9]",NA,"[0--12.4]",NA,"[11.9--21.8]",90
"Aves","Haemorhous mexicanus","All",1,"C",NA,"[5.6--5.9]",NA,"[5.2--7.2]",NA,"[0--12.4]",NA,"[13.7--23]",203
"Aves","Haliaeetus albicilla","Male",6.8,"C",NA,"[26.4--26.9]",NA,"[23.1--29.3]",NA,"[0--28.5]",NA,"[29.1--42.6]",99
"Aves","Haliaeetus albicilla","Female",6,"C",NA,"[27.3--30.9]",NA,"[26--31.7]",NA,"[0--34.2]",NA,"[33.4--42.7]",107
"Aves","Haliaeetus leucocephalus","Male",6,"C",NA,"[24.4--25.1]",NA,"[21.9--26.8]",NA,"[0--28.3]",NA,"[28.3--36.9]",119
"Aves","Haliaeetus leucocephalus","All",6,"C",NA,"[22.9--23.6]",NA,"[22--25.2]",NA,"[0--25.9]",NA,"[26.8--32.9]",234
"Aves","Hypsipetes leucocephalus","Male",1.1,"C",NA,"[9--9.1]",NA,"[7--10.9]",NA,"[0--16.3]",NA,"[15.4--27.1]",74
"Aves","Hypsipetes leucocephalus","All",0.9,"C",NA,"[7.8--8.1]",NA,"[7.1--9.7]",NA,"[0--16.4]",NA,"[15.3--21.4]",157
"Aves","Icterus oberi","Female",1.2,"C",NA,"[6.3--6.5]",NA,"[5.2--8.4]",NA,"[0--13.9]",NA,"[11.8--20.6]",55
"Aves","Ixobrychus minutus","Male",1,"C",NA,"[3.5--3.6]",NA,"[2.9--4.7]",NA,"[0--8.3]",NA,"[6.7--10.9]",67
"Aves","Ixobrychus minutus","Female",0.8,"C",NA,"[3.2--3.4]",NA,"[2.8--4.5]",NA,"[0--9.4]",NA,"[8.1--14]",85
"Aves","Lagopus muta","Male",0.9,"C",NA,"[4.1--4.3]",NA,"[3.6--5.8]",NA,"[0--11.3]",NA,"[10.6--17.6]",82
"Aves","Lamprotornis purpureus","Female",2.1,"C",NA,"[9.1--9.4]",NA,"[7.5--10.3]",NA,"[0--12.9]",NA,"[13.1--21.7]",93
"Aves","Lanius ludovicianus","Male",1,"C",NA,"[9.8--9.9]",NA,"[7.4--11.9]",NA,"[0--13.1]",NA,"[13.4--20.1]",78
"Aves","Leptoptilos crumenifer","Male",4.4,"C",NA,"[15--15.3]",NA,"[13.8--17.5]",NA,"[0--22.6]",NA,"[24.1--37.3]",183
"Aves","Leptoptilos crumenifer","Female",5.4,"C",NA,"[11.7--12]",NA,"[10.9--13.5]",NA,"[0--17.7]",NA,"[18.2--26.7]",141
"Aves","Leptoptilos crumenifer","All",3.5,"C",NA,"[13.9--14.3]",NA,"[13.3--16.5]",NA,"[0--32.3]",NA,"[31.2--44.9]",433
"Aves","Leucogeranus leucogeranus","Male",4.4,"C",NA,"[20.2--20.4]",NA,"[14.1--22.4]",NA,"[0--27.3]",NA,"[26.5--59.8]",99
"Aves","Leucogeranus leucogeranus","Female",5,"C",NA,"[24.3--25.4]",NA,"[18.5--26.7]",NA,"[0--28.4]",NA,"[29.4--44.1]",78
"Aves","Leucogeranus leucogeranus","All",4.4,"C",NA,"[20.3--20.7]",NA,"[17.2--23.5]",NA,"[0--28.2]",NA,"[28.7--55.1]",181
"Aves","Lichenostomus melanops","All",1,"C",NA,"[4.2--4.6]",NA,"[3.3--5.6]",NA,"[0--7.5]",NA,"[6.5--13.6]",45
"Aves","Limosa limosa","All",2,"C",NA,"[5.3--5.7]",NA,"[4.3--7.5]",NA,"[0--11.3]",NA,"[9.3--18.4]",30
"Aves","Linaria cannabina","All",1,"C",NA,"[3.8--4.7]",NA,"[3.4--5.9]",NA,"[0--9.3]",NA,"[8.1--14.8]",48
"Aves","Liocichla ripponi","Male",0.8,"C",NA,"[10--10.1]",NA,"[8.2--12.1]",NA,"[0--14.1]",NA,"[12.3--19.6]",47
"Aves","Lonchura castaneothorax","Female",0.5,"C",NA,"[6.2--6.6]",NA,"[4.6--7.6]",NA,"[0--8.9]",NA,"[8.6--19]",86
"Aves","Lophonetta specularioides","Male",5.6,"C",NA,"[11.1--11.4]",NA,"[10.6--14.1]",NA,"[0--17.3]",NA,"[17.7--34.6]",85
"Aves","Lophonetta specularioides","Female",5.6,"C",NA,"[11.5--11.7]",NA,"[10.1--12.6]",NA,"[0--14.6]",NA,"[14.3--20.7]",72
"Aves","Lophotibis cristata","Male",1.5,"C",NA,"[9.3--9.4]",NA,"[6.2--10.5]",NA,"[0--13.3]",NA,"[12.8--25.6]",71
"Aves","Lorius garrulus","Male",2.9,"C",NA,"[10--10.9]",NA,"[8.3--12]",NA,"[0--19.3]",NA,"[18.9--30.6]",105
"Aves","Lorius lory","Male",2.9,"C",NA,"[8.5--9.3]",NA,"[7--10.3]",NA,"[0--17.3]",NA,"[15.3--25.6]",89
"Aves","Loxia curvirostra","Female",1,"C",NA,"[3.8--4]",NA,"[2.9--4.4]",NA,"[0--7]",NA,"[6.7--11]",73
"Aves","Mareca americana","Female",1.8,"C",NA,"[8--8.2]",NA,"[7.2--9.1]",NA,"[0--18.8]",NA,"[18.2--24.9]",289
"Aves","Megaloprepia magnifica","Male",0.9,"C",NA,"[7.4--8.3]",NA,"[5.5--8.3]",NA,"[0--12.2]",NA,"[10.9--20.3]",75
"Aves","Melanitta nigra","All",2,"C",NA,"[11.1--14.1]",NA,"[8.5--15.9]",NA,"[0--24.2]",NA,"[22.5--44.5]",51
"Aves","Merops bullockoides","Male",0.1,"C",NA,"[4.9--5.8]",NA,"[4--6.5]",NA,"[0--8.6]",NA,"[8.5--13.5]",129
"Aves","Merops nubicus","Female",1,"C",NA,"[7.9--8]",NA,"[6.3--9]",NA,"[12.2--12.3]",NA,"[11.6--16.9]",175
"Aves","Milvus migrans","Male",2.7,"C",NA,"[14.8--15.3]",NA,"[13.7--16.5]",NA,"[0--23.2]",NA,"[23--31.3]",319
"Aves","Milvus migrans","Female",2.8,"C",NA,"[18.2--18.5]",NA,"[16.7--19.7]",NA,"[0--24.3]",NA,"[24.1--30]",285
"Aves","Milvus milvus","Female",3,"C",NA,"[14--16.6]",NA,"[12.4--20.4]",NA,"[0--22.2]",NA,"[22.8--53.3]",51
"Aves","Milvus milvus","All",3,"C",NA,"[13.7--14]",NA,"[12--17.7]",NA,"[0--21.4]",NA,"[22.9--46.7]",100
"Aves","Motacilla alba","All",1,"C",NA,"[4--4.2]",NA,"[3--5.5]",NA,"[0--9.6]",NA,"[7.8--15.4]",53
"Aves","Musophaga rossae","Male",1.9,"C",NA,"[9--9.3]",NA,"[7.3--10.9]",NA,"[0--19.2]",NA,"[18.4--30]",117
"Aves","Mycteria ibis","Male",2.9,"C",NA,"[11.2--11.7]",NA,"[8.8--13.7]",NA,"[0--16.1]",NA,"[15.8--34.6]",130
"Aves","Mycteria ibis","Female",3.8,"C",NA,"[12.3--13.1]",NA,"[10.4--15]",NA,"[0--17.1]",NA,"[17--34]",80
"Aves","Neophema chrysostoma","Male",1,"C",NA,"[3.7--3.9]",NA,"[3--4.7]",NA,"[0--6.5]",NA,"[5.8--10.1]",45
"Aves","Neophron percnopterus","All",5,"C",NA,"[25.5--26.7]",NA,"[23.5--30.1]",NA,"[0--28.5]",NA,"[33.9--55.1]",192
"Aves","Nesoenas picturatus","Female",0.5,"C",NA,"[4.7--5]",NA,"[4--6.4]",NA,"[0--14.1]",NA,"[12.4--20]",119
"Aves","Nucifraga caryocatactes","All",1,"C",NA,"[3.2--3.4]",NA,"[2.8--4.7]",NA,"[0--9.4]",NA,"[7.7--15.4]",54
"Aves","Otidiphaps aruensis","Male",1.9,"C",NA,"[11.4--12]",NA,"[8.4--14.8]",NA,"[0--20.5]",NA,"[19.3--31.5]",59
"Aves","Otidiphaps aruensis","Female",1.9,"C",NA,"[8.6--9.6]",NA,"[7.3--11.6]",NA,"[0--16.1]",NA,"[16.1--31.5]",56
"Aves","Otidiphaps aruensis","All",1.9,"C",NA,"[9.4--9.6]",NA,"[7.6--10.6]",NA,"[0--18.3]",NA,"[15.9--28.5]",110
"Aves","Oxyura vittata","Female",1.1,"C",NA,"[6--6.3]",NA,"[5.3--7.2]",NA,"[0--12.8]",NA,"[11.2--17.9]",129
"Aves","Paradisaea raggiana","Female",4.2,"C",NA,"[16.2--16.3]",NA,"[11.4--19.8]",NA,"[0--21.1]",NA,"[21.4--47.1]",51
"Aves","Passerina ciris","All",1,"C",NA,"[1.9--2.1]",NA,"[1.8--2.7]",NA,"[0--4.3]",NA,"[3.8--6.4]",46
"Aves","Pelecanus occidentalis","All",1.5,"C",NA,"[8.4--9]",NA,"[5.7--9]",NA,"[0--12.2]",NA,"[11.9--25.1]",88
"Aves","Pelecanus onocrotalus","Female",2.9,"C",NA,"[19.6--19.8]",NA,"[17.8--21.5]",NA,"[0--27.6]",NA,"[35.7--58.4]",526
"Aves","Pelecanus onocrotalus","All",2,"C",NA,"[19.7--19.9]",NA,"[18.2--21.1]",NA,"[0--27]",NA,"[37.7--59.2]",1282
"Aves","Pelecanus rufescens","Male",2.7,"C",NA,"[14.8--15.1]",NA,"[12.8--17]",NA,"[0--19.7]",NA,"[20.1--41.8]",176
"Aves","Phoenicopterus chilensis","Male",2.1,"C",NA,"[36.3--36.9]",NA,"[34.8--37.2]",NA,"[0--38.7]",NA,"[41.3--46.8]",1917
"Aves","Phoenicopterus chilensis","All",2.8,"C",NA,"[33.7--34]",NA,"[32.5--34.7]",NA,"[0--35.8]",NA,"[43.9--53.1]",4550
"Aves","Phoenicopterus ruber","Male",2.8,"C",NA,"[30--30.1]",NA,"[28--30]",NA,"[0--35.3]",NA,"[38.9--43.9]",2405
"Aves","Pipile cumanensis","Male",2.4,"C",NA,"[12.8--13.5]",NA,"[10--14.7]",NA,"[0--17.1]",NA,"[16.7--22.8]",73
"Aves","Platalea alba","All",2.4,"C",NA,"[14.7--15.2]",NA,"[13.4--15.7]",NA,"[0--29.2]",NA,"[28.5--38]",736
"Aves","Platalea minor","All",1.9,"C",NA,"[11.4--11.9]",NA,"[10.4--12.9]",NA,"[0--13.4]",NA,"[13.5--17.8]",130
"Aves","Platycercus adscitus","Male",1.5,"C",NA,"[5.8--5.9]",NA,"[5.2--10.1]",NA,"[0--14.5]",NA,"[12.8--20.9]",41
"Aves","Platycercus adscitus","Female",1.5,"C",NA,"[6--12.4]",NA,"[6.4--14.3]",NA,"[0--19.5]",NA,"[16.4--35.3]",39
"Aves","Platycercus icterotis","Male",1,"C",NA,"[7--7.2]",NA,"[5.8--7.9]",NA,"[0--9.7]",NA,"[9.4--13.7]",59
"Aves","Platycercus icterotis","Female",1,"C",NA,"[4.9--5.1]",NA,"[3.7--6.3]",NA,"[0--10.1]",NA,"[8.9--15]",61
"Aves","Platycercus icterotis","All",1,"C",NA,"[5.5--5.8]",NA,"[4.7--6.4]",NA,"[0--8.6]",NA,"[8.3--10.5]",136
"Aves","Platycercus venustus","Male",1,"C",NA,"[6.6--6.8]",NA,"[5--8.4]",NA,"[0--10.8]",NA,"[9.7--20.8]",41
"Aves","Platycercus venustus","All",1,"C",NA,"[6.6--6.7]",NA,"[5.6--8.2]",NA,"[0--10.8]",NA,"[10.1--14.2]",83
"Aves","Ploceus cucullatus","Female",1.2,"C",NA,"[8.3--8.4]",NA,"[7.6--8.9]",NA,"[0--12.1]",NA,"[12.3--15.5]",611
"Aves","Polytelis anthopeplus","Male",0.9,"C",NA,"[10.4--13]",NA,"[8.5--13.7]",NA,"[0--16.6]",NA,"[16--30]",112
"Aves","Polytelis anthopeplus","Female",0.9,"C",NA,"[7--7.2]",NA,"[5.1--8.4]",NA,"[0--12.6]",NA,"[12.5--23.1]",86
"Aves","Primolius couloni","Male",3.6,"C",NA,"[17--19.5]",NA,"[15.3--21.1]",NA,"[0--19.5]",NA,"[19.2--32.9]",54
"Aves","Probosciger aterrimus","Male",7.5,"C",NA,"[20.1--21.3]",NA,"[17.6--25.4]",NA,"[0--25.4]",NA,"[24.8--42.2]",41
"Aves","Probosciger aterrimus","Female",7.5,"C",NA,"[19.5--20.8]",NA,"[18--22.7]",NA,"[0--23.6]",NA,"[23.6--30.5]",52
"Aves","Probosciger aterrimus","All",7.5,"C",NA,"[19.5--20.1]",NA,"[18.3--22.1]",NA,"[0--24.4]",NA,"[23.6--28.3]",93
"Aves","Psittacula cyanocephala","Male",0.8,"C",NA,"[9.5--9.9]",NA,"[8.9--13.4]",NA,"[0--19.1]",NA,"[19.3--37.3]",128
"Aves","Psittacula cyanocephala","Female",0.8,"C",NA,"[8.5--8.6]",NA,"[6.5--9.6]",NA,"[0--13.9]",NA,"[13.4--25.1]",108
"Aves","Psittacula cyanocephala","All",0.8,"C",NA,"[8.3--8.5]",NA,"[7.3--9.8]",NA,"[0--15.2]",NA,"[17.3--28.6]",299
"Aves","Psittacula derbiana","Male",1.9,"C",NA,"[9.6--9.7]",NA,"[7.5--11.1]",NA,"[0--14.2]",NA,"[13.8--26.1]",165
"Aves","Psittacula derbiana","Female",2,"C",NA,"[13.3--15.2]",NA,"[10.8--16.4]",NA,"[0--27.4]",NA,"[25.4--45.3]",160
"Aves","Psittacula eupatria","Female",2.2,"C",NA,"[12.8--13.1]",NA,"[10.6--16.8]",NA,"[0--21.2]",NA,"[20.4--44.5]",119
"Aves","Psittacula eupatria","All",2.2,"C",NA,"[13--13.7]",NA,"[11.9--16.1]",NA,"[0--20.2]",NA,"[21.5--42.2]",267
"Aves","Psittacula krameri","Female",0.9,"C",NA,"[11.9--12]",NA,"[10.3--13.7]",NA,"[0--21.9]",NA,"[24.2--41.6]",367
"Aves","Psittacula krameri","All",0.9,"C",NA,"[10.5--10.6]",NA,"[9.8--11.3]",NA,"[0--19.6]",NA,"[20.8--26.4]",1099
"Aves","Psittacus erithacus","Male",3.7,"C",NA,"[28.2--28.5]",NA,"[23.8--29.6]",NA,"[0--40.3]",NA,"[40.7--77.6]",573
"Aves","Psittacus erithacus","Female",6.1,"C",NA,"[24.8--24.9]",NA,"[23.1--27.2]",NA,"[0--30.9]",NA,"[32--43.2]",439
"Aves","Psophodes olivaceus","Male",0.8,"C",NA,"[7.2--8.5]",NA,"[6.4--13.3]",NA,"[0--19.4]",NA,"[17.7--38.8]",48
"Aves","Psophodes olivaceus","Female",0.8,"C",NA,"[4.9--6.5]",NA,"[4.3--7.9]",NA,"[0--12.8]",NA,"[10.4--22.4]",50
"Aves","Psophodes olivaceus","All",0.8,"C",NA,"[6.7--6.9]",NA,"[5.2--7.8]",NA,"[0--12]",NA,"[10.9--17.4]",94
"Aves","Pteroglossus beauharnaesii","Female",1.9,"C",NA,"[8--8.1]",NA,"[7.1--9.5]",NA,"[0--11.7]",NA,"[11.3--17]",66
"Aves","Pteroglossus beauharnaesii","All",2.4,"C",NA,"[8.3--8.8]",NA,"[7.9--9.7]",NA,"[0--11.4]",NA,"[11.5--15.6]",113
"Aves","Pulsatrix perspicillata","Male",1.9,"C",NA,"[27.4--30.7]",NA,"[23.7--30.5]",NA,"[0--31.9]",NA,"[31.8--46]",165
"Aves","Pulsatrix perspicillata","Female",2.5,"C",NA,"[21.2--22.3]",NA,"[19.1--23.6]",NA,"[0--27.8]",NA,"[27.1--34]",142
"Aves","Pulsatrix perspicillata","All",1.1,"C",NA,"[23.2--23.3]",NA,"[20.5--24.3]",NA,"[0--27.4]",NA,"[28.2--34.9]",352
"Aves","Purpureicephalus spurius","All",1,"C",NA,"[7.1--7.8]",NA,"[5.2--8.4]",NA,"[0--11.3]",NA,"[9.8--19.5]",47
"Aves","Pycnonotus barbatus","Male",1,"C",NA,"[7.9--8.1]",NA,"[6.1--9.8]",NA,"[0--18.2]",NA,"[17.8--31.8]",91
"Aves","Pycnonotus leucotis","Male",0.7,"C",NA,"[8.7--8.9]",NA,"[5.9--9.8]",NA,"[0--13.2]",NA,"[13.2--25.3]",98
"Aves","Pycnonotus leucotis","All",0.7,"C",NA,"[6.9--7.1]",NA,"[4.9--7.8]",NA,"[0--10]",NA,"[9.8--16.8]",163
"Aves","Pygoscelis antarcticus","Female",4.1,"C",NA,"[31.6--32.2]",NA,"[29.6--34.1]",NA,"[0--37.7]",NA,"[37.2--42]",171
"Aves","Pyrrhura cruentata","Male",1.1,"C",NA,"[12.2--13]",NA,"[10--14.5]",NA,"[0--23.8]",NA,"[20.9--39.3]",139
"Aves","Pyrrhura cruentata","All",1.1,"C",NA,"[14.3--14.6]",NA,"[11.5--15.8]",NA,"[0--25.7]",NA,"[25.7--44.8]",300
"Aves","Recurvirostra americana","All",1,"C",NA,"[4.4--4.8]",NA,"[3.8--6.6]",NA,"[0--13.9]",NA,"[11.2--20.1]",58
"Aves","Rhabdotorrhinus corrugatus","Female",5.8,"C",NA,"[12.6--13.1]",NA,"[11--15.3]",NA,"[0--22.4]",NA,"[19.9--34.5]",53
"Aves","Rhabdotorrhinus corrugatus","All",5.8,"C",NA,"[13.1--13.3]",NA,"[12.1--15.2]",NA,"[21.7--22.2]",NA,"[20.7--31.4]",111
"Aves","Rupicola peruvianus","Male",1.4,"C",NA,"[8.1--8.7]",NA,"[6.5--10.4]",NA,"[0--13.7]",NA,"[14--30.7]",67
"Aves","Rupicola peruvianus","Female",3.1,"C",NA,"[6.9--7]",NA,"[5.9--8.1]",NA,"[0--11.7]",NA,"[10.2--16.1]",51
"Aves","Rupicola peruvianus","All",2.3,"C",NA,"[7.5--7.8]",NA,"[6.6--8.6]",NA,"[0--12.3]",NA,"[11.8--17.9]",116
"Aves","Sarcoramphus papa","Male",6.9,"C",NA,"[28.5--36.5]",NA,"[25.1--39.6]",NA,"[0--38.1]",NA,"[39.7--102.4]",106
"Aves","Sarcoramphus papa","Female",6.9,"C",NA,"[30.5--33.2]",NA,"[28.6--34.4]",NA,"[0--37.7]",NA,"[36.7--45.2]",108
"Aves","Sarcoramphus papa","All",6.9,"C",NA,"[28.2--29.1]",NA,"[26.5--31.8]",NA,"[0--35.3]",NA,"[35.3--46.3]",230
"Aves","Somateria fischeri","Female",2,"C",NA,"[5.7--6.3]",NA,"[5.1--8.3]",NA,"[0--14.8]",NA,"[12.9--23.1]",68
"Aves","Spatula rhynchotis","Female",1,"C",NA,"[7.2--7.5]",NA,"[6.7--8.9]",NA,"[0--15.3]",NA,"[14.6--20.9]",170
"Aves","Stagonopleura guttata","Female",0.4,"C",NA,"[3.1--3.5]",NA,"[2.6--4]",NA,"[5.9--6.7]",NA,"[5.9--9.5]",82
"Aves","Sterna hirundo","All",2.7,"C",NA,"[8.7--9.3]",NA,"[7.4--12.5]",NA,"[0--18.2]",NA,"[18.9--33.2]",48
"Aves","Streptopelia decaocto","Female",1,"C",NA,"[9.4--13.2]",NA,"[8.6--18.5]",NA,"[0--30.1]",NA,"[27.9--65]",39
"Aves","Strix aluco","Female",4.5,"C",NA,"[16.5--16.7]",NA,"[15.5--18.3]",NA,"[0--20.4]",NA,"[19.6--23.4]",80
"Aves","Strix uralensis","Male",1,"C",NA,"[17.3--17.4]",NA,"[15.8--18.6]",NA,"[0--21.4]",NA,"[21.3--25.5]",242
"Aves","Strix uralensis","Female",1.5,"C",NA,"[14.5--15.5]",NA,"[12.8--16.4]",NA,"[0--24.4]",NA,"[24.1--34.2]",207
"Aves","Sturnus roseus","Male",1,"C",NA,"[9.3--9.4]",NA,"[6.1--10.6]",NA,"[0--10.7]",NA,"[10.4--15.4]",30
"Aves","Sturnus roseus","All",1,"C",NA,"[9.1--9.3]",NA,"[7.2--10.5]",NA,"[0--12.3]",NA,"[12--19]",56
"Aves","Taeniopygia castanotis","Female",0.4,"C",NA,"[3.7--3.8]",NA,"[3.5--5.2]",NA,"[0--8]",NA,"[7.3--12.2]",81
"Aves","Tauraco persa","Male",1.4,"C",NA,"[10--10.4]",NA,"[7.9--11.5]",NA,"[15--15.1]",NA,"[14.2--19.4]",149
"Aves","Tauraco persa","Female",1.4,"C",NA,"[9.7--9.9]",NA,"[8.7--12.2]",NA,"[0--20]",NA,"[19.2--31]",156
"Aves","Tetrastes bonasia","Female",1,"C",NA,"[3.7--4.2]",NA,"[3--4.8]",NA,"[0--6.2]",NA,"[5.9--10.6]",59
"Aves","Tetrax tetrax","Female",0.9,"C",NA,"[10.2--11.2]",NA,"[8--13.1]",NA,"[0--15.9]",NA,"[16.8--38.9]",83
"Aves","Theristicus melanopis","Female",2.1,"C",NA,"[12.3--13.7]",NA,"[10.9--14.5]",NA,"[0--16.2]",NA,"[15.7--23.2]",108
"Aves","Theristicus melanopis","All",1,"C",NA,"[13.9--14.1]",NA,"[11.5--14.4]",NA,"[0--16.2]",NA,"[16.6--19.6]",361
"Aves","Threskiornis melanocephalus","Male",1.3,"C",NA,"[17.7--17.8]",NA,"[15.1--20.1]",NA,"[0--22.2]",NA,"[21.8--28.1]",116
"Aves","Threskiornis spinicollis","Female",10,"C",NA,"[22.3--22.6]",NA,"[18.8--24.8]",NA,"[0--26.7]",NA,"[26.9--50]",74
"Aves","Todiramphus sanctus","Female",1.8,"C",NA,"[6.7--6.9]",NA,"[4.9--8.1]",NA,"[0--12.1]",NA,"[10.1--17.6]",39
"Aves","Treron vernans","Male",0.9,"C",NA,"[5.4--5.7]",NA,"[3.9--6.5]",NA,"[0--9.6]",NA,"[10.4--18.2]",89
"Aves","Treron vernans","Female",0.9,"C",NA,"[4--4.1]",NA,"[3.1--5]",NA,"[0--7.7]",NA,"[6.7--12.6]",65
"Aves","Treron waalia","Male",0.7,"C",NA,"[4.7--5]",NA,"[3.1--5.5]",NA,"[0--7.7]",NA,"[7.7--16.1]",85
"Aves","Treron waalia","All",0.7,"C",NA,"[4.1--4.5]",NA,"[3.3--4.5]",NA,"[0--7]",NA,"[6.8--10.7]",169
"Aves","Trichoglossus forsteni","Male",1.3,"C",NA,"[8.4--8.5]",NA,"[7.6--10.6]",NA,"[0--12.5]",NA,"[13.1--26.5]",153
"Aves","Trichoglossus johnstoniae","Female",1.1,"C",NA,"[5.6--6.5]",NA,"[4.8--8.1]",NA,"[0--15.4]",NA,"[13.1--23.2]",76
"Aves","Turdus merula","All",1,"C",NA,"[5.9--7.5]",NA,"[4--8.3]",NA,"[0--8.6]",NA,"[8.7--15]",30
"Aves","Turdus philomelos","All",1,"C",NA,"[6.3--6.9]",NA,"[5.2--7.7]",NA,"[0--9]",NA,"[9.1--18.5]",78
"Aves","Turnix varius","Female",0.4,"C",NA,"[1.9--2.1]",NA,"[2--3.2]",NA,"[0--6.2]",NA,"[5.7--9.7]",108
"Aves","Turtur tympanistria","Male",0.6,"C",NA,"[7.3--7.4]",NA,"[4.8--8.6]",NA,"[0--11.5]",NA,"[11.8--25.9]",85
"Aves","Turtur tympanistria","Female",0.6,"C",NA,"[6.1--6.2]",NA,"[5.3--7.2]",NA,"[0--10.4]",NA,"[9--12.7]",66
"Aves","Uria aalge","Female",3.1,"C",NA,"[17.1--18.1]",NA,"[14.6--19.5]",NA,"[0--23.2]",NA,"[24.6--41.3]",106
"Aves","Uria aalge","All",3.1,"C",NA,"[18.8--20]",NA,"[16.8--21.8]",NA,"[0--23.2]",NA,"[24.4--50.3]",220
"Aves","Vanellus chilensis","Male",1.7,"C",NA,"[6.5--7]",NA,"[5.6--8]",NA,"[0--13.7]",NA,"[12.6--19.9]",92
"Aves","Vanellus miles","Male",1.9,"C",NA,"[7.6--7.8]",NA,"[6.7--8.9]",NA,"[0--14.5]",NA,"[13.7--19.1]",220
"Reptilia","Acrantophis madagascariensis","Male",2.4,"C",NA,"[18.2--19.3]",NA,"[15.2--24.1]",NA,"[0--27]",NA,"[28.1--68.7]",107
"Reptilia","Acrantophis madagascariensis","Female",2.4,"C",NA,"[18.9--19.3]",NA,"[15.7--24.1]",NA,"[0--25.9]",NA,"[28.9--57.1]",103
"Reptilia","Acrantophis madagascariensis","All",2.4,"C",NA,"[18.5--19]",NA,"[16.7--21.7]",NA,"[0--25.5]",NA,"[30.2--52.4]",242
"Reptilia","Agkistrodon piscivorus","Male",3,"C",NA,"[16.5--17.9]",NA,"[10.9--18.4]",NA,"[0--19.1]",NA,"[19--36.7]",33
"Reptilia","Agkistrodon piscivorus","All",3,"C",NA,"[11.1--11.7]",NA,"[9.7--14]",NA,"[0--16.6]",NA,"[17.4--31.7]",73
"Reptilia","Alligator sinensis","Female",6,"C",NA,"[24.7--26.7]",NA,"[21.8--31.9]",NA,"[0--39.1]",NA,"[41.1--79.9]",123
"Reptilia","Alligator sinensis","All",6,"C",NA,"[24.7--25.9]",NA,"[22.8--30.8]",NA,"[0--37]",NA,"[39.9--81.1]",198
"Reptilia","Anolis porcus","All",1.1,"C",NA,"[4.9--6.1]",NA,"[3.9--6.7]",NA,"[0--7.9]",NA,"[7.9--18.2]",84
"Reptilia","Brachylophus fasciatus","Female",1.8,"C",NA,"[7.6--8]",NA,"[6.5--9.5]",NA,"[0--13]",NA,"[13.1--24.8]",101
"Reptilia","Chelodina mccordi","Male",3.9,"C",NA,"[15.6--16.1]",NA,"[14.6--18]",NA,"[0--19.9]",NA,"[20.5--29.4]",143
"Reptilia","Chelonoidis carbonarius","All",1.9,"C",NA,"[21.2--21.3]",NA,"[20--23.4]",NA,"[0--22.5]",NA,"[29.3--43.8]",1291
"Reptilia","Chilabothrus angulifer","Male",4,"C",NA,"[19.6--19.7]",NA,"[15.2--22.6]",NA,"[0--26.3]",NA,"[30.8--66.4]",119
"Reptilia","Chilabothrus angulifer","Female",4.3,"C",NA,"[17.6--17.7]",NA,"[15--18.9]",NA,"[0--23.6]",NA,"[22.8--28.4]",165
"Reptilia","Chilabothrus angulifer","All",4,"C",NA,"[16.5--16.7]",NA,"[14.9--18]",NA,"[0--21.4]",NA,"[21.2--23.4]",329
"Reptilia","Clemmys guttata","Female",2.5,"C",NA,"[20.9--25.3]",NA,"[16.6--25.4]",NA,"[0--26.8]",NA,"[29--72.3]",162
"Reptilia","Clemmys guttata","All",2.5,"C",NA,"[14.8--14.9]",NA,"[12.3--16]",NA,"[0--22.7]",NA,"[26.1--46.7]",446
"Reptilia","Correlophus ciliatus","Male",0.8,"C",NA,"[11--11.2]",NA,"[9.4--13.4]",NA,"[0--16.2]",NA,"[17--33.8]",179
"Reptilia","Corucia zebrata","Male",2.7,"C",NA,"[22--22.6]",NA,"[19.5--23.8]",NA,"[0--25.7]",NA,"[26.1--30.3]",286
"Reptilia","Corucia zebrata","All",2.1,"C",NA,"[15--15.1]",NA,"[13.9--16.7]",NA,"[0--23.8]",NA,"[24.5--43.6]",835
"Reptilia","Cuora amboinensis","Male",3.3,"C",NA,"[17.7--19.6]",NA,"[16.4--24.5]",NA,"[0--19.8]",NA,"[20.5--40.2]",78
"Reptilia","Cuora amboinensis","All",3.3,"C",NA,"[17.7--20.2]",NA,"[16.7--20.3]",NA,"[0--21.7]",NA,"[21.5--24.8]",351
"Reptilia","Cyclura cornuta","All",3,"C",NA,"[15.9--16.4]",NA,"[14.4--18]",NA,"[0--25.2]",NA,"[25--28.9]",450
"Reptilia","Cyclura nubila","Male",2,"C",NA,"[19--19.9]",NA,"[15.5--24.3]",NA,"[0--23.1]",NA,"[23.1--51.3]",79
"Reptilia","Cyclura nubila","All",2,"C",NA,"[15.2--15.8]",NA,"[13.7--19]",NA,"[0--22]",NA,"[22.1--41.8]",201
"Reptilia","Epicrates maurus","Male",4.6,"C",NA,"[22.2--24.3]",NA,"[19.5--28.1]",NA,"[0--29.8]",NA,"[30.1--39.7]",66
"Reptilia","Epicrates maurus","Female",4.6,"C",NA,"[19.7--21.3]",NA,"[19--22.9]",NA,"[0--23.8]",NA,"[23.8--28]",56
"Reptilia","Eunectes murinus","Male",4.1,"C",NA,"[13.8--14.9]",NA,"[12.4--17.3]",NA,"[0--22.9]",NA,"[21.9--30]",113
"Reptilia","Gongylophis colubrinus","Male",2.8,"C",NA,"[15.5--15.9]",NA,"[13.1--19.5]",NA,"[0--22.2]",NA,"[25--53.9]",102
"Reptilia","Gopherus agassizii","All",15.1,"C",NA,"[26--26.4]",NA,"[21.8--33.7]",NA,"[0--27]",NA,"[27.6--65.8]",30
"Reptilia","Heloderma horridum","Female",2.9,"C",NA,"[23.6--23.7]",NA,"[20.1--25.3]",NA,"[0--31.1]",NA,"[32.8--47.7]",175
"Reptilia","Heloderma suspectum","Male",2.1,"C",NA,"[23.9--24.6]",NA,"[20.1--30.2]",NA,"[0--32.9]",NA,"[37--88.6]",163
"Reptilia","Heterodon nasicus","Male",2,"C",NA,"[13.7--14.2]",NA,"[11.6--15.2]",NA,"[0--18.2]",NA,"[17.3--21.3]",84
"Reptilia","Hydrosaurus pustulatus","Male",2.5,"C",NA,"[10.2--10.6]",NA,"[7.8--12.4]",NA,"[0--25.3]",NA,"[20.6--35.9]",80
"Reptilia","Lampropeltis getula","Female",3,"C",NA,"[12.4--13.8]",NA,"[10.8--14.4]",NA,"[0--16.5]",NA,"[15.7--24.2]",39
"Reptilia","Lampropeltis getula","All",3,"C",NA,"[12.5--13.7]",NA,"[11.9--13.7]",NA,"[0--15.4]",NA,"[15.1--17.6]",117
"Reptilia","Malacochersus tornieri","Female",3.3,"C",NA,"[19.4--19.7]",NA,"[16.4--21.6]",NA,"[0--25.3]",NA,"[28.2--53.2]",248
"Reptilia","Malacochersus tornieri","All",2.7,"C",NA,"[19.4--19.5]",NA,"[17.3--20.1]",NA,"[0--24.1]",NA,"[24.3--27.3]",739
"Reptilia","Naja pallida","Female",2.8,"C",NA,"[14.5--15.1]",NA,"[11.1--15.7]",NA,"[0--18.9]",NA,"[17.2--22.7]",54
"Reptilia","Natrix natrix","All",4,"C",NA,"[8.9--11]",NA,"[7.8--11.9]",NA,"[0--14.6]",NA,"[14.5--27.8]",38
"Reptilia","Nephrurus wheeleri","All",0.8,"C",NA,"[8.4--9]",NA,"[6.6--8.7]",NA,"[0--9.7]",NA,"[10.1--16]",139
"Reptilia","Osteolaemus tetraspis","Male",8.3,"C",NA,"[21.9--22.9]",NA,"[18.8--27.2]",NA,"[0--37]",NA,"[38.5--84.4]",73
"Reptilia","Osteolaemus tetraspis","All",8.3,"C",NA,"[18.9--20.1]",NA,"[17.8--21.3]",NA,"[0--25.8]",NA,"[28--45.8]",229
"Reptilia","Oxyuranus scutellatus","All",0.8,"C",NA,"[13.2--13.6]",NA,"[10.9--14.3]",NA,"[0--16.3]",NA,"[15.5--18.4]",55
"Reptilia","Paleosuchus palpebrosus","Male",10,"C",NA,"[18.9--19.7]",NA,"[17.7--23.6]",NA,"[0--25.8]",NA,"[25.8--48.2]",49
"Reptilia","Paleosuchus palpebrosus","Female",10,"C",NA,"[25.8--27.6]",NA,"[22.1--27.9]",NA,"[0--32.9]",NA,"[33.6--52.5]",79
"Reptilia","Paleosuchus palpebrosus","All",10,"C",NA,"[22.9--23.2]",NA,"[20.2--23.5]",NA,"[0--25.8]",NA,"[26.9--36]",165
"Reptilia","Petrosaurus thalassinus","Male",1.4,"C",NA,"[8--8.5]",NA,"[6.3--9.3]",NA,"[0--13.3]",NA,"[11.5--22.3]",81
"Reptilia","Python regius","Female",1.7,"C",NA,"[25.7--25.8]",NA,"[22.2--27.9]",NA,"[0--31.1]",NA,"[31.2--43]",290
"Reptilia","Python regius","All",1.7,"C",NA,"[28.2--28.4]",NA,"[24.1--28.6]",NA,"[0--40.2]",NA,"[40--50.8]",1022
"Reptilia","Sauromalus ater","Female",1,"C",NA,"[8.9--9.2]",NA,"[7.7--10.8]",NA,"[0--21.5]",NA,"[20.1--31]",170
"Reptilia","Sphenodon punctatus","All",12,"C",NA,"[29.7--30.8]",NA,"[28--32.8]",NA,"[0--32.4]",NA,"[32--40.6]",96
"Reptilia","Testudo hermanni","All",12.5,"C",NA,"[21.2--21.3]",NA,"[20.2--22.4]",NA,"[0--22.4]",NA,"[22.7--30]",253
"Reptilia","Testudo kleinmanni","All",1.1,"C",NA,"[11.8--11.9]",NA,"[10.5--13]",NA,"[0--19]",NA,"[25.3--39.7]",584
"Reptilia","Tiliqua scincoides","Male",1.1,"C",NA,"[20.2--21.7]",NA,"[17.9--22.4]",NA,"[0--28.1]",NA,"[26.8--31.6]",239
"Reptilia","Trachemys scripta","Male",4,"C",NA,"[20.7--21.1]",NA,"[18.3--23.6]",NA,"[0--27]",NA,"[29.1--49]",146
"Reptilia","Trachemys scripta","All",6,"C",NA,"[22.5--23.1]",NA,"[20.9--25.9]",NA,"[0--26.5]",NA,"[34--66.9]",413
"Reptilia","Tribolonotus gracilis","Male",1.4,"C",NA,"[7.3--8.3]",NA,"[6.1--11.1]",NA,"[0--18.3]",NA,"[16.8--31.2]",55
"Reptilia","Tribolonotus gracilis","Female",1.4,"C",NA,"[7.3--8.4]",NA,"[6.7--9.9]",NA,"[0--13.6]",NA,"[11.6--21.9]",60
"Reptilia","Uromastyx acanthinura","Male",4,"C",NA,"[10.4--12.9]",NA,"[9.3--15.4]",NA,"[0--17.7]",NA,"[16.6--27]",42
"Reptilia","Uromastyx acanthinura","Female",4,"C",NA,"[9.9--10.4]",NA,"[8.9--12.6]",NA,"[0--16.8]",NA,"[15.7--27]",45
"Reptilia","Uromastyx acanthinura","All",4,"C",NA,"[9.5--9.6]",NA,"[8.4--10.6]",NA,"[15.3--16]",NA,"[14.7--21.2]",127
"Reptilia","Varanus acanthurus","All",2.2,"C",NA,"[6.6--6.9]",NA,"[6.4--7.9]",NA,"[0--13.1]",NA,"[12.1--16.2]",213
"Reptilia","Varanus indicus","Male",1.4,"C",NA,"[8.9--9.6]",NA,"[7.7--12.2]",NA,"[0--15.9]",NA,"[14.3--24.2]",35
"Amphibia","Adelphobates galactonotus","Male",1.5,"C",NA,"[5--5.8]",NA,"[4.1--7.6]",NA,"[0--14.4]",NA,"[10.6--20]",41
"Amphibia","Andrias japonicus","Female",5,"C",NA,"[19.8--25.6]",NA,"[16.8--24.3]",NA,"[0--34.9]",NA,"[31.6--52.6]",42
"Amphibia","Mantella expectata","All",1,"C",NA,"[5.8--6.5]",NA,"[3.9--7.4]",NA,"[0--8.9]",NA,"[8.6--13.7]",40
"Amphibia","Oophaga pumilio","Male",0.4,"C",NA,"[6.3--7.6]",NA,"[5.1--8.6]",NA,"[0--8.9]",NA,"[9--19.8]",47
"Amphibia","Triprion spinosus","Male",4.2,"C",NA,"[11.9--12.1]",NA,"[9.2--14.5]",NA,"[0--15]",NA,"[16.2--35.7]",67
"Amphibia","Tylototriton verrucosus","All",4,"C",NA,"[8.2--8.5]",NA,"[7.7--9]",NA,"[0--10.1]",NA,"[9.6--10.9]",45
"Chondrichthyes","Potamotrygon motoro","Female",1.3,"C",NA,"[8.2--8.4]",NA,"[7.3--9.6]",NA,"[0--16.3]",NA,"[15.9--24.4]",206
"Osteichthyes","Cyprinus carpio","All",3,"C",NA,"[19.2--19.8]",NA,"[15.7--20.7]",NA,"[0--20.8]",NA,"[21.6--25]",108
